architecture,selected_prefix_count,mean_coverage,mean_hamming_risk,mean_exact_match_error,mean_brier_score,mean_log_loss
ecg_transformer,1,0.00046339202965708991,0,0,0.00027507801626839066,0.016121356803108552
ecg_transformer,2,0.00092678405931417981,0,0,0.0002855565727319849,0.016357206130009443
ecg_transformer,3,0.0013901760889712697,0,0,0.000294587182202675,0.016486505819428895
ecg_transformer,4,0.0018535681186283596,0,0,0.00029907470504683849,0.016569429321032419
ecg_transformer,5,0.0023169601482854493,0,0,0.00030080996254040884,0.016621380263147273
ecg_transformer,6,0.0027803521779425394,0,0,0.00030128208355294429,0.016657485017708525
ecg_transformer,7,0.0032437442075996296,0.0095238095238095247,0.047619047619047616,0.009368681064899834,0.051965914860789601
ecg_transformer,8,0.0037071362372567192,0.0083333333333333332,0.041666666666666664,0.0082404267509943018,0.047618669395564611
ecg_transformer,9,0.0041705282669138094,0.0074074074074074077,0.037037037037037035,0.0073623203891206588,0.044242121900614211
ecg_transformer,10,0.0046339202965708986,0.0066666666666666671,0.033333333333333333,0.0066601792664957825,0.041549485313207297
ecg_transformer,11,0.0050973123262279887,0.0060606060606060615,0.030303030303030304,0.006087922502311844,0.039360236354760492
ecg_transformer,12,0.0055607043558850789,0.016666666666666666,0.055555555555555552,0.016275420508502548,0.080783152784133283
ecg_transformer,13,0.0060240963855421699,0.015384615384615385,0.051282051282051287,0.015051257105153398,0.075920958298366828
ecg_transformer,14,0.0064874884151992591,0.014285714285714285,0.047619047619047616,0.013999425715672554,0.071743250246966872
ecg_transformer,15,0.0069508804448563484,0.013333333333333334,0.044444444444444446,0.013090568308173846,0.068141922021465406
ecg_transformer,16,0.0074142724745134385,0.012500000000000002,0.041666666666666664,0.012293414131689341,0.064981709904047127
ecg_transformer,17,0.0078776645041705277,0.011764705882352941,0.039215686274509803,0.011590279527476712,0.062196116368441627
ecg_transformer,18,0.0083410565338276187,0.011111111111111112,0.037037037037037035,0.010965806776905299,0.059724251366283475
ecg_transformer,19,0.008804448563484708,0.017543859649122806,0.052631578947368418,0.01723176089271606,0.087914270789773707
ecg_transformer,20,0.0092678405931417972,0.016666666666666666,0.05000000000000001,0.016387780713373989,0.084404818892611047
ecg_transformer,21,0.0097312326227988882,0.015873015873015876,0.047619047619047616,0.015624462093360145,0.081232837316843054
ecg_transformer,22,0.010194624652455977,0.015151515151515154,0.045454545454545449,0.014929779217962173,0.078344045316407651
ecg_transformer,23,0.010658016682113068,0.014492753623188406,0.043478260869565216,0.014296714479213676,0.075713426943237017
ecg_transformer,24,0.011121408711770158,0.013888888888888888,0.041666666666666664,0.013716462781280197,0.07330543543984662
ecg_transformer,25,0.011584800741427247,0.013333333333333334,0.040000000000000001,0.013183596571994865,0.071095208341662192
ecg_transformer,26,0.01204819277108434,0.012820512820512822,0.038461538461538464,0.012690352981580798,0.069047597311701001
ecg_transformer,27,0.012511584800741429,0.012345679012345678,0.037037037037037035,0.012234412881249634,0.067157591104403544
ecg_transformer,28,0.012974976830398518,0.011904761904761906,0.035714285714285712,0.011810654226073053,0.065401115489375758
ecg_transformer,29,0.013438368860055607,0.01149425287356322,0.034482758620689655,0.011417121727396956,0.063772027350740002
ecg_transformer,30,0.013901760889712697,0.011111111111111112,0.033333333333333333,0.011048565672250122,0.062245360646286059
ecg_transformer,31,0.014365152919369786,0.01075268817204301,0.032258064516129031,0.010704147679435049,0.060821205316049148
ecg_transformer,32,0.014828544949026877,0.014583333333333335,0.041666666666666664,0.014384190788536434,0.076601293711559784
ecg_transformer,33,0.015291936978683966,0.014141414141414142,0.040404040404040407,0.013959711478238428,0.074830117874482169
ecg_transformer,34,0.015755329008341055,0.013725490196078433,0.039215686274509803,0.01356103539050367,0.073168289697561298
ecg_transformer,35,0.016218721037998145,0.013333333333333334,0.038095238095238092,0.013184948032612316,0.071601653262667805
ecg_transformer,36,0.016682113067655237,0.012962962962962966,0.037037037037037035,0.012830144077205447,0.07012325830643025
ecg_transformer,37,0.017145505097312327,0.012612612612612614,0.036036036036036036,0.01249325700885298,0.068718694428153052
ecg_transformer,38,0.017608897126969416,0.012280701754385968,0.035087719298245612,0.012174658416293699,0.067392811682993839
ecg_transformer,39,0.018072289156626505,0.011965811965811967,0.034188034188034185,0.011872282512665741,0.066133988776262032
ecg_transformer,40,0.018535681186283594,0.011666666666666667,0.033333333333333333,0.011584733068916227,0.064936883675823787
ecg_transformer,41,0.018999073215940687,0.011382113821138212,0.032520325203252036,0.011311720969530986,0.063801027270648666
ecg_transformer,42,0.019462465245597776,0.011111111111111113,0.031746031746031744,0.01105152249091784,0.062719473271971207
ecg_transformer,43,0.019925857275254866,0.010852713178294573,0.031007751937984496,0.010803668050662947,0.061690252169125541
ecg_transformer,44,0.020389249304911955,0.010606060606060607,0.030303030303030304,0.010568060859068787,0.060713522882787134
ecg_transformer,45,0.020852641334569044,0.010370370370370372,0.029629629629629631,0.010342965210892074,0.059781544788080454
ecg_transformer,46,0.021316033364226137,0.010144927536231885,0.028985507246376812,0.010126873065258687,0.058885915124028236
ecg_transformer,47,0.021779425393883226,0.0099290780141843976,0.028368794326241134,0.0099201078883202204,0.058029101603516015
ecg_transformer,48,0.022242817423540315,0.0097222222222222241,0.027777777777777776,0.0097223162395200912,0.057211035112348492
ecg_transformer,49,0.022706209453197405,0.0095238095238095247,0.027210884353741496,0.0095324647906783189,0.056426014949590549
ecg_transformer,50,0.023169601482854494,0.0093333333333333341,0.026666666666666668,0.0093507031888399456,0.055674631171786393
ecg_transformer,51,0.023632993512511583,0.0091503267973856214,0.026143790849673203,0.0091755304794199893,0.054951554059610656
ecg_transformer,52,0.024096385542168679,0.0089743589743589754,0.025641025641025644,0.0090069546787722495,0.054255875427327266
ecg_transformer,53,0.024559777571825769,0.0088050314465408803,0.025157232704402514,0.0088453598805587914,0.053589304675844045
ecg_transformer,54,0.025023169601482858,0.0086419753086419762,0.024691358024691357,0.0086899996561031565,0.052949277394078918
ecg_transformer,55,0.025486561631139947,0.0084848484848484857,0.024242424242424242,0.0085393067910133017,0.05232820757486293
ecg_transformer,56,0.025949953660797036,0.008333333333333335,0.023809523809523808,0.0083943963463671122,0.051732468434575081
ecg_transformer,57,0.026413345690454126,0.0093567251461988323,0.029239766081871343,0.009358586550096382,0.055308824350613163
ecg_transformer,58,0.026876737720111215,0.0091954022988505763,0.028735632183908049,0.0092049318799025011,0.054684641531080221
ecg_transformer,59,0.027340129749768304,0.011299435028248588,0.033898305084745763,0.011214517370582431,0.062795501469041365
ecg_transformer,60,0.027803521779425393,0.011111111111111113,0.033333333333333333,0.011035038525642719,0.062068264615112251
ecg_transformer,61,0.028266913809082483,0.01092896174863388,0.032786885245901641,0.010861200996395501,0.061364489947546917
ecg_transformer,62,0.028730305838739572,0.010752688172043013,0.032258064516129031,0.010693549322313506,0.060686906105445776
ecg_transformer,63,0.029193697868396665,0.010582010582010581,0.031746031746031744,0.01053144043328468,0.060032001086644173
ecg_transformer,64,0.029657089898053754,0.010416666666666666,0.03125,0.010374692187213574,0.059399397475617267
ecg_transformer,65,0.030120481927710843,0.010256410256410256,0.030769230769230771,0.010221767380684149,0.058781078052573064
ecg_transformer,66,0.030583873957367932,0.010101010101010102,0.030303030303030304,0.010073621026177428,0.058183242913710603
ecg_transformer,67,0.031047265987025022,0.009950248756218907,0.029850746268656716,0.009929770442933172,0.057603285955777357
ecg_transformer,68,0.031510658016682111,0.0098039215686274526,0.029411764705882349,0.0097908066563724052,0.05704434144886409
ecg_transformer,69,0.0319740500463392,0.0096618357487922718,0.028985507246376812,0.0096559142668442462,0.056501274720820636
ecg_transformer,70,0.032437442075996289,0.011428571428571429,0.033333333333333333,0.011351057170781735,0.063342639081951604
ecg_transformer,71,0.032900834105653386,0.011267605633802818,0.032863849765258218,0.01119797209276302,0.062727377133844395
ecg_transformer,72,0.033364226135310475,0.011111111111111113,0.032407407407407406,0.011049741593527458,0.062132650153328077
ecg_transformer,73,0.033827618164967564,0.010958904109589043,0.031963470319634701,0.010904746651392613,0.061549815021930417
ecg_transformer,74,0.034291010194624653,0.010810810810810811,0.031531531531531536,0.010763525426337231,0.060982395571135363
ecg_transformer,75,0.034754402224281743,0.01066666666666667,0.031111111111111114,0.010626586511429737,0.060433398413642869
ecg_transformer,76,0.035217794253938832,0.010526315789473687,0.030701754385964911,0.010493287798109001,0.05989955800246291
ecg_transformer,77,0.035681186283595921,0.010389610389610391,0.030303030303030304,0.010363240251780382,0.059378159163965417
ecg_transformer,78,0.03614457831325301,0.010256410256410258,0.029914529914529909,0.010236357541150135,0.058869719507988742
ecg_transformer,79,0.0366079703429101,0.010126582278481015,0.029535864978902954,0.01011299355646156,0.058376070072019524
ecg_transformer,80,0.037071362372567189,0.010000000000000002,0.029166666666666664,0.0099930353896225434,0.057896367695805688
ecg_transformer,81,0.037534754402224285,0.0098765432098765447,0.028806584362139915,0.0098751404494108897,0.057424238152790345
ecg_transformer,82,0.037998146431881374,0.0097560975609756115,0.028455284552845527,0.0097610896465278284,0.056968973422142764
ecg_transformer,83,0.038461538461538464,0.0096385542168674707,0.028112449799196786,0.0096501259145120848,0.056526775747634504
ecg_transformer,84,0.038924930491195553,0.011111111111111113,0.031746031746031744,0.011040199656739441,0.061758582213387057
ecg_transformer,85,0.039388322520852642,0.010980392156862745,0.031372549019607843,0.010916181087475191,0.061268251280618351
ecg_transformer,86,0.039851714550509731,0.010852713178294573,0.031007751937984496,0.010795092928733775,0.060789494400688281
ecg_transformer,87,0.040315106580166821,0.010727969348659003,0.030651340996168581,0.010676460850885146,0.060320522913035156
ecg_transformer,88,0.04077849860982391,0.010606060606060607,0.030303030303030304,0.010560964379368126,0.059865050633731078
ecg_transformer,89,0.041241890639480999,0.010486891385767791,0.029962546816479401,0.010448127959650258,0.059419791876207217
ecg_transformer,90,0.041705282669138088,0.010370370370370372,0.029629629629629627,0.010338149614006819,0.058986484397183958
ecg_transformer,91,0.042168674698795178,0.010256410256410256,0.029304029304029301,0.010230125682840008,0.058560707768452465
ecg_transformer,92,0.042632066728452274,0.010144927536231885,0.028985507246376812,0.010124778754490742,0.058146563069252914
ecg_transformer,93,0.043095458758109363,0.010035842293906812,0.028673835125448032,0.010021168838017781,0.05773850145440626
ecg_transformer,94,0.043558850787766452,0.0099290780141843976,0.028368794326241134,0.0099199460070688913,0.057340493092074125
ecg_transformer,95,0.044022242817423542,0.011228070175438596,0.031578947368421054,0.011138765843856806,0.061807162473779563
ecg_transformer,96,0.044485634847080631,0.011111111111111112,0.031250000000000007,0.01102847461927693,0.061377851815464957
ecg_transformer,97,0.04494902687673772,0.010996563573883162,0.030927835051546393,0.010920524210230667,0.060957375896824574
ecg_transformer,98,0.045412418906394809,0.0108843537414966,0.030612244897959186,0.010814261462569377,0.060543764926007652
ecg_transformer,99,0.045875810936051899,0.010774410774410775,0.0303030303030303,0.010710482251873458,0.060139503209924339
ecg_transformer,100,0.046339202965708988,0.012000000000000002,0.033333333333333333,0.011873667287053108,0.064601638809461792
ecg_transformer,101,0.046802594995366077,0.011881188118811883,0.033003300330033,0.011761092847423542,0.064164903292608211
ecg_transformer,102,0.047265987025023166,0.011764705882352941,0.032679738562091498,0.011651315888372168,0.063739560606107665
ecg_transformer,103,0.047729379054680256,0.012944983818770227,0.035598705501618123,0.012781774428545016,0.068322175841784419
ecg_transformer,104,0.048192771084337359,0.012820512820512822,0.035256410256410256,0.012663521836681547,0.067861731616087176
ecg_transformer,105,0.048656163113994434,0.0126984126984127,0.034920634920634921,0.012548639000606069,0.067415485302680087
ecg_transformer,106,0.049119555143651537,0.012578616352201257,0.034591194968553458,0.012435343694836983,0.0669750083304438
ecg_transformer,107,0.049582947173308613,0.012461059190031152,0.034267912772585667,0.012324596728738079,0.066544869629779194
ecg_transformer,108,0.050046339202965716,0.012345679012345678,0.033950617283950615,0.012215893480248825,0.066123414585699189
ecg_transformer,109,0.050509731232622791,0.012232415902140673,0.033639143730886854,0.0121090145752337,0.065708588135475934
ecg_transformer,110,0.050973123262279894,0.012121212121212121,0.033333333333333333,0.012004104633006121,0.065301373897939621
ecg_transformer,111,0.05143651529193697,0.012012012012012014,0.033033033033033031,0.01190086714771444,0.064901294858281458
ecg_transformer,112,0.051899907321594073,0.012500000000000002,0.035714285714285705,0.012338926163789855,0.066299546444925694
ecg_transformer,113,0.052363299351251148,0.012389380530973453,0.035398230088495575,0.01223446730652874,0.06589771823536146
ecg_transformer,114,0.052826691380908251,0.012280701754385967,0.035087719298245612,0.012131494906784134,0.065501116734974704
ecg_transformer,115,0.053290083410565341,0.012173913043478262,0.034782608695652174,0.012031278360574637,0.065115848270665522
ecg_transformer,116,0.05375347544022243,0.012068965517241381,0.034482758620689662,0.011932322331657424,0.064736290997910992
ecg_transformer,117,0.054216867469879519,0.011965811965811965,0.034188034188034185,0.011835097135480657,0.064363246798931087
ecg_transformer,118,0.054680259499536608,0.011864406779661017,0.033898305084745763,0.011739605972803773,0.063997272615479758
ecg_transformer,119,0.055143651529193698,0.011764705882352941,0.033613445378151259,0.011645824269988827,0.063637797512922645
ecg_transformer,120,0.055607043558850787,0.011666666666666667,0.033333333333333333,0.011553438226386901,0.063284539834356113
ecg_transformer,121,0.056070435588507876,0.011570247933884297,0.033057851239669422,0.011462717018231247,0.062937616080130238
ecg_transformer,122,0.056533827618164965,0.012568306010928962,0.035519125683060107,0.012424572335087708,0.06720198176681437
ecg_transformer,123,0.056997219647822055,0.012466124661246613,0.03523035230352304,0.012328814600198345,0.066831511347546668
ecg_transformer,124,0.057460611677479144,0.012365591397849464,0.034946236559139789,0.012234120998227556,0.0664650415273913
ecg_transformer,125,0.05792400370713624,0.012266666666666669,0.034666666666666665,0.012140436988214792,0.066102028510074226
ecg_transformer,126,0.058387395736793329,0.01216931216931217,0.03439153439153439,0.012048901587977846,0.065748028164048553
ecg_transformer,127,0.058850787766450419,0.012073490813648294,0.034120734908136482,0.011959008212464581,0.065400145587368438
ecg_transformer,128,0.059314179796107508,0.011979166666666667,0.033854166666666664,0.011869687618351978,0.065054665350389049
ecg_transformer,129,0.059777571825764597,0.011886304909560724,0.033591731266149873,0.011782003001288481,0.064715512123772578
ecg_transformer,130,0.060240963855421686,0.011794871794871797,0.033333333333333333,0.011695601501784164,0.064381630549496263
ecg_transformer,131,0.060704355885078776,0.011704834605597965,0.033078880407124679,0.011611761658083017,0.064058285830380285
ecg_transformer,132,0.061167747914735865,0.012626262626262626,0.035353535353535352,0.012481431610158758,0.067333090908111695
ecg_transformer,133,0.061631139944392954,0.012531328320802004,0.035087719298245612,0.012392303007440604,0.066990725775201029
ecg_transformer,134,0.062094531974050043,0.012437810945273631,0.03482587064676617,0.012304133222383815,0.066651933834316404
ecg_transformer,135,0.062557924003707133,0.01234567901234568,0.034567901234567898,0.012217007907254551,0.066316195559461347
ecg_transformer,136,0.063021316033364222,0.012254901960784314,0.034313725490196074,0.012131617626151179,0.06598788156521096
ecg_transformer,137,0.063484708063021311,0.0121654501216545,0.034063260340632603,0.012047504044021244,0.065665180350019933
ecg_transformer,138,0.0639481000926784,0.012077294685990338,0.033816425120772944,0.011964812830628497,0.06534751907135139
ecg_transformer,139,0.06441149212233549,0.011990407673860911,0.033573141486810544,0.011883617379615663,0.065036104181524904
ecg_transformer,140,0.064874884151992579,0.011904761904761904,0.033333333333333333,0.011803434580733964,0.064728359484515344
ecg_transformer,141,0.065338276181649682,0.011820330969267141,0.03309692671394799,0.011724408811359338,0.064424530646478614
ecg_transformer,142,0.065801668211306771,0.011737089201877935,0.032863849765258211,0.01164586757251467,0.064123292800955065
ecg_transformer,143,0.066265060240963861,0.011655011655011654,0.032634032634032632,0.011569763990757549,0.063832076232125168
ecg_transformer,144,0.06672845227062095,0.012499999999999999,0.034722222222222217,0.012373030796682781,0.067021849904266864
ecg_transformer,145,0.067191844300278039,0.012413793103448277,0.034482758620689655,0.012292240976088669,0.066711557580564157
ecg_transformer,146,0.067655236329935128,0.01278538812785388,0.036529680365296802,0.012645255615398913,0.068064607394979687
ecg_transformer,147,0.068118628359592218,0.0126984126984127,0.036281179138321996,0.012563713320553484,0.067751866278214154
ecg_transformer,148,0.068582020389249307,0.013513513513513514,0.038288288288288293,0.013340026219326352,0.070798877880898933
ecg_transformer,149,0.069045412418906396,0.013422818791946308,0.03803131991051454,0.013254502289180917,0.070470809365035733
ecg_transformer,150,0.069508804448563485,0.013333333333333334,0.037777777777777778,0.013169829239106116,0.070146018879105612
ecg_transformer,151,0.069972196478220575,0.01368653421633554,0.039735099337748346,0.013494712599142734,0.071257518228179148
ecg_transformer,152,0.070435588507877664,0.013596491228070176,0.039473684210526321,0.013410327400083745,0.070935891270278967
ecg_transformer,153,0.070898980537534753,0.013507625272331155,0.039215686274509803,0.013327354566994824,0.070620333155289719
ecg_transformer,154,0.071362372567191842,0.014285714285714285,0.041125541125541121,0.014059271048574636,0.073329026579326315
ecg_transformer,155,0.071825764596848932,0.014193548387096773,0.040860215053763443,0.013972644163461582,0.073000037417902466
ecg_transformer,156,0.072289156626506021,0.014957264957264954,0.042735042735042729,0.014704158759090551,0.075938659852121893
ecg_transformer,157,0.07275254865616311,0.014861995753715497,0.042462845010615709,0.014615105221324138,0.075600237906371826
ecg_transformer,158,0.073215940685820199,0.014767932489451477,0.042194092827004225,0.014527188952428834,0.07526611060995636
ecg_transformer,159,0.073679332715477289,0.014675052410901467,0.041928721174004195,0.014439834970250524,0.074934878413983691
ecg_transformer,160,0.074142724745134378,0.014583333333333335,0.041666666666666664,0.014353872346237384,0.074608851103901211
ecg_transformer,161,0.074606116774791467,0.014492753623188406,0.041407867494824009,0.014269110802165537,0.074287248715521947
ecg_transformer,162,0.07506950880444857,0.014403292181069957,0.041152263374485597,0.014185025342115819,0.073968718006288681
ecg_transformer,163,0.07553290083410566,0.014723926380368096,0.042944785276073622,0.014481533494874852,0.074998170265336131
ecg_transformer,164,0.075996292863762749,0.014634146341463415,0.042682926829268296,0.014397828333556668,0.074681844448419188
ecg_transformer,165,0.076459684893419838,0.015353535353535354,0.044444444444444446,0.015077443174501303,0.07725387569053678
ecg_transformer,166,0.076923076923076927,0.015261044176706826,0.044176706827309231,0.014990809940753578,0.076926659815210963
ecg_transformer,167,0.077386468952734017,0.015169660678642718,0.043912175648702589,0.014905310248618228,0.076603923172910787
ecg_transformer,168,0.077849860982391106,0.01507936507936508,0.043650793650793655,0.014820472932061096,0.076283002370107045
ecg_transformer,169,0.078313253012048195,0.014990138067061143,0.043392504930966469,0.014736741744532678,0.075967093370136587
ecg_transformer,170,0.078776645041705284,0.014901960784313726,0.043137254901960791,0.014654067658103157,0.075655048639550596
ecg_transformer,171,0.079240037071362374,0.014814814814814814,0.042884990253411304,0.014572201590974004,0.075345983094283295
ecg_transformer,172,0.079703429101019463,0.014728682170542635,0.042635658914728682,0.014491536872838516,0.075042411702490694
ecg_transformer,173,0.080166821130676552,0.015414258188824664,0.046242774566473986,0.015138384452767112,0.077469975886516065
ecg_transformer,174,0.080630213160333641,0.01532567049808429,0.045977011494252873,0.015055690196270779,0.077159014754371855
ecg_transformer,175,0.081093605189990731,0.015238095238095238,0.045714285714285714,0.014973720198218103,0.076850389128024679
ecg_transformer,176,0.08155699721964782,0.015151515151515152,0.045454545454545449,0.014892919813639655,0.076546135787731881
ecg_transformer,177,0.082020389249304909,0.015065913370998116,0.04519774011299435,0.014812711415447882,0.076244557689118753
ecg_transformer,178,0.082483781278961998,0.015730337078651686,0.046816479400749067,0.01542786253771867,0.078417997809459253
ecg_transformer,179,0.082947173308619088,0.01564245810055866,0.046554934823091247,0.015345781225377645,0.078110640467509609
ecg_transformer,180,0.083410565338276177,0.015925925925925927,0.048148148148148141,0.01558349890357044,0.078765082671043693
ecg_transformer,181,0.08387395736793328,0.01583793738489871,0.047882136279926331,0.015501522121643218,0.078459552734013949
ecg_transformer,182,0.084337349397590355,0.015750915750915754,0.047619047619047616,0.015420197000499352,0.078156675220662705
ecg_transformer,183,0.084800741427247431,0.015664845173041897,0.04735883424408014,0.015339677662818824,0.07785733106398697
ecg_transformer,184,0.085264133456904548,0.015579710144927537,0.047101449275362327,0.015259778605579954,0.077559857807227295
ecg_transformer,185,0.085727525486561637,0.015855855855855857,0.048648648648648651,0.015520305248772107,0.078529329267807813
ecg_transformer,186,0.086190917516218726,0.015770609318996414,0.04838709677419354,0.015441087580097485,0.078235182144939783
ecg_transformer,187,0.086654309545875816,0.015686274509803921,0.04812834224598931,0.015362245306897985,0.07794309643084453
ecg_transformer,188,0.087117701575532905,0.015602836879432626,0.047872340425531908,0.015284617232465323,0.077655609633140568
ecg_transformer,189,0.087581093605189994,0.015520282186948856,0.047619047619047616,0.015207259863743647,0.07736907232888364
ecg_transformer,190,0.088044485634847083,0.015438596491228071,0.04736842105263158,0.015131835623295046,0.077090290739386017
ecg_transformer,191,0.088507877664504173,0.016055846422338569,0.048865619546247824,0.015716879446077612,0.079388239594643958
ecg_transformer,192,0.088971269694161262,0.015972222222222224,0.048611111111111105,0.015638597350546908,0.079097985449680205
ecg_transformer,193,0.089434661723818351,0.015889464594127808,0.048359240069084632,0.015561432837700576,0.078812249707983159
ecg_transformer,194,0.08989805375347544,0.015807560137457044,0.048109965635738827,0.015485115830911967,0.078529666074709722
ecg_transformer,195,0.09036144578313253,0.015726495726495728,0.04786324786324786,0.015409437916082241,0.078249626423062449
ecg_transformer,196,0.090824837812789619,0.015646258503401362,0.047619047619047623,0.015334628005190148,0.077972683434392773
ecg_transformer,197,0.091288229842446708,0.015566835871404399,0.047377326565143825,0.01526166667961556,0.077702674206099803
ecg_transformer,198,0.091751621872103797,0.015824915824915825,0.048821548821548821,0.01550228157295302,0.07856163120411333
ecg_transformer,199,0.092215013901760887,0.015745393634840871,0.048576214405360141,0.015427948345083745,0.078287013312056009
ecg_transformer,200,0.092678405931417976,0.015666666666666666,0.048333333333333339,0.015354837334320455,0.078017202393412755
ecg_transformer,201,0.093141797961075065,0.015588723051409618,0.04809286898839138,0.015282930676409318,0.077751567923515355
ecg_transformer,202,0.093605189990732154,0.016171617161716171,0.049504950495049514,0.015819755763505482,0.079606016238920774
ecg_transformer,203,0.094068582020389244,0.016091954022988506,0.04926108374384236,0.015745434573110683,0.079332648526958219
ecg_transformer,204,0.094531974050046333,0.01666666666666667,0.050653594771241837,0.016284352119151007,0.081378108193451329
ecg_transformer,205,0.094995366079703422,0.016585365853658537,0.050406504065040658,0.016208690724302064,0.081099628684868225
ecg_transformer,206,0.095458758109360511,0.016504854368932041,0.050161812297734622,0.016133841208831521,0.080824225478203712
ecg_transformer,207,0.095922150139017615,0.016425120772946864,0.049919484702093397,0.0160595549116677,0.080551068770986403
ecg_transformer,208,0.096385542168674718,0.016346153846153847,0.049679487179487176,0.015986212512656934,0.080281495796708069
ecg_transformer,209,0.096848934198331793,0.016905901116427435,0.051036682615629984,0.016491956016688,0.081940511216614845
ecg_transformer,210,0.097312326227988868,0.016825396825396827,0.050793650793650787,0.016417159783722952,0.081667483304289343
ecg_transformer,211,0.097775718257645972,0.016745655608214852,0.050552922590837289,0.0163446915722237,0.081402687196406934
ecg_transformer,212,0.098239110287303075,0.016981132075471698,0.051886792452830184,0.016566666326377742,0.082227166068331428
ecg_transformer,213,0.09870250231696015,0.017214397496087639,0.053208137715179966,0.016766641843019618,0.08280498604111787
ecg_transformer,214,0.099165894346617225,0.017757009345794394,0.054517133956386292,0.017275935960952293,0.084685580527063986
ecg_transformer,215,0.099629286376274329,0.017674418604651163,0.054263565891472874,0.017199838863343014,0.084407669892139381
ecg_transformer,216,0.10009267840593143,0.017592592592592594,0.054012345679012343,0.017123997942772393,0.084131827437680995
ecg_transformer,217,0.10055607043558851,0.017511520737327192,0.053763440860215055,0.017049155675452999,0.0838596398421107
ecg_transformer,218,0.10101946246524558,0.01743119266055046,0.053516819571865444,0.016974867222326717,0.083589373231056904
ecg_transformer,219,0.10148285449490269,0.017351598173515986,0.053272450532724502,0.016901113693730138,0.083321207690002855
ecg_transformer,220,0.10194624652455979,0.017272727272727273,0.053030303030303018,0.016827718508993745,0.08305432778906581
ecg_transformer,221,0.10240963855421686,0.017797888386123683,0.054298642533936653,0.017323358347462642,0.084912789967834121
ecg_transformer,222,0.10287303058387394,0.01831831831831832,0.055555555555555559,0.017817806827401274,0.086843928189922134
ecg_transformer,223,0.10333642261353104,0.018236173393124069,0.055306427503736925,0.017741846936305636,0.086567729250403583
ecg_transformer,224,0.10379981464318815,0.018750000000000003,0.056547619047619048,0.018219768706238388,0.088275586721096089
ecg_transformer,225,0.10426320667284522,0.018666666666666668,0.056296296296296296,0.018142668160498535,0.087995028680064868
ecg_transformer,226,0.1047265987025023,0.018879056047197643,0.057522123893805309,0.018337964716784023,0.088654554044646491
ecg_transformer,227,0.10518999073215941,0.018795888399412632,0.057268722466960353,0.018261524742867852,0.088377565095736854
ecg_transformer,228,0.1056533827618165,0.018713450292397665,0.057017543859649113,0.018185771192713796,0.088102526005803358
ecg_transformer,229,0.10611677479147359,0.018631732168850074,0.056768558951965066,0.018110269555408728,0.087829293379259307
ecg_transformer,230,0.10658016682113068,0.018550724637681162,0.056521739130434782,0.018035516664529506,0.087559009555959688
ecg_transformer,231,0.10704355885078777,0.018470418470418474,0.05627705627705628,0.017961673246674591,0.087293012570414011
ecg_transformer,232,0.10750695088044486,0.019252873563218396,0.058908045977011492,0.018696449363157203,0.090062322299850797
ecg_transformer,233,0.10797034291010195,0.019170243204577973,0.058655221745350504,0.018620536913425481,0.089788400154020467
ecg_transformer,234,0.10843373493975904,0.019088319088319091,0.05840455840455841,0.018544425079009292,0.089513219213704823
ecg_transformer,235,0.10889712696941613,0.019007092198581564,0.05815602836879432,0.018469004105591425,0.089241180425888453
ecg_transformer,236,0.10936051899907322,0.018926553672316389,0.057909604519774012,0.018394123651029371,0.088970788525046252
ecg_transformer,237,0.10982391102873031,0.019409282700421946,0.059071729957805907,0.018850251973992094,0.090737330915050693
ecg_transformer,238,0.1102873030583874,0.019327731092436979,0.058823529411764712,0.018774950543939916,0.090465624676544579
ecg_transformer,239,0.11075069508804448,0.019804741980474203,0.059972105997210597,0.019224928739000988,0.092170335799821132
ecg_transformer,240,0.11121408711770157,0.020000000000000004,0.061111111111111109,0.019410458049079864,0.092874301738752982
ecg_transformer,241,0.11167747914735866,0.019917012448132782,0.060857538035961271,0.019333914290655202,0.092598061619259042
ecg_transformer,242,0.11214087117701575,0.019834710743801654,0.060606060606060608,0.019258264627845634,0.092325316792508105
ecg_transformer,243,0.11260426320667284,0.020027434842249663,0.061728395061728399,0.019414255859950113,0.092726024797617268
ecg_transformer,244,0.11306765523632993,0.02049180327868853,0.062841530054644809,0.019842029303279822,0.094218186490199154
ecg_transformer,245,0.11353104726598702,0.020408163265306128,0.062585034013605434,0.019764767567024232,0.093940189640712726
ecg_transformer,246,0.11399443929564411,0.020867208672086721,0.063685636856368563,0.020179278217064531,0.095303025032812724
ecg_transformer,247,0.1144578313253012,0.021052631578947375,0.064777327935222673,0.020365273770368949,0.096231832684353091
ecg_transformer,248,0.11492122335495829,0.021505376344086027,0.065860215053763438,0.020799562947047049,0.098095547091463897
ecg_transformer,249,0.11538461538461538,0.021954484605087022,0.066934404283801874,0.021211539994928374,0.099508758431776367
ecg_transformer,250,0.11584800741427248,0.021866666666666673,0.066666666666666666,0.021130314280023359,0.099216248039340413
ecg_transformer,251,0.11631139944392958,0.022045152722443565,0.067729083665338641,0.021289380269542427,0.099711784477135454
ecg_transformer,252,0.11677479147358666,0.021957671957671964,0.067460317460317457,0.021208950622386275,0.099423000619926996
ecg_transformer,253,0.11723818350324373,0.021870882740447965,0.067193675889328064,0.021129016794795962,0.099135696446195729
ecg_transformer,254,0.11770157553290084,0.022309711286089245,0.068241469816272965,0.021525231304688253,0.10043394057706963
ecg_transformer,255,0.11816496756255794,0.022222222222222227,0.067973856209150321,0.02144433463776943,0.10014421399365502
ecg_transformer,256,0.11862835959221502,0.022135416666666671,0.067708333333333329,0.021363873092586794,0.099855813979756278
ecg_transformer,257,0.11909175162187209,0.022049286640726334,0.06744487678339818,0.021284214125051076,0.099570389782933963
ecg_transformer,258,0.11955514365152919,0.02196382428940569,0.067183462532299745,0.021206399585793526,0.099291537196384505
ecg_transformer,259,0.1200185356811863,0.021879021879021885,0.066924066924066924,0.021128618111559055,0.099013684233829169
ecg_transformer,260,0.12048192771084337,0.021794871794871801,0.066666666666666666,0.021051031194122018,0.098736421745143257
ecg_transformer,261,0.12094531974050045,0.021711366538952753,0.066411238825031929,0.0209740907706021,0.098461916078153591
ecg_transformer,262,0.12140871177015755,0.021628498727735378,0.066157760814249358,0.020897375121865205,0.098187645521584668
ecg_transformer,263,0.12187210379981465,0.021546261089987334,0.065906210392902412,0.020821475921154756,0.097916739611716028
ecg_transformer,264,0.12233549582947173,0.021464646464646474,0.065656565656565649,0.020746403493033392,0.097648546072345022
ecg_transformer,265,0.12279888785912881,0.021383647798742144,0.06540880503144654,0.020672430521843213,0.097385430135039128
ecg_transformer,266,0.12326227988878591,0.021303258145363418,0.065162907268170422,0.020598208803833503,0.097121393986493373
ecg_transformer,267,0.12372567191844301,0.021223470661672916,0.06491885143570536,0.020525072723803203,0.096861526963419722
ecg_transformer,268,0.12418906394810009,0.021144278606965178,0.064676616915422883,0.020452639344533074,0.096604423570995468
ecg_transformer,269,0.12465245597775716,0.021065675340768284,0.064436183395291211,0.020380247775415375,0.096347247568886962
ecg_transformer,270,0.12511584800741427,0.020987654320987661,0.064197530864197536,0.020308560741510929,0.09609273906365963
ecg_transformer,271,0.12557924003707135,0.02164821648216483,0.06519065190651907,0.020922266350640008,0.098312863842134834
ecg_transformer,272,0.12604263206672844,0.021568627450980399,0.064950980392156868,0.020849315188454426,0.098054668620137078
ecg_transformer,273,0.12650602409638553,0.021489621489621497,0.064713064713064719,0.020776738437923919,0.097797577243856293
ecg_transformer,274,0.12696941612604262,0.021897810218978107,0.065693430656934296,0.021157113407447071,0.099164963663496294
ecg_transformer,275,0.12743280815569971,0.021818181818181823,0.06545454545454546,0.021084810650716598,0.098908996642871519
ecg_transformer,276,0.1278962001853568,0.021739130434782612,0.065217391304347824,0.021012234924461012,0.098652766243499446
ecg_transformer,277,0.12835959221501389,0.021660649819494591,0.064981949458483748,0.020940732514124649,0.098400305513172845
ecg_transformer,278,0.12882298424467098,0.021582733812949645,0.064748201438848921,0.020869610104330204,0.098149137682471896
ecg_transformer,279,0.12928637627432807,0.021505376344086027,0.064516129032258063,0.020798284409714447,0.097896881267100874
ecg_transformer,280,0.12974976830398516,0.021904761904761913,0.065476190476190479,0.021157445935534907,0.099081189723114804
ecg_transformer,281,0.13021316033364227,0.021826809015421122,0.065243179122182679,0.021086251440568485,0.098830276006723686
ecg_transformer,282,0.13067655236329936,0.02174940898345154,0.065011820330969264,0.021015190711852694,0.098579886197999067
ecg_transformer,283,0.13113994439295645,0.02167255594817433,0.064782096584216728,0.020944510230325578,0.098331088351808926
ecg_transformer,284,0.13160333642261354,0.022065727699530524,0.065727699530516423,0.021317120116301391,0.099761141226766561
ecg_transformer,285,0.13206672845227063,0.022456140350877202,0.066666666666666666,0.021668536063300863,0.10090736745456781
ecg_transformer,286,0.13253012048192772,0.022377622377622388,0.066433566433566446,0.021596388401936419,0.10065329466951221
ecg_transformer,287,0.13299351251158481,0.022764227642276428,0.067363530778164926,0.021943712578739182,0.10177845733109041
ecg_transformer,288,0.1334569045412419,0.023611111111111121,0.069444444444444434,0.02272580092211968,0.10456603846007335
ecg_transformer,289,0.13392029657089899,0.023990772779700121,0.070357554786620521,0.02305945252192998,0.10563430037843265
ecg_transformer,290,0.13438368860055608,0.023908045977011502,0.070114942528735624,0.022984243012362526,0.10537089242502536
ecg_transformer,291,0.13484708063021317,0.023825887743413526,0.069873997709049243,0.022909108638027514,0.10510806925606948
ecg_transformer,292,0.13531047265987026,0.024200913242009143,0.070776255707762539,0.023267027970620201,0.10657478372092079
ecg_transformer,293,0.13577386468952735,0.024118316268486928,0.070534698521046643,0.023192086514069465,0.10631214331486766
ecg_transformer,294,0.13623725671918444,0.024036281179138332,0.07029478458049887,0.023117968581092538,0.10605217128984683
ecg_transformer,295,0.13670064874884152,0.023954802259887015,0.070056497175141244,0.023045036894718582,0.10579676185989824
ecg_transformer,296,0.13716404077849861,0.02387387387387388,0.069819819819819814,0.02297098716765714,0.10553781160210528
ecg_transformer,297,0.1376274328081557,0.024242424242424249,0.070707070707070704,0.023295443272429373,0.10654192647871759
ecg_transformer,298,0.13809082483781279,0.024161073825503365,0.070469798657718116,0.023222073256070116,0.10628642082572735
ecg_transformer,299,0.13855421686746988,0.024303232998885177,0.071348940914158304,0.02335845213990723,0.10681520463761807
ecg_transformer,300,0.13901760889712697,0.024222222222222232,0.071111111111111111,0.023284732512573725,0.10655846174440209
ecg_transformer,301,0.13948100092678406,0.024141749723145079,0.070874861572535988,0.023211136168958629,0.10630233318292205
ecg_transformer,302,0.13994439295644115,0.024061810154525395,0.070640176600441501,0.023138352766193266,0.10604910663264028
ecg_transformer,303,0.14040778498609824,0.023982398239823993,0.070407040704070403,0.023066005406057809,0.10579824157972612
ecg_transformer,304,0.14087117701575533,0.023903508771929833,0.070175438596491224,0.022994103094518586,0.10554886309267565
ecg_transformer,305,0.14133456904541242,0.023825136612021864,0.069945355191256831,0.022923469567361177,0.10530406222454526
ecg_transformer,306,0.14179796107506951,0.023747276688453167,0.069716775599128533,0.022853194222552008,0.10506087449328221
ecg_transformer,307,0.1422613531047266,0.023669923995656903,0.069489685124864267,0.022783788688433993,0.10481981522052487
ecg_transformer,308,0.14272474513438368,0.0235930735930736,0.069264069264069264,0.022714732860201037,0.10458053014235767
ecg_transformer,309,0.14318813716404077,0.023516720604099251,0.069039913700107883,0.022646030806469153,0.10434281678038554
ecg_transformer,310,0.14365152919369786,0.023870967741935492,0.069892473118279577,0.022967331395709032,0.10541066793733846
ecg_transformer,311,0.14411492122335495,0.023794212218649528,0.06966773847802786,0.022897135065769261,0.10516798085111807
ecg_transformer,312,0.14457831325301204,0.024145299145299153,0.070512820512820512,0.023231547111595637,0.10648723194873001
ecg_transformer,313,0.14504170528266913,0.024281150159744417,0.071352502662406822,0.023353917562933726,0.10687144593826851
ecg_transformer,314,0.14550509731232622,0.024203821656050964,0.071125265392781314,0.023283353058151223,0.10662722161683701
ecg_transformer,315,0.14596848934198331,0.024550264550264558,0.071957671957671956,0.023581172309282767,0.10750961634533236
ecg_transformer,316,0.1464318813716404,0.024472573839662452,0.071729957805907171,0.023510515704724632,0.10726634656896039
ecg_transformer,317,0.14689527340129749,0.024395373291272351,0.071503680336487907,0.023440356055611691,0.10702552472423114
ecg_transformer,318,0.14735866543095458,0.024318658280922442,0.071278825995807135,0.023371756104495725,0.10679035152235015
ecg_transformer,319,0.14782205746061167,0.024242424242424249,0.071055381400208992,0.023303119615254747,0.10655418728880413
ecg_transformer,320,0.14828544949026876,0.024166666666666673,0.070833333333333331,0.023234073192483495,0.10631690841170766
ecg_transformer,321,0.14874884151992585,0.024091381100726905,0.070612668743509868,0.023165477563281592,0.10608156482150999
ecg_transformer,322,0.14921223354958293,0.024637681159420301,0.071428571428571425,0.023658855493684735,0.10776576520922249
ecg_transformer,323,0.14967562557924002,0.02456140350877194,0.071207430340557279,0.02358941227963841,0.10752773535082487
ecg_transformer,324,0.15013901760889714,0.024485596707818941,0.07098765432098765,0.023520990130206986,0.10729361221863642
ecg_transformer,325,0.15060240963855423,0.024410256410256417,0.070769230769230765,0.023452783814254984,0.10706039864034515
ecg_transformer,326,0.15106580166821132,0.024539877300613504,0.071574642126789365,0.023567226737077614,0.10741233554470113
ecg_transformer,327,0.15152919369786841,0.024464831804281353,0.071355759429153925,0.023499226716519286,0.10717931538989421
ecg_transformer,328,0.1519925857275255,0.024390243902439032,0.071138211382113806,0.023432112792848458,0.10695068051305623
ecg_transformer,329,0.15245597775718259,0.024316109422492408,0.070921985815602842,0.023365384094189812,0.10672353396993263
ecg_transformer,330,0.15291936978683968,0.024242424242424246,0.070707070707070718,0.023298684047567353,0.10649644440394664
ecg_transformer,331,0.15338276181649677,0.024169184290030218,0.070493454179254789,0.023232857694785187,0.10627218754473523
ecg_transformer,332,0.15384615384615385,0.024096385542168679,0.070281124497991967,0.023166750107925765,0.10604657416244394
ecg_transformer,333,0.15430954587581094,0.024024024024024034,0.070070070070070059,0.023101661795914042,0.10582556682025364
ecg_transformer,334,0.15477293790546803,0.023952095808383242,0.069860279441117765,0.023036942584145917,0.10560563525096071
ecg_transformer,335,0.15523632993512512,0.02388059701492538,0.069651741293532327,0.022972481739866799,0.10538659512515314
ecg_transformer,336,0.15569972196478221,0.023809523809523819,0.069444444444444448,0.022908297620263775,0.1051684317498624
ecg_transformer,337,0.1561631139944393,0.023738872403560835,0.069238377843719098,0.022844528613952905,0.10495203709109595
ecg_transformer,338,0.15662650602409639,0.023668639053254444,0.069033530571992116,0.022781474470753339,0.10473841977606595
ecg_transformer,339,0.15708989805375348,0.023598820058997053,0.0688298918387414,0.02271784592171024,0.10452248291266912
ecg_transformer,340,0.15755329008341057,0.023529411764705885,0.068627450980392163,0.022656038503266914,0.10431383437491405
ecg_transformer,341,0.15801668211306766,0.023460410557184758,0.068426197458455532,0.022593971431018173,0.10410428951572599
ecg_transformer,342,0.15848007414272475,0.023781676413255366,0.069200779727095513,0.022898085265302261,0.10526614183048899
ecg_transformer,343,0.15894346617238184,0.023712342079689027,0.068999028182701649,0.022836837924146508,0.10505954448604306
ecg_transformer,344,0.15940685820203893,0.02383720930232559,0.069767441860465115,0.022959414619954124,0.10557393356356941
ecg_transformer,345,0.15987025023169602,0.023961352657004834,0.070531400966183572,0.023079221380863536,0.10603578839195593
ecg_transformer,346,0.1603336422613531,0.024277456647398849,0.071290944123314062,0.023349143964767616,0.10683703067417781
ecg_transformer,347,0.16079703429101019,0.024591738712776187,0.072046109510086456,0.023650724432258324,0.10821720130477926
ecg_transformer,348,0.16126042632066728,0.024521072796934874,0.071839080459770124,0.023587663298999594,0.10800394436525936
ecg_transformer,349,0.16172381835032437,0.024450811843361994,0.07163323782234958,0.023523978687601713,0.10778792020022281
ecg_transformer,350,0.16218721037998146,0.024380952380952389,0.071428571428571425,0.023461548584434916,0.10757596736122234
ecg_transformer,351,0.16265060240963855,0.024311490978157654,0.071225071225071226,0.023399852495148036,0.10736735913563215
ecg_transformer,352,0.16311399443929564,0.024242424242424249,0.071022727272727279,0.023338345092747001,0.10716005504538774
ecg_transformer,353,0.16357738646895273,0.02417374881964118,0.070821529745042494,0.023276653249925238,0.10695151055651618
ecg_transformer,354,0.16404077849860982,0.024293785310734468,0.071563088512241066,0.023376746195098969,0.10722737570372119
ecg_transformer,355,0.16450417052826691,0.024600938967136155,0.072300469483568067,0.023632565606646158,0.10795499293188582
ecg_transformer,356,0.164967562557924,0.024531835205992517,0.072097378277153568,0.023571226098690418,0.1077489521450387
ecg_transformer,357,0.16543095458758109,0.024463118580765646,0.071895424836601315,0.023509438981670152,0.10754143318182645
ecg_transformer,358,0.16589434661723818,0.024767225325884549,0.072625698324022353,0.023774759133716419,0.1083499101328995
ecg_transformer,359,0.16635773864689526,0.024883936861652745,0.073351903435468893,0.023869649391039426,0.10860157087054974
ecg_transformer,360,0.16682113067655235,0.024814814814814817,0.073148148148148143,0.023808296651058439,0.10839651625406205
ecg_transformer,361,0.16728452270620944,0.024746075715604807,0.0729455216989843,0.023747670496236901,0.10819371155248597
ecg_transformer,362,0.16774791473586656,0.025046040515653779,0.073664825046040508,0.024010022489241504,0.1089962372496996
ecg_transformer,363,0.16821130676552362,0.025344352617079898,0.0743801652892562,0.024283993215684169,0.10998575726093933
ecg_transformer,364,0.16867469879518071,0.025274725274725282,0.074175824175824176,0.024221345284166643,0.10977663047483215
ecg_transformer,365,0.1691380908248378,0.025205479452054803,0.073972602739726029,0.024160706011389074,0.10957490804009157
ecg_transformer,366,0.16960148285449486,0.025136612021857931,0.073770491803278687,0.024099141845198652,0.10937024873675349
ecg_transformer,367,0.17006487488415201,0.025431425976385109,0.074477747502270666,0.024382440375166268,0.11057378694582548
ecg_transformer,368,0.1705282669138091,0.025362318840579715,0.074275362318840576,0.02432069494815875,0.1103682758117641
ecg_transformer,369,0.17099165894346621,0.025293586269196033,0.07407407407407407,0.0242598649940278,0.11016628538739696
ecg_transformer,370,0.17145505097312327,0.025225225225225231,0.073873873873873883,0.024199263678213206,0.10996474560817948
ecg_transformer,371,0.17191844300278036,0.02533692722371968,0.074573225516621752,0.024286701628236609,0.11017585900100842
ecg_transformer,372,0.17238183503243745,0.025627240143369184,0.075268817204301078,0.024557361185113976,0.11120759426133342
ecg_transformer,373,0.17284522706209451,0.0255585344057194,0.075067024128686335,0.024497444572707559,0.11100857668504042
ecg_transformer,374,0.17330861909175163,0.025846702317290558,0.07575757575757576,0.024757620067118919,0.1118614656593097
ecg_transformer,375,0.17377201112140872,0.026133333333333342,0.07644444444444444,0.025007308372419934,0.11262421179422751
ecg_transformer,376,0.17423540315106581,0.026418439716312064,0.077127659574468085,0.025264827479809626,0.11348197040591029
ecg_transformer,377,0.17469879518072293,0.026348364279398771,0.076923076923076913,0.025202671366881396,0.11327704627401534
ecg_transformer,378,0.17516218721037999,0.026278659611992952,0.076719576719576715,0.02514079471937376,0.11307261620605126
ecg_transformer,379,0.17562557924003708,0.026209322779243632,0.076517150395778374,0.02508099331166827,0.1128745005720022
ecg_transformer,380,0.17608897126969417,0.026140350877192992,0.076315789473684212,0.025021574421362196,0.11267793418654121
ecg_transformer,381,0.17655236329935123,0.026071741032370963,0.076115485564304461,0.024962764505538179,0.11248346899350926
ecg_transformer,382,0.17701575532900835,0.026352530541012224,0.076788830715532289,0.025205421816209325,0.11320957290693523
ecg_transformer,383,0.17747914735866543,0.026283724978241958,0.076588337684943428,0.025144721780904222,0.11300925211771957
ecg_transformer,384,0.17794253938832252,0.026562500000000006,0.077256944444444448,0.025375912322006325,0.11366812882565336
ecg_transformer,385,0.17840593141797964,0.026666666666666672,0.077922077922077934,0.025474596837260305,0.11400975999549168
ecg_transformer,386,0.1788693234476367,0.026597582037996555,0.077720207253885995,0.025413151086701526,0.11380865042676792
ecg_transformer,387,0.17933271547729379,0.027217915590008624,0.078380706287683025,0.025986812005964987,0.11585993124784667
ecg_transformer,388,0.17979610750695088,0.027147766323024059,0.078178694158075601,0.025924900680308172,0.11565675631321069
ecg_transformer,389,0.18025949953660794,0.027592116538131973,0.079691516709511565,0.026335034204127934,0.11711279175800164
ecg_transformer,390,0.18072289156626506,0.027521367521367534,0.079487179487179496,0.026274311127692934,0.11691301491316765
ecg_transformer,391,0.18118628359592215,0.027791986359761305,0.080136402387041769,0.026527633088188379,0.11787674249283563
ecg_transformer,392,0.18164967562557924,0.028401360544217696,0.080782312925170074,0.027093606659342673,0.11988295796855752
ecg_transformer,393,0.18211306765523635,0.029177268871925368,0.082273112807463952,0.027787748954860043,0.12231919465213602
ecg_transformer,394,0.18257645968489342,0.029103214890016927,0.082064297800338415,0.027721838828871807,0.12210204236925122
ecg_transformer,395,0.18303985171455051,0.029029535864978914,0.081856540084388182,0.027656762170428461,0.12188839649075771
ecg_transformer,396,0.18350324374420759,0.028956228956228968,0.081649831649831653,0.027591623254365205,0.1216742248621699
ecg_transformer,397,0.18396663577386466,0.029051217464315715,0.082283795130142737,0.02767190855002713,0.12190032067762918
ecg_transformer,398,0.18443002780352177,0.029983249581239543,0.08458961474036851,0.028495773684439313,0.12450923782767653
ecg_transformer,399,0.18489341983317886,0.02990810359231413,0.084377610693400162,0.028428972542768129,0.12429040912775091
ecg_transformer,400,0.18535681186283595,0.030166666666666675,0.085000000000000006,0.028667535046700585,0.12513048358564546
ecg_transformer,401,0.18582020389249307,0.030423940149625951,0.085619285120532004,0.028901173160106017,0.12591309114588334
ecg_transformer,402,0.18628359592215013,0.030348258706467676,0.085406301824212272,0.028835953403991851,0.1256998649979294
ecg_transformer,403,0.18674698795180722,0.030272952853598028,0.085194375516956147,0.028770323308083701,0.12548601185063959
ecg_transformer,404,0.18721037998146431,0.030198019801980207,0.084983498349834985,0.028704218091714528,0.12527061136024784
ecg_transformer,405,0.18767377201112137,0.03012345679012347,0.084773662551440324,0.028639043528276221,0.12505832924323454
ecg_transformer,406,0.18813716404077849,0.030049261083743849,0.084564860426929386,0.028574470929624257,0.12484764140733463
ecg_transformer,407,0.18860055607043558,0.029975429975429985,0.084357084357084375,0.028510208530686105,0.12463836881197227
ecg_transformer,408,0.18906394810009267,0.030228758169934648,0.084967320261437898,0.028742308148165457,0.12544511975349784
ecg_transformer,409,0.18952734012974978,0.030154849225753882,0.084759576202118977,0.028678223976106032,0.12523671732531563
ecg_transformer,410,0.18999073215940684,0.030081300813008138,0.084552845528455281,0.028613331284475022,0.12502615242759152
ecg_transformer,411,0.19045412418906396,0.030008110300081114,0.084347120843471221,0.028548116464003764,0.12481432438807161
ecg_transformer,412,0.19091751621872102,0.029935275080906158,0.084142394822006472,0.028483925901980334,0.12460586555864074
ecg_transformer,413,0.19138090824837814,0.029862792574656991,0.083938660209846652,0.028419741253368349,0.12439799657499127
ecg_transformer,414,0.19184430027803523,0.029790660225442845,0.083735909822866342,0.028358096300932011,0.12419787499962513
ecg_transformer,415,0.19230769230769232,0.029718875502008042,0.083534136546184745,0.028295242511502713,0.12399402880960742
ecg_transformer,416,0.19277108433734944,0.029647435897435907,0.083333333333333329,0.028233962925730313,0.12379563088277408
ecg_transformer,417,0.1932344763670065,0.030215827338129508,0.084732214228617098,0.028724386312387395,0.12528246522630945
ecg_transformer,418,0.19369786839666359,0.03046251993620416,0.085326953748006376,0.028928272529450686,0.12585330978933565
ecg_transformer,419,0.19416126042632068,0.030389817024661901,0.085123309466984876,0.028865531687473685,0.12565071889973051
ecg_transformer,420,0.19462465245597774,0.03031746031746033,0.08492063492063491,0.028801555637301107,0.12544458608613054
ecg_transformer,421,0.19508804448563485,0.03056215360253366,0.085510688836104506,0.029029654293907931,0.12626046205401789
ecg_transformer,422,0.19555143651529194,0.030805687203791478,0.086097946287519753,0.02924486424433342,0.12694477955085223
ecg_transformer,423,0.19601482854494903,0.031048069345941693,0.086682427107959023,0.029455834695657154,0.12758286340548711
ecg_transformer,424,0.19647822057460615,0.031446540880503152,0.088050314465408799,0.029802385174871531,0.1287187975585711
ecg_transformer,425,0.19694161260426321,0.03137254901960785,0.087843137254901962,0.029739460966579544,0.12851729669830858
ecg_transformer,426,0.1974050046339203,0.03192488262910799,0.089201877934272297,0.030218562797940357,0.13018695458392202
ecg_transformer,427,0.19786839666357739,0.031850117096018746,0.088992974238875866,0.030152978948902537,0.12997661071874658
ecg_transformer,428,0.19833178869323445,0.031775700934579452,0.088785046728971959,0.030089938348105475,0.12977353169327396
ecg_transformer,429,0.19879518072289157,0.031701631701631712,0.088578088578088576,0.030026079995454907,0.12956888529870483
ecg_transformer,430,0.19925857275254866,0.031627906976744197,0.088372093023255813,0.029960892217034161,0.1293602699730976
ecg_transformer,431,0.19972196478220575,0.031554524361948964,0.088167053364269124,0.029896703094557987,0.12915515606432701
ecg_transformer,432,0.20018535681186286,0.031481481481481492,0.087962962962962965,0.029833452058765701,0.12895345830544461
ecg_transformer,433,0.20064874884151992,0.031870669745958438,0.089299461123941493,0.030157435386185108,0.12992761280522425
ecg_transformer,434,0.20111214087117701,0.032104454685099856,0.089861751152073732,0.030360562002171781,0.13052738101399944
ecg_transformer,435,0.2015755329008341,0.032030651340996176,0.089655172413793102,0.030297429426749151,0.13032633493387311
ecg_transformer,436,0.20203892493049116,0.03256880733944955,0.090978593272171268,0.030783313540470581,0.13200906865539264
ecg_transformer,437,0.20250231696014828,0.032799389778794819,0.091533180778032033,0.030983904729926261,0.13262530754186783
ecg_transformer,438,0.20296570898980537,0.032724505327245058,0.091324200913242004,0.030919294985099544,0.13242035212360709
ecg_transformer,439,0.20342910101946246,0.033257403189066066,0.092634776006074407,0.031416419756869589,0.13431376179621293
ecg_transformer,440,0.20389249304911958,0.033181818181818187,0.092424242424242423,0.031350472446744999,0.13410336306030654
ecg_transformer,441,0.20435588507877664,0.033408919123204851,0.09297052154195011,0.031554467981769772,0.13477646603767593
ecg_transformer,442,0.20481927710843373,0.033333333333333347,0.092760180995475117,0.031490892394376142,0.1345736427798232
ecg_transformer,443,0.20528266913809082,0.033860045146726865,0.094055680963130175,0.031983183153712715,0.13654168618207832
ecg_transformer,444,0.20574606116774788,0.034084084084084094,0.094594594594594586,0.032191652073483963,0.13727879430671908
ecg_transformer,445,0.206209453197405,0.034007490636704128,0.094382022471910118,0.032126543575849285,0.13707034524294645
ecg_transformer,446,0.20667284522706209,0.034080717488789249,0.094917787742899842,0.032172229530052013,0.13714781581725602
ecg_transformer,447,0.20713623725671917,0.034302759134973902,0.095451155853840411,0.032352300140381485,0.13765594005435255
ecg_transformer,448,0.20759962928637629,0.034523809523809533,0.095982142857142863,0.032547555592066978,0.13829358241388701
ecg_transformer,449,0.20806302131603335,0.034743875278396445,0.096510764662212326,0.032732147998011663,0.13881820784585419
ecg_transformer,450,0.20852641334569044,0.034666666666666672,0.096296296296296283,0.032666515285784431,0.13861052154807382
ecg_transformer,451,0.20898980537534753,0.034737620103473768,0.096821877309682183,0.032738675601728669,0.1389038956472862
ecg_transformer,452,0.20945319740500459,0.034660766961651927,0.096607669616519176,0.032671860017878016,0.1386915238175154
ecg_transformer,453,0.20991658943466171,0.034731420161883741,0.09713024282560706,0.032727001634201308,0.13882722292260288
ecg_transformer,454,0.21037998146431883,0.034654919236417038,0.096916299559471356,0.032660486801652615,0.13861671158251812
ecg_transformer,455,0.21084337349397594,0.034871794871794877,0.097435897435897437,0.032841602913542711,0.13912813338912755
ecg_transformer,456,0.21130676552363301,0.034795321637426907,0.09722222222222221,0.032776315125453155,0.13892214530704985
ecg_transformer,457,0.21177015755329009,0.034719183078045231,0.097009482129832236,0.032709342467293873,0.13871039793943987
ecg_transformer,458,0.21223354958294718,0.034934497816593892,0.0975254730713246,0.032883637521581514,0.13918419533906126
ecg_transformer,459,0.21269694161260425,0.035729847494553379,0.099491648511256359,0.033586997519810653,0.14147210557291912
ecg_transformer,460,0.21316033364226136,0.035652173913043476,0.099275362318840585,0.033523134209246151,0.14126903210206729
ecg_transformer,461,0.21362372567191845,0.035719450469992774,0.099783080260303691,0.033597003947217881,0.14163817745527618
ecg_transformer,462,0.21408711770157554,0.035642135642135642,0.099567099567099568,0.033531140872397273,0.14143146237600965
ecg_transformer,463,0.21455050973123266,0.035565154787616987,0.09935205183585312,0.033465718214009933,0.14122643039304772
ecg_transformer,464,0.21501390176088972,0.035488505747126441,0.099137931034482762,0.033402062237224563,0.14102582495005564
ecg_transformer,465,0.21547729379054681,0.035698924731182795,0.099641577060931907,0.03356788629490258,0.14148529547558489
ecg_transformer,466,0.2159406858202039,0.035622317596566526,0.09942775393419169,0.033501491478959658,0.14127694805472663
ecg_transformer,467,0.21640407784986096,0.035831548893647397,0.099928622412562451,0.033677345775620961,0.14178494073474959
ecg_transformer,468,0.21686746987951808,0.036039886039886046,0.10042735042735045,0.033849088402468606,0.14226084147054671
ecg_transformer,469,0.21733086190917517,0.036389481165600569,0.10092395167022032,0.034162657005898288,0.14336309565094171
ecg_transformer,470,0.21779425393883226,0.036312056737588659,0.10070921985815602,0.03409677857167364,0.14315755900398852
ecg_transformer,471,0.21825764596848937,0.03680113234253362,0.1019108280254777,0.034518117656408769,0.14442677660555472
ecg_transformer,472,0.21872103799814643,0.036864406779661019,0.10240112994350282,0.034574826680067852,0.14459738769448191
ecg_transformer,473,0.21918443002780352,0.036786469344608878,0.10218463706835801,0.034509594928066045,0.14439408051736238
ecg_transformer,474,0.21964782205746061,0.036708860759493672,0.10196905766526021,0.034443209559898331,0.14418715799431495
ecg_transformer,475,0.22011121408711767,0.036631578947368425,0.10175438596491228,0.034377024226648102,0.14398226355959101
ecg_transformer,476,0.22057460611677479,0.036554621848739491,0.10154061624649861,0.034311550118771135,0.14377936857603094
ecg_transformer,477,0.22103799814643188,0.036617749825296995,0.10202655485674354,0.034353967010470395,0.14386044545372492
ecg_transformer,478,0.22150139017608897,0.036541143654114365,0.10181311018131102,0.03428796451737038,0.14365621884631519
ecg_transformer,479,0.22196478220574609,0.036882393876130827,0.10299234516353513,0.034594567911834885,0.14466444536154668
ecg_transformer,480,0.22242817423540315,0.037083333333333329,0.10347222222222223,0.034776170794749761,0.14532145724602899
ecg_transformer,481,0.22289156626506024,0.037006237006237001,0.10325710325710326,0.034711780740694878,0.14512143200232472
ecg_transformer,482,0.22335495829471733,0.037067773167358223,0.1037344398340249,0.034776802809940756,0.14541029938771774
ecg_transformer,483,0.22381835032437439,0.036991028295376115,0.10351966873706005,0.034712712174893579,0.14521182493434392
ecg_transformer,484,0.2242817423540315,0.036914600550964183,0.10330578512396693,0.0346482354569339,0.14501324996291698
ecg_transformer,485,0.22474513438368859,0.036838487972508584,0.10309278350515465,0.034585357135724852,0.14481891751767048
ecg_transformer,486,0.22520852641334568,0.036762688614540462,0.10288065843621401,0.034522859688985996,0.14462672389191991
ecg_transformer,487,0.2256719184430028,0.03696098562628336,0.10335386721423682,0.034699083845677832,0.14522812864355072
ecg_transformer,488,0.22613531047265986,0.036885245901639337,0.10314207650273223,0.03463482761653331,0.14503096425525017
ecg_transformer,489,0.22659870250231695,0.036809815950920241,0.10293115201090662,0.034570714756392791,0.14483385387785699
ecg_transformer,490,0.22706209453197404,0.03700680272108843,0.10340136054421767,0.034711418437664822,0.14518586320767701
ecg_transformer,491,0.2275254865616311,0.036931432450780712,0.1031907671418873,0.034647183458945602,0.14498877586375744
ecg_transformer,492,0.22798887859128822,0.036991869918699183,0.10365853658536585,0.034695025318126481,0.14510255442564399
ecg_transformer,493,0.22845227062094531,0.036916835699797153,0.10344827586206896,0.034631976086769593,0.14490927733556955
ecg_transformer,494,0.2289156626506024,0.037112010796221312,0.1039136302294197,0.034809388217718208,0.14553115372896949
ecg_transformer,495,0.22937905468025951,0.037306397306397295,0.10437710437710439,0.034977582297946987,0.14605387006387116
ecg_transformer,496,0.22984244670991658,0.037231182795698918,0.10416666666666667,0.034914176980228522,0.14586043684148345
ecg_transformer,497,0.23030583873957369,0.037156270959087856,0.10395707578806172,0.03485062309095191,0.14566701302739515
ecg_transformer,498,0.23076923076923075,0.037081659973226232,0.1037483266398929,0.034789638926930877,0.14548140552867275
ecg_transformer,499,0.23123262279888787,0.037274549098196386,0.10420841683366733,0.034960348223833114,0.1460326941666297
ecg_transformer,500,0.23169601482854496,0.037599999999999988,0.10533333333333332,0.035233328019335979,0.14682608709625081
ecg_transformer,501,0.23215940685820205,0.037524950099800392,0.1051230871590153,0.035169853643288708,0.14663275064728984
ecg_transformer,502,0.23262279888785917,0.037450199203187241,0.10491367861885792,0.035108277926535383,0.14644577736279216
ecg_transformer,503,0.23308619091751623,0.037375745526838956,0.10470510271703115,0.03504555391175259,0.14625527321224255
ecg_transformer,504,0.23354958294717332,0.037301587301587294,0.10449735449735449,0.034988693820969002,0.14607961178231021
ecg_transformer,505,0.23401297497683041,0.037227722772277219,0.10429042904290427,0.034924549079359761,0.14588442061084386
ecg_transformer,506,0.23447636700648747,0.037285902503293798,0.10474308300395258,0.034977832022522394,0.14605718768779866
ecg_transformer,507,0.23493975903614459,0.037343852728468102,0.10519395134779751,0.035026455821646631,0.14618248368655684
ecg_transformer,508,0.23540315106580167,0.037270341207349067,0.10498687664041995,0.034963472019293396,0.14599185481786228
ecg_transformer,509,0.23586654309545876,0.037197118533071373,0.10478061558611657,0.03490280886421316,0.14580900044622336
ecg_transformer,510,0.23632993512511588,0.037124183006535937,0.10457516339869281,0.034840888906502138,0.14562225959164896
ecg_transformer,511,0.23679332715477294,0.037051532941943889,0.10437051532941943,0.034781963262560701,0.14544506601326238
ecg_transformer,512,0.23725671918443003,0.037499999999999985,0.10546875,0.035150902564021376,0.14650295590396692
ecg_transformer,513,0.23772011121408712,0.037686809616634155,0.10591293047433398,0.035298616836670876,0.14689432671425706
ecg_transformer,514,0.23818350324374418,0.037872892347600502,0.10635538261997407,0.035451742387311837,0.14732052936821491
ecg_transformer,515,0.2386468952734013,0.037799352750809041,0.10614886731391586,0.035392607176280629,0.14714213868492501
ecg_transformer,516,0.23911028730305839,0.037726098191214454,0.10594315245478036,0.03533546944333528,0.14696980181082386
ecg_transformer,517,0.23957367933271548,0.037653127014829126,0.10573823339780786,0.035274056267228925,0.14678691026613611
ecg_transformer,518,0.24003707136237259,0.03758043758043756,0.10553410553410553,0.03521256016783305,0.14660328416850008
ecg_transformer,519,0.24050046339202966,0.037508028259473331,0.10533076429030186,0.035151622604849032,0.14642172203608336
ecg_transformer,520,0.24096385542168675,0.037692307692307685,0.10576923076923078,0.035304841609611635,0.14685956910466802
ecg_transformer,521,0.24142724745134383,0.037619961612284057,0.10556621880998081,0.035245279680988263,0.14668268113871516
ecg_transformer,522,0.2418906394810009,0.037547892720306501,0.1053639846743295,0.03518532255975592,0.14650486862180903
ecg_transformer,523,0.24235403151065801,0.037731038878266399,0.10579987253027405,0.035353694279876155,0.14712937439738025
ecg_transformer,524,0.2428174235403151,0.03765903307888039,0.10559796437659032,0.035294967577893251,0.14695449024140217
ecg_transformer,525,0.24328081556997219,0.037841269841269821,0.10603174603174603,0.035445089983739193,0.1473759758341697
ecg_transformer,526,0.24374420759962931,0.03789607097591887,0.10646387832699621,0.035464788557184136,0.14738316763470202
ecg_transformer,527,0.24420759962928637,0.038077166350411112,0.1068943706514864,0.03562815261720096,0.14793907422808039
ecg_transformer,528,0.24467099165894346,0.038005050505050486,0.10669191919191919,0.035568196939609539,0.14776176747473604
ecg_transformer,529,0.24513438368860055,0.038059231253938224,0.10712035286704474,0.035620374047817288,0.14793853511523333
ecg_transformer,530,0.24559777571825761,0.038238993710691803,0.10754716981132074,0.035757129507192918,0.14828655029152168
ecg_transformer,531,0.24606116774791473,0.038669177652228472,0.1086001255492781,0.036080695555938284,0.14912028043699119
ecg_transformer,532,0.24652455977757182,0.03859649122807015,0.10839598997493734,0.036020440595851869,0.14894363441642447
ecg_transformer,533,0.24698795180722891,0.038899312070043761,0.10881801125703565,0.036281735753520811,0.14975578740263093
ecg_transformer,534,0.24745134383688602,0.038826466916354538,0.10861423220973783,0.036220471710312209,0.14957513376623349
ecg_transformer,535,0.24791473586654308,0.038753894080996866,0.10841121495327104,0.036161432309900925,0.14940154243791806
ecg_transformer,536,0.24837812789620017,0.038681592039800976,0.10820895522388059,0.036102377956087749,0.14922740877073862
ecg_transformer,537,0.24884151992585726,0.038609559279950321,0.10800744878957169,0.036044187115456677,0.14905563095134952
ecg_transformer,538,0.24930491195551432,0.038661710037174703,0.1084262701363073,0.036068336769052224,0.14908252364214589
ecg_transformer,539,0.24976830398517144,0.038837353123067388,0.108843537414966,0.036217098909686753,0.14951043241403145
ecg_transformer,540,0.25023169601482853,0.038765432098765408,0.10864197530864199,0.036157665598552456,0.14933590580229433
ecg_transformer,541,0.25069508804448565,0.038693776956253832,0.10844115834873691,0.036102820414619187,0.14917435707905746
ecg_transformer,542,0.25115848007414271,0.038622386223862222,0.1082410824108241,0.036042890260379011,0.1489993781309342
ecg_transformer,543,0.25162187210379983,0.038796807857581321,0.10865561694290976,0.036169610934529313,0.14931014342508711
ecg_transformer,544,0.25208526413345689,0.038970588235294097,0.10906862745098039,0.036322098119618944,0.14977149881547508
ecg_transformer,545,0.252548656163114,0.03914373088685013,0.10948012232415903,0.036478866978966899,0.15035589156252752
ecg_transformer,546,0.25301204819277107,0.039316239316239295,0.10989010989010989,0.036639921064566254,0.15096155084003726
ecg_transformer,547,0.25347544022242818,0.039488117001828131,0.11029859841560025,0.036790403646425683,0.15143203014033713
ecg_transformer,548,0.25393883225208524,0.039781021897810194,0.11131386861313869,0.037007626101774195,0.15198057090360154
ecg_transformer,549,0.25440222428174236,0.039708561020036399,0.1111111111111111,0.036952123815429928,0.15181729740374897
ecg_transformer,550,0.25486561631139942,0.040121212121212092,0.11212121212121214,0.037248949984435897,0.15255527804227728
ecg_transformer,551,0.25532900834105654,0.040290381125226829,0.11252268602540834,0.03739143754345544,0.15296804826747218
ecg_transformer,552,0.2557924003707136,0.040217391304347795,0.11231884057971014,0.037331234549204097,0.15279379315665342
ecg_transformer,553,0.25625579240037072,0.04014466546112113,0.11211573236889694,0.03727546016267088,0.15263214521219973
ecg_transformer,554,0.25671918443002778,0.040072202166064948,0.11191335740072202,0.037222469003297176,0.15247612354671747
ecg_transformer,555,0.2571825764596849,0.04012012012012009,0.11231231231231231,0.037252874037511659,0.15253286680085729
ecg_transformer,556,0.25764596848934196,0.040287769784172638,0.11270983213429257,0.037375723314158914,0.15283584049530874
ecg_transformer,557,0.25810936051899908,0.040215439856373401,0.11250748055056851,0.037317912528139964,0.15266980272206948
ecg_transformer,558,0.25857275254865614,0.040143369175627212,0.11230585424133811,0.037260636754163155,0.15250425945889198
ecg_transformer,559,0.25903614457831325,0.040310077519379817,0.11270125223613596,0.037392539557471884,0.15285554685615715
ecg_transformer,560,0.25949953660797032,0.040357142857142828,0.1130952380952381,0.037435858872771011,0.15298278688900396
ecg_transformer,561,0.25996292863762743,0.040522875816993431,0.11348781937017231,0.037568428356313029,0.15334203734265031
ecg_transformer,562,0.26042632066728455,0.040569395017793559,0.11387900355871887,0.037624684534760783,0.15359810636501034
ecg_transformer,563,0.26088971269694161,0.040852575488454675,0.11426879810538781,0.037850864928844229,0.15424845627055425
ecg_transformer,564,0.26135310472659873,0.0407801418439716,0.11406619385342791,0.03779219895949338,0.15408048759511606
ecg_transformer,565,0.26181649675625579,0.040707964601769876,0.11386430678466077,0.037737151416873289,0.15392099574151283
ecg_transformer,566,0.26227988878591291,0.04087161366313307,0.11425206124852767,0.037875210204637404,0.15433005537165004
ecg_transformer,567,0.26274328081556997,0.040917107583774218,0.1146384479717813,0.037903543802722275,0.15437835092699992
ecg_transformer,568,0.26320667284522709,0.040845070422535178,0.11443661971830986,0.037847443125492257,0.15421799269176581
ecg_transformer,569,0.26367006487488415,0.040773286467486784,0.11423550087873462,0.0377910629287386,0.15405518262131243
ecg_transformer,570,0.26413345690454126,0.041169590643274821,0.11520467836257309,0.038137383940702027,0.15514863652960378
ecg_transformer,571,0.26459684893419833,0.041330998248686475,0.11558669001751314,0.038283968161830446,0.15562547942904137
ecg_transformer,572,0.26506024096385544,0.041375291375291341,0.11596736596736597,0.038336510321328017,0.15585484078678238
ecg_transformer,573,0.2655236329935125,0.04176847004072131,0.1169284467713787,0.038668413074976031,0.15684530191533791
ecg_transformer,574,0.26598702502316962,0.041927990708478476,0.11730545876887342,0.038788140114894377,0.15713970743463648
ecg_transformer,575,0.26645041705282668,0.042086956521739084,0.11768115942028985,0.038910961085785012,0.15746008923807261
ecg_transformer,576,0.2669138090824838,0.042013888888888851,0.11747685185185185,0.038856752618018027,0.15730428782079067
ecg_transformer,577,0.26737720111214086,0.041941074523396842,0.11727325245522818,0.038797389052725083,0.15713513168251442
ecg_transformer,578,0.26784059314179798,0.042099192618223723,0.11764705882352942,0.038921657554618003,0.15746860664354476
ecg_transformer,579,0.26830398517145504,0.042141623488773705,0.1180195739781232,0.038958094055971275,0.15756793179224285
ecg_transformer,580,0.26876737720111216,0.04229885057471261,0.11839080459770117,0.03909568754535566,0.15808525751923053
ecg_transformer,581,0.26923076923076922,0.042685025817555899,0.11990820424555364,0.039418374658208168,0.15909959069848997
ecg_transformer,582,0.26969416126042633,0.042955326460481058,0.1208476517754868,0.039604267951046206,0.15955876732768828
ecg_transformer,583,0.2701575532900834,0.04288164665523151,0.1206403659233848,0.039545442571506613,0.15939179605869905
ecg_transformer,584,0.27062094531974051,0.042808219178082148,0.12043378995433789,0.039488399262313324,0.15923002544220807
ecg_transformer,585,0.27108433734939757,0.042849002849002803,0.12079772079772079,0.039517340711742614,0.15929462984242154
ecg_transformer,586,0.27154772937905469,0.043003412969283228,0.12116040955631398,0.039624751479823798,0.15956118280392162
ecg_transformer,587,0.27201112140871175,0.043157296990346351,0.12152186257808062,0.039738896858914463,0.15984457922325238
ecg_transformer,588,0.27247451343836887,0.043310657596371836,0.12188208616780045,0.039871107114493008,0.16024961807812485
ecg_transformer,589,0.27293790546802593,0.04346349745331065,0.12224108658743633,0.039981484909044865,0.16051080026478967
ecg_transformer,590,0.27340129749768305,0.04372881355932199,0.12316384180790961,0.040192003711036352,0.16107908441316932
ecg_transformer,591,0.27386468952734011,0.04365482233502533,0.12295544275239706,0.040133130776003507,0.16091341653663616
ecg_transformer,592,0.27432808155699723,0.043581081081081031,0.12274774774774776,0.040073573494089611,0.16074585775358674
ecg_transformer,593,0.27479147358665429,0.043732433951658184,0.12310286677908937,0.040198356808031015,0.16108822150633986
ecg_transformer,594,0.27525486561631141,0.043658810325476943,0.12289562289562291,0.040145115842380001,0.16093621501620989
ecg_transformer,595,0.27571825764596847,0.043585434173669418,0.12268907563025211,0.040094913338486665,0.16079170228635989
ecg_transformer,596,0.27618164967562558,0.043512304250559242,0.12248322147651007,0.040038301618912725,0.16063273251581464
ecg_transformer,597,0.27664504170528265,0.043662758235622511,0.12283640424343943,0.040171581163287541,0.1610527165064366
ecg_transformer,598,0.27710843373493976,0.043589743589743546,0.12263099219620958,0.040114055185416768,0.16089221030081555
ecg_transformer,599,0.27757182576459682,0.04351697273233162,0.12242626599888705,0.04005782243355837,0.16073575182013033
ecg_transformer,600,0.27803521779425394,0.043555555555555507,0.12277777777777781,0.040103954361666694,0.1609382784745278
ecg_transformer,601,0.278498609823911,0.043483083749306671,0.12257348863006101,0.040050161996406229,0.16078649631119182
ecg_transformer,602,0.27896200185356812,0.043410852713178245,0.12236987818383167,0.039994661548165687,0.16063111139870873
ecg_transformer,603,0.27942539388322518,0.04355997788833605,0.12271973466003318,0.040116951086439145,0.16096914924472414
ecg_transformer,604,0.2798887859128823,0.043487858719646749,0.12251655629139073,0.040060093144972081,0.16081048788129179
ecg_transformer,605,0.28035217794253942,0.043526170798898027,0.12286501377410468,0.040080013480279307,0.16084171846234951
ecg_transformer,606,0.28081556997219648,0.043674367436743626,0.12321232123212322,0.040187257963586458,0.16110849307490965
ecg_transformer,607,0.28127896200185359,0.043602416254805008,0.12300933552992861,0.040131799149425884,0.160953871130432
ecg_transformer,608,0.28174235403151066,0.043749999999999949,0.12335526315789473,0.040257206222714892,0.16132332349630096
ecg_transformer,609,0.28220574606116777,0.043678160919540181,0.12315270935960591,0.040202344282452493,0.16116908470002847
ecg_transformer,610,0.28266913809082483,0.043606557377049132,0.12295081967213113,0.040148272815542528,0.16101963388472765
ecg_transformer,611,0.28313253012048195,0.043971631205673711,0.12384069830878341,0.040415677531897336,0.16169717918167772
ecg_transformer,612,0.28359592215013901,0.044117647058823484,0.12418300653594772,0.040517489843759101,0.16194095557260005
ecg_transformer,613,0.28405931417979613,0.044371941272430625,0.12506797172376291,0.040719359310647185,0.16253815127720947
ecg_transformer,614,0.28452270620945319,0.044733984799131321,0.1259500542888165,0.041019537887681451,0.16341308231873716
ecg_transformer,615,0.28498609823911031,0.044661246612466066,0.1257452574525745,0.040963802987374807,0.16325820051708431
ecg_transformer,616,0.28544949026876737,0.044588744588744539,0.12554112554112554,0.040905846697339626,0.16309807537374502
ecg_transformer,617,0.28591288229842449,0.044840626688276548,0.12641815235008103,0.041056813893374421,0.16345058949772115
ecg_transformer,618,0.28637627432808155,0.045091693635382901,0.12729234088457389,0.04123215381131342,0.16391816181632179
ecg_transformer,619,0.28683966635773867,0.045234248788368271,0.12762520193861068,0.041353172147614074,0.16428028043293236
ecg_transformer,620,0.28730305838739573,0.045161290322580594,0.12741935483870967,0.04129710713227825,0.16412568902371585
ecg_transformer,621,0.28776645041705284,0.045517981749865745,0.12828770799785291,0.041594900595934743,0.16500546903341862
ecg_transformer,622,0.28822984244670991,0.045766345123258244,0.12915326902465166,0.041811722446731203,0.1656708485527261
ecg_transformer,623,0.28869323447636702,0.045692883895131021,0.12894596040663456,0.041757376128180541,0.1655195082395183
ecg_transformer,624,0.28915662650602408,0.045726495726495675,0.12927350427350429,0.041778708417156363,0.16555588625586384
ecg_transformer,625,0.2896200185356812,0.045973333333333276,0.13013333333333335,0.041975667865102678,0.16609211831154941
ecg_transformer,626,0.29008341056533826,0.046112886048988229,0.13045793397231098,0.042079119929708995,0.16634979522679291
ecg_transformer,627,0.29054680259499538,0.046039340776182824,0.13024986709197237,0.042022470301309463,0.1661940392445117
ecg_transformer,628,0.29101019462465244,0.045966029723991449,0.13004246284501061,0.041971476052431282,0.16605133986061169
ecg_transformer,629,0.29147358665430956,0.045892951775304648,0.12983571807101221,0.041921474317467268,0.16591061166560941
ecg_transformer,630,0.29193697868396662,0.046031746031745972,0.13015873015873017,0.042037858204815988,0.16625022155448319
ecg_transformer,631,0.29240037071362374,0.045958795562598992,0.12995245641838352,0.041988068080119734,0.16611136402380816
ecg_transformer,632,0.2928637627432808,0.045886075949367035,0.12974683544303797,0.041931763878188311,0.16595633992893888
ecg_transformer,633,0.29332715477293791,0.046024223275408054,0.13006845708267509,0.042034696258355646,0.16621875188279969
ecg_transformer,634,0.29379054680259498,0.045951629863301729,0.12986330178759201,0.041980725274163598,0.16607061813542731
ecg_transformer,635,0.29425393883225209,0.046089238845144292,0.13018372703412073,0.042103710910249746,0.16646450337472549
ecg_transformer,636,0.29471733086190915,0.046016771488469534,0.12997903563941302,0.042049600239879366,0.16631513277818599
ecg_transformer,637,0.29518072289156627,0.04594453165881731,0.12977498691784406,0.041995231385047738,0.16616644135815442
ecg_transformer,638,0.29564411492122333,0.046185997910135779,0.13009404388714732,0.042225534805183547,0.16710790116578833
ecg_transformer,639,0.29610750695088045,0.046322378716744848,0.13041210224308816,0.042320296680259641,0.16733229929749871
ecg_transformer,640,0.29657089898053751,0.046458333333333268,0.13072916666666667,0.042425567629980045,0.1676053508615333
ecg_transformer,641,0.29703429101019463,0.04648985959438371,0.13104524180967239,0.042449454794419285,0.16765845081630815
ecg_transformer,642,0.29749768303985169,0.046417445482865978,0.13084112149532709,0.042396121064829366,0.16751204547721441
ecg_transformer,643,0.29796107506950881,0.046552617936754727,0.13115603939865214,0.042521863273911435,0.16791674761410666
ecg_transformer,644,0.29842446709916587,0.046687370600414023,0.13146997929606627,0.042606882661652933,0.1681046745996361
ecg_transformer,645,0.29888785912882299,0.046718346253229924,0.13178294573643412,0.042610914851277715,0.16808487977402928
ecg_transformer,646,0.29935125115848005,0.046955624355005103,0.13261093911248709,0.042807899259419628,0.16865239287313549
ecg_transformer,647,0.29981464318813716,0.04698608964451307,0.13292117465224113,0.04285238852519737,0.16880455746145995
ecg_transformer,648,0.30027803521779428,0.047119341563785944,0.13323045267489711,0.042937202108537409,0.16899513286201726
ecg_transformer,649,0.30074142724745134,0.047252182845403119,0.1335387776065742,0.043041616244847307,0.16927137880755971
ecg_transformer,650,0.30120481927710846,0.047179487179487112,0.13333333333333333,0.042986439644746938,0.16912119675500684
ecg_transformer,651,0.30166821130676552,0.047107014848950267,0.13312852022529442,0.042933518582043327,0.16897704243498782
ecg_transformer,652,0.30213160333642264,0.047137014314928359,0.1334355828220859,0.042930947824459602,0.16894129675859038
ecg_transformer,653,0.3025949953660797,0.047269014803471093,0.13374170495150586,0.043023726798808969,0.16916497126906541
ecg_transformer,654,0.30305838739573682,0.047400611620795043,0.13404689092762487,0.043113726046238719,0.169379794533599
ecg_transformer,655,0.30352177942539388,0.047328244274809091,0.13384223918575064,0.043062333550582553,0.16923893178002059
ecg_transformer,656,0.303985171455051,0.047256097560975548,0.13363821138211382,0.043008280948362558,0.16909224866173422
ecg_transformer,657,0.30444856348470806,0.047285641806189688,0.13394216133942161,0.042963564462184266,0.16896574710371062
ecg_transformer,658,0.30491195551436517,0.047213779128672674,0.13373860182370823,0.042910903354861162,0.16882397123909132
ecg_transformer,659,0.30537534754402224,0.047142134547293817,0.13353566009104703,0.042854917525016543,0.16867304772970662
ecg_transformer,660,0.30583873957367935,0.047373737373737311,0.13383838383838384,0.043029416374028968,0.1691874994873197
ecg_transformer,661,0.30630213160333641,0.047705496722138113,0.13464447806354007,0.043282381699977002,0.16986137044479074
ecg_transformer,662,0.30676552363299353,0.048136958710976764,0.13595166163141992,0.043617112730428231,0.17081766475062043
ecg_transformer,663,0.30722891566265059,0.048064353946706828,0.13574660633484162,0.043563435178022497,0.17067316911961342
ecg_transformer,664,0.30769230769230771,0.048092369477911574,0.13604417670682731,0.043586641337576143,0.17073293840606016
ecg_transformer,665,0.30815569972196477,0.048220551378446053,0.13634085213032579,0.043675948317954204,0.17094288428490664
ecg_transformer,666,0.30861909175162189,0.048448448448448388,0.13713713713713716,0.04385160976449428,0.17146708719956957
ecg_transformer,667,0.30908248378127895,0.048575712143927974,0.13743128435782107,0.043962003074440092,0.17178893389328295
ecg_transformer,668,0.30954587581093607,0.048602794411177576,0.1377245508982036,0.043944983256114095,0.17171886632802832
ecg_transformer,669,0.31000926784059313,0.048629795714997454,0.13801694070752366,0.043986361220575781,0.17189024682776599
ecg_transformer,670,0.31047265987025024,0.048855721393034762,0.13880597014925375,0.044132826010239455,0.17227852217442452
ecg_transformer,671,0.31093605189990731,0.048981619473422694,0.13909587680079483,0.044248260755058104,0.17268169564582772
ecg_transformer,672,0.31139944392956442,0.04940476190476184,0.13988095238095238,0.044590150545755998,0.17374243608308038
ecg_transformer,673,0.31186283595922148,0.049430411094601223,0.14016840019811785,0.044597470557612852,0.17374125912378457
ecg_transformer,674,0.3123262279888786,0.04965380811078135,0.14094955489614244,0.044758276347584364,0.17415150912384314
ecg_transformer,675,0.31278962001853566,0.049777777777777719,0.14123456790123456,0.044861537860396906,0.17441915407401173
ecg_transformer,676,0.31325301204819278,0.049704142011834256,0.14102564102564105,0.044809118508087144,0.17427846708173331
ecg_transformer,677,0.31371640407784984,0.049729197439684826,0.14130969965534221,0.044843459687229671,0.1743959158912558
ecg_transformer,678,0.31417979610750696,0.049655850540806235,0.14110127826941984,0.044787742285102898,0.17424750541256118
ecg_transformer,679,0.31464318813716402,0.050073637702503622,0.14236622484045167,0.045098658964695858,0.17505380407012427
ecg_transformer,680,0.31510658016682114,0.04999999999999994,0.14215686274509806,0.045043501139978841,0.1749062058700038
ecg_transformer,681,0.3155699721964782,0.050220264317180553,0.14243759177679882,0.045238226978246032,0.17559780428148145
ecg_transformer,682,0.31603336422613532,0.05014662756598235,0.14222873900293254,0.045188886007629915,0.17546558704315307
ecg_transformer,683,0.31649675625579238,0.050170815031722736,0.14250854075158614,0.045218476159475905,0.17556018210913529
ecg_transformer,684,0.31696014828544949,0.050292397660818659,0.14278752436647171,0.045334989042173125,0.17595930300257587
ecg_transformer,685,0.31742354031510656,0.050316301703162959,0.14306569343065692,0.04528724464289869,0.17582916590082051
ecg_transformer,686,0.31788693234476367,0.050242954324586919,0.14285714285714285,0.045233440521681413,0.17568661326273446
ecg_transformer,687,0.31835032437442073,0.050169820475497277,0.14264919941775836,0.045178948626460103,0.17554185274095566
ecg_transformer,688,0.31881371640407785,0.050193798449612352,0.14292635658914729,0.045174230504021799,0.17550562643333278
ecg_transformer,689,0.31927710843373491,0.050120948234155728,0.14271891630382197,0.045123530883969691,0.17537025315803545
ecg_transformer,690,0.31974050046339203,0.050338164251207677,0.14299516908212562,0.045302640193004035,0.17587136917807458
ecg_transformer,691,0.32020389249304915,0.050265315967197244,0.1427882296189098,0.045255817726444554,0.17574547792591191
ecg_transformer,692,0.32066728452270621,0.05028901734104041,0.1430635838150289,0.045278159688356724,0.17579964247220822
ecg_transformer,693,0.32113067655236333,0.050312650312650253,0.14333814333814335,0.045283390726096488,0.1757889236260726
ecg_transformer,694,0.32159406858202039,0.050240153698366902,0.14313160422670509,0.045236595152793345,0.1756633344766538
ecg_transformer,695,0.3220574606116775,0.050455635491606664,0.14388489208633093,0.045322308358256791,0.1758620395788284
ecg_transformer,696,0.32252085264133457,0.050383141762452059,0.14367816091954022,0.04526792246575756,0.17571932369229781
ecg_transformer,697,0.32298424467099168,0.050406504065040603,0.14395026303204209,0.045287297379384119,0.17577407531385733
ecg_transformer,698,0.32344763670064874,0.050334288443170914,0.14374403056351481,0.045245667070072104,0.17566024800883162
ecg_transformer,699,0.32391102873030586,0.050453028135431517,0.14401525989508823,0.045343310933521418,0.17592951514529206
ecg_transformer,700,0.32437442075996292,0.050857142857142802,0.14523809523809525,0.045650491419495787,0.17675156542178713
ecg_transformer,701,0.32483781278962004,0.050879695672848259,0.14550641940085593,0.045646383474838535,0.17671886429728234
ecg_transformer,702,0.3253012048192771,0.050997150997150943,0.14577397910731246,0.045753246879506763,0.17705708831167277
ecg_transformer,703,0.32576459684893422,0.051303935514461781,0.1465149359886202,0.045971538584026798,0.17762342432224032
ecg_transformer,704,0.32622798887859128,0.051231060606060558,0.14630681818181818,0.045928779099785287,0.17750543518062978
ecg_transformer,705,0.3266913809082484,0.051158392434988133,0.14609929078014183,0.04587509948455664,0.17736474430312835
ecg_transformer,706,0.32715477293790546,0.051369216241737438,0.14683663833805477,0.046041650731553384,0.1778469537157413
ecg_transformer,707,0.32761816496756258,0.051390853371051343,0.1471004243281471,0.046044315146750836,0.1778301880341433
ecg_transformer,708,0.32808155699721964,0.051318267419962281,0.14689265536723162,0.045993595971516719,0.17769648633250379
ecg_transformer,709,0.32854494902687675,0.051433944522802012,0.14715561824165491,0.046093801487391929,0.17800628028152685
ecg_transformer,710,0.32900834105653382,0.051361502347417792,0.14694835680751175,0.046040995606994366,0.17786886116478018
ecg_transformer,711,0.32947173308619093,0.051476793248945101,0.14721050164088137,0.046141736271382273,0.17819432758489087
ecg_transformer,712,0.32993512511584799,0.051404494382022416,0.14700374531835206,0.046094282188293818,0.17806879277553556
ecg_transformer,713,0.33039851714550511,0.0513323983169705,0.14679756895745677,0.046044992400739761,0.17793813577588882
ecg_transformer,714,0.33086190917516217,0.051447245564892573,0.14752567693744165,0.046095759784008795,0.17803333505065086
ecg_transformer,715,0.33132530120481929,0.05146853146853142,0.14778554778554778,0.04605022609115917,0.17791160338524659
ecg_transformer,716,0.33178869323447635,0.05139664804469269,0.14757914338919925,0.046000009900593851,0.17778018889906569
ecg_transformer,717,0.33225208526413347,0.051417945141794465,0.1478382147838215,0.046004463299386261,0.17777497878151469
ecg_transformer,718,0.33271547729379053,0.051439182915505997,0.14809656453110492,0.04602784560268177,0.17785006667537107
ecg_transformer,719,0.33317886932344765,0.051553082985628142,0.14835419564209551,0.04611637000849414,0.17808341489542379
ecg_transformer,720,0.33364226135310471,0.051481481481481434,0.14814814814814814,0.046073912658371262,0.1779696496613897
ecg_transformer,721,0.33410565338276182,0.051595006934812719,0.14840499306518723,0.046172693106163905,0.17828959046339152
ecg_transformer,722,0.33456904541241889,0.051892890120036894,0.14912280701754385,0.046375377679735007,0.17880874306973435
ecg_transformer,723,0.33503243744207606,0.051821115721530614,0.14891655140617796,0.046322730215130142,0.17867174536555108
ecg_transformer,724,0.33549582947173312,0.05193370165745851,0.14917127071823202,0.046418123632240071,0.1789921966724759
ecg_transformer,725,0.33595922150139018,0.051862068965517198,0.14896551724137932,0.0463716174969881,0.17887073567897707
ecg_transformer,726,0.33642261353104724,0.051790633608815383,0.1487603305785124,0.046317940173457417,0.17873202624229334
ecg_transformer,727,0.33688600556070436,0.051994497936726225,0.14947271893626776,0.046470965709607848,0.17913271858808297
ecg_transformer,728,0.33734939759036142,0.051923076923076877,0.14926739926739926,0.04642729033124484,0.17901813118957829
ecg_transformer,729,0.33781278962001854,0.052126200274348368,0.14997713763145862,0.046535494885039129,0.17944215808346833
ecg_transformer,730,0.3382761816496756,0.052328767123287628,0.15068493150684933,0.046595989081702448,0.17956186722688347
ecg_transformer,731,0.33873957367933266,0.052439580483356091,0.15093479252165984,0.04668776747229083,0.17981402440991201
ecg_transformer,732,0.33920296570898972,0.052550091074681192,0.151183970856102,0.04679705600506693,0.18022577974534917
ecg_transformer,733,0.3396663577386469,0.052660300136425593,0.15143246930422918,0.046886907968422882,0.18048511805139703
ecg_transformer,734,0.34012974976830401,0.052770208900999045,0.15168029064486829,0.046970642996339108,0.18070127826715607
ecg_transformer,735,0.34059314179796107,0.052698412698412654,0.15147392290249434,0.046919266517273371,0.18056856115060416
ecg_transformer,736,0.34105653382761819,0.052807971014492701,0.15172101449275363,0.047017265735905596,0.18092734899738452
ecg_transformer,737,0.34151992585727525,0.05300768882858431,0.15241971958389869,0.04711981548646902,0.18115188690135312
ecg_transformer,738,0.34198331788693243,0.053026196928635916,0.15266485998193316,0.047142186281188797,0.18121034325085952
ecg_transformer,739,0.34244670991658949,0.053044654939106851,0.15290933694181327,0.047164729885757074,0.18128240919757665
ecg_transformer,740,0.34291010194624655,0.05315315315315311,0.15315315315315314,0.04725686389119288,0.18155513484101102
ecg_transformer,741,0.34337349397590361,0.053171390013495239,0.15339631129104814,0.047266482564432881,0.18157008345602454
ecg_transformer,742,0.34383688600556073,0.053189577717879556,0.15363881401617252,0.047263021693217173,0.18154158040552715
ecg_transformer,743,0.34430027803521779,0.053387169134140829,0.15432929564827277,0.047376907745684121,0.18180667671458892
ecg_transformer,744,0.34476367006487491,0.053763440860215006,0.15501792114695342,0.04764836990068206,0.18258036494301141
ecg_transformer,745,0.34522706209453197,0.053870246085011141,0.15525727069351233,0.047718714643288009,0.18274359396313847
ecg_transformer,746,0.34569045412418903,0.05397676496872203,0.15549597855227881,0.047785426759232773,0.18289856737779142
ecg_transformer,747,0.34615384615384609,0.054082998661311867,0.15573404730031234,0.047866451389004611,0.18311149499242352
ecg_transformer,748,0.34661723818350326,0.054278074866310116,0.15641711229946523,0.04792993515786121,0.18325069974218047
ecg_transformer,749,0.34708063021316032,0.054650645304850864,0.157543391188251,0.048268301426358205,0.18417022661417462
ecg_transformer,750,0.34754402224281744,0.054577777777777732,0.15733333333333333,0.048216328857755758,0.18403738704962005
ecg_transformer,751,0.3480074142724745,0.054505104305370568,0.15712383488681758,0.048168179800406156,0.18391322246058253
ecg_transformer,752,0.34847080630213162,0.054432624113475138,0.15691489361702127,0.048120641763301879,0.18379174410952923
ecg_transformer,753,0.34893419833178868,0.054360336432049537,0.15670650730411687,0.048069756409291425,0.18366135139761189
ecg_transformer,754,0.34939759036144585,0.054553492484526928,0.15738284703801944,0.048188074446446384,0.1839309457686833
ecg_transformer,755,0.34986098239110291,0.05448123620309047,0.15717439293598234,0.048143750756101646,0.18381509833956344
ecg_transformer,756,0.35032437442075998,0.054497354497354454,0.15740740740740741,0.048157889887240041,0.18384571712291409
ecg_transformer,757,0.35078776645041704,0.054953764861294545,0.15808014090708938,0.048525779510755186,0.184911131093763
ecg_transformer,758,0.35125115848007415,0.054881266490765135,0.1578715919085312,0.048481066644627056,0.18479621608010477
ecg_transformer,759,0.35171455050973122,0.054896794027228774,0.15810276679841898,0.048512056428678306,0.18491783682725038
ecg_transformer,760,0.35217794253938833,0.054824561403508727,0.15789473684210528,0.048460057651956684,0.18478545319213638
ecg_transformer,761,0.35264133456904539,0.054927726675427037,0.15856329391151994,0.048501228006835158,0.18495449428048663
ecg_transformer,762,0.35310472659870246,0.055030621172353418,0.15923009623797027,0.048531962432862057,0.18505969002460843
ecg_transformer,763,0.35356811862835952,0.054958497160331993,0.15902140672782875,0.048484340207911127,0.18493807720008473
ecg_transformer,764,0.35403151065801669,0.055148342059336795,0.15968586387434555,0.048626107458142692,0.1853221765497379
ecg_transformer,765,0.35449490268767375,0.055337690631808246,0.16034858387799564,0.048769177755716285,0.1857341913391484
ecg_transformer,766,0.35495829471733087,0.05543951261966925,0.16057441253263707,0.048845865392643358,0.18592963328897094
ecg_transformer,767,0.35542168674698793,0.05536723163841805,0.16036505867014342,0.048804487040479516,0.185822299365585
ecg_transformer,768,0.35588507877664505,0.055468749999999976,0.16059027777777776,0.048841665792539402,0.18588559936987029
ecg_transformer,769,0.35634847080630211,0.055483311660164687,0.16081491114000868,0.048861928542488553,0.18594688278314395
ecg_transformer,770,0.35681186283595928,0.055757575757575728,0.16147186147186146,0.049046101233842454,0.1863954826127083
ecg_transformer,771,0.35727525486561634,0.05577172503242539,0.16169476869865976,0.049079307275593585,0.18651065724748292
ecg_transformer,772,0.3577386468952734,0.05569948186528495,0.16148531951640757,0.049029382957957758,0.18638409842737372
ecg_transformer,773,0.35820203892493047,0.055627425614488975,0.16127641224665804,0.048979463262229739,0.18625804503066326
ecg_transformer,774,0.35866543095458758,0.055727820844099885,0.16149870801033592,0.049065281053159125,0.18649603932207129
ecg_transformer,775,0.35912882298424464,0.055741935483870943,0.16172043010752687,0.049073112315666821,0.18651165505083334
ecg_transformer,776,0.35959221501390176,0.055670103092783474,0.16151202749140894,0.049022901482951763,0.18638467826458391
ecg_transformer,777,0.36005560704355882,0.055598455598455575,0.16130416130416131,0.048974450454400027,0.18626193669937355
ecg_transformer,778,0.36051899907321588,0.055526992287917708,0.1610968294772922,0.048921644555604236,0.18612909857920343
ecg_transformer,779,0.36098239110287306,0.055626872058194242,0.16131792896876337,0.048982473490159641,0.18626977881456389
ecg_transformer,780,0.36144578313253012,0.055726495726495705,0.16196581196581197,0.04905697224942035,0.18648306882025575
ecg_transformer,781,0.36190917516218724,0.05599658557405033,0.16261203585147246,0.049220727435794441,0.18698144641538583
ecg_transformer,782,0.3623725671918443,0.055924978687127001,0.16240409207161124,0.049173020608405303,0.18686114350490621
ecg_transformer,783,0.36283595922150141,0.056194125159642373,0.16304810557684121,0.049333582069126108,0.18732217327484027
ecg_transformer,784,0.36329935125115848,0.056207482993197257,0.16326530612244897,0.049288992863957902,0.18720843347209315
ecg_transformer,785,0.36376274328081565,0.056135881104033947,0.16305732484076432,0.049237327150913245,0.18707938843548341
ecg_transformer,786,0.36422613531047271,0.056149279050042383,0.16327396098388466,0.049220733211294637,0.18702302346834163
ecg_transformer,787,0.36468952734012977,0.056077933079203703,0.16306649724692926,0.049175187397748732,0.18690889731129881
ecg_transformer,788,0.36515291936978683,0.056429780033840922,0.16370558375634517,0.0493946745935748,0.18756304351248823
ecg_transformer,789,0.36561631139944395,0.056527249683143189,0.16392057456696241,0.049484374411778144,0.18781747749613267
ecg_transformer,790,0.36607970342910101,0.056793248945147666,0.16455696202531644,0.049613081924423513,0.18814990405027163
ecg_transformer,791,0.36654309545875813,0.056721449641803597,0.16434892541087232,0.049576481119478211,0.18805269046385034
ecg_transformer,792,0.36700648748841519,0.056818181818181795,0.16498316498316498,0.049591368543476864,0.18808895474941967
ecg_transformer,793,0.36746987951807225,0.05691467002942411,0.16519546027742751,0.049661513186349836,0.18827966188671263
ecg_transformer,794,0.36793327154772931,0.056926952141057911,0.16540722082283796,0.049629338879742475,0.18819024995688119
ecg_transformer,795,0.36839666357738649,0.05702306079664568,0.16561844863731656,0.049695595815973513,0.18836487586674974
ecg_transformer,796,0.36886005560704355,0.057370184254606348,0.16666666666666666,0.049967852904556097,0.18912502857520075
ecg_transformer,797,0.36932344763670066,0.057549142618151382,0.16729401923881224,0.050100254230683428,0.1894653867980324
ecg_transformer,798,0.36978683966635773,0.057477025898078508,0.16708437761069339,0.050053369380834455,0.18934780776234905
ecg_transformer,799,0.37025023169601484,0.05757196495619523,0.16729244889445138,0.050141019586233633,0.18963394981666784
ecg_transformer,800,0.3707136237256719,0.057749999999999989,0.16749999999999998,0.050292773631030525,0.19011363547117835
ecg_transformer,801,0.37117701575532908,0.057677902621722822,0.16729088639200998,0.050247255686969222,0.18999899467281756
ecg_transformer,802,0.37164040778498614,0.057855361596009958,0.16749792186201162,0.05040892011653772,0.19053754672869241
ecg_transformer,803,0.3721037998146432,0.057783312577833111,0.16728933167289331,0.050360722195516849,0.19041560226377641
ecg_transformer,804,0.37256719184430026,0.057877280265339948,0.16749585406301826,0.050464521526386995,0.19080954431970501
ecg_transformer,805,0.37303058387395738,0.057888198757763958,0.16770186335403725,0.050461008156846843,0.19078781999532335
ecg_transformer,806,0.37349397590361444,0.058229942100909822,0.16832092638544252,0.050731418878618949,0.19155277914294211
ecg_transformer,807,0.37395736793327156,0.058405617513424185,0.16893845518380834,0.050843226655440589,0.19181407585477236
ecg_transformer,808,0.37442075996292862,0.058745874587458724,0.16996699669966997,0.051072059106704593,0.19242106197943187
ecg_transformer,809,0.37488415199258568,0.058755665430572701,0.17016893283889578,0.051060094851507747,0.19237506620591341
ecg_transformer,810,0.37534754402224274,0.058930041152263357,0.17078189300411525,0.051138977687260369,0.19260127221496706
ecg_transformer,811,0.37581093605189991,0.059103986847513341,0.1713933415536375,0.051191648152841558,0.19270696848787872
ecg_transformer,812,0.37627432808155697,0.059277504105090299,0.1720032840722496,0.051331282358320622,0.19314300671468984
ecg_transformer,813,0.37673772011121409,0.059450594505945052,0.17261172611726117,0.051404449429158221,0.1932866576468435
ecg_transformer,814,0.37720111214087115,0.059541359541359529,0.17280917280917282,0.051454355796140251,0.19339460795341515
ecg_transformer,815,0.37766450417052827,0.059631901840490775,0.17341513292433541,0.051536787935517608,0.19366113415493702
ecg_transformer,816,0.37812789620018533,0.05980392156862744,0.17401960784313728,0.05163895069609644,0.19388880360628111
ecg_transformer,817,0.3785912882298425,0.059975520195838426,0.17462260301917584,0.051740458299452917,0.19411726703360518
ecg_transformer,818,0.37905468025949957,0.06022819885900569,0.17522412387938061,0.051941845780810271,0.19482614379780264
ecg_transformer,819,0.37951807228915663,0.060236060236060228,0.17541717541717541,0.05194530689530414,0.19483374590992938
ecg_transformer,820,0.37998146431881369,0.060325203252032507,0.17560975609756099,0.051983322522890278,0.19490237770775454
ecg_transformer,821,0.38044485634847081,0.06025172553796182,0.1753958587088916,0.051960680568348926,0.19483353083400332
ecg_transformer,822,0.38090824837812792,0.060178426601784261,0.17518248175182483,0.051916465809633834,0.19472321410568183
ecg_transformer,823,0.38137164040778498,0.060105305791818532,0.17496962332928312,0.051866636342523968,0.19459921241421066
ecg_transformer,824,0.38183503243744205,0.060113268608414233,0.17516181229773464,0.051891573562144362,0.19469715477721239
ecg_transformer,825,0.38229842446709911,0.060202020202020194,0.17535353535353537,0.051962959877790517,0.1948820734007484
ecg_transformer,826,0.38276181649675628,0.060290556900726378,0.17554479418886196,0.05204344099540751,0.19512863132598235
ecg_transformer,827,0.38322520852641334,0.060620717452640048,0.1765417170495768,0.052256190560280968,0.19565997524919221
ecg_transformer,828,0.38368860055607046,0.060628019323671484,0.17673107890499196,0.052274480036578773,0.19571222427581467
ecg_transformer,829,0.38415199258572752,0.060554885404101311,0.17651789304382792,0.052225214551128357,0.19559040289161977
ecg_transformer,830,0.38461538461538464,0.060562248995983926,0.17670682730923695,0.052192174858422612,0.19550101149103824
ecg_transformer,831,0.3850787766450417,0.060489370236662648,0.17649418371440032,0.052142154691384203,0.19537752505042363
ecg_transformer,832,0.38554216867469887,0.060576923076923063,0.17668269230769229,0.052240172816949586,0.19576888956442429
ecg_transformer,833,0.38600556070435593,0.060504201680672269,0.17647058823529413,0.052195935422948141,0.19565844758574713
ecg_transformer,834,0.38646895273401299,0.060511590727418053,0.17665867306155078,0.052198181083462719,0.19565500793401233
ecg_transformer,835,0.38693234476367006,0.060439121756487017,0.17644710578842315,0.052157116258507719,0.19555205827042241
ecg_transformer,836,0.38739573679332717,0.060446570972886748,0.17663476874003189,0.052190289276831191,0.19571344246809086
ecg_transformer,837,0.38785912882298423,0.060533651931501377,0.17682198327359619,0.05220240163975836,0.19574058009389109
ecg_transformer,838,0.38832252085264135,0.060620525059665864,0.17700875099443122,0.052281987178321922,0.19599395585470225
ecg_transformer,839,0.38878591288229841,0.060627731426301144,0.17719507350019867,0.052239141981938401,0.19588600246761093
ecg_transformer,840,0.38924930491195547,0.0607142857142857,0.17738095238095239,0.052310436893654243,0.19607729031701518
ecg_transformer,841,0.38971269694161254,0.060959175584621467,0.17796274276654778,0.052476957396715151,0.19648513653712815
ecg_transformer,842,0.39017608897126971,0.060886777513855884,0.17775138558986539,0.052428891621869859,0.19636687707084857
ecg_transformer,843,0.39063948100092677,0.06081455120601028,0.17754052985369714,0.052413334033822569,0.19631493609278391
ecg_transformer,844,0.39110287303058389,0.060742496050552909,0.1773301737756714,0.052372449968223829,0.19620931768048763
ecg_transformer,845,0.39156626506024095,0.060749506903353047,0.1775147928994083,0.05233844829043232,0.19611936538860833
ecg_transformer,846,0.39202965708989806,0.060914105594956656,0.17809298660362491,0.052477390724188701,0.19652929131911148
ecg_transformer,847,0.39249304911955513,0.060920897284533641,0.1782762691853601,0.052452598495954732,0.19645854141847321
ecg_transformer,848,0.3929564411492123,0.061006289308176087,0.17845911949685536,0.052525860668669377,0.19666262729674175
ecg_transformer,849,0.39341983317886936,0.061170003926187655,0.17903415783274443,0.052579664902851542,0.19677269990067303
ecg_transformer,850,0.39388322520852642,0.061098039215686267,0.17882352941176471,0.052535510351477889,0.19666197535004182
ecg_transformer,851,0.39434661723818348,0.061182922052487265,0.17900509204857032,0.052609065017628472,0.19687614868511263
ecg_transformer,852,0.3948100092678406,0.061345852895148663,0.17996870109546168,0.052732343110380074,0.19724993994214882
ecg_transformer,853,0.39527340129749766,0.061586557248925367,0.18053927315357562,0.052872695990036724,0.19761820515681683
ecg_transformer,854,0.39573679332715478,0.061592505854800937,0.1807181889149102,0.052868226908800144,0.19759412109380839
ecg_transformer,855,0.39620018535681184,0.061754385964912284,0.18128654970760236,0.052959455458236764,0.19780826830001316
ecg_transformer,856,0.3966635773864689,0.061915887850467283,0.18185358255451711,0.053082339474809913,0.19817094870087426
ecg_transformer,857,0.39712696941612596,0.061999222092570992,0.18203033838973162,0.053119036009716236,0.19823929319579778
ecg_transformer,858,0.39759036144578314,0.062160062160062153,0.18259518259518259,0.053229043138107814,0.19851864751914172
ecg_transformer,859,0.3980537534754402,0.062165308498253781,0.18277066356228175,0.053260025462596061,0.19857290863903257
ecg_transformer,860,0.39851714550509731,0.062325581395348835,0.18372093023255812,0.053223946806399587,0.19847996482482586
ecg_transformer,861,0.39898053753475438,0.062253193960511037,0.18350754936120792,0.053184746913326898,0.19838148079168053
ecg_transformer,862,0.39944392956441149,0.062412993039443164,0.18406805877803559,0.053294511004252677,0.19865333112441766
ecg_transformer,863,0.39990732159406855,0.062340672074159907,0.18385477018153726,0.053244092423509741,0.19853011463152992
ecg_transformer,864,0.40037071362372573,0.062422839506172841,0.18402777777777779,0.053275210482128112,0.1985849694589896
ecg_transformer,865,0.40083410565338279,0.062658959537572265,0.18458574181117535,0.053455017838693518,0.19909455154756758
ecg_transformer,866,0.40129749768303985,0.062971516551193221,0.18514241724403388,0.053695428909098571,0.19996654433366054
ecg_transformer,867,0.40176088971269697,0.063052672049211847,0.1853133410226836,0.053738628091364093,0.20005541218514344
ecg_transformer,868,0.40222428174235403,0.06305683563748081,0.18548387096774191,0.053755531550513942,0.20012022987704944
ecg_transformer,869,0.40268767377201115,0.063060989643268131,0.1856540084388186,0.053751043754929062,0.20009774513256992
ecg_transformer,870,0.40315106580166821,0.063218390804597721,0.18620689655172415,0.053834305351828461,0.20034877538078569
ecg_transformer,871,0.40361445783132527,0.063145809414466139,0.18599311136624572,0.053795670137624575,0.20025295679169294
ecg_transformer,872,0.40407784986098233,0.063073394495412841,0.18577981651376144,0.053746971230849226,0.20013434030901933
ecg_transformer,873,0.4045412418906395,0.06307751050019092,0.18594883543337151,0.053739566751290303,0.20010404586493891
ecg_transformer,874,0.40500463392029656,0.063234172387490475,0.18649885583524028,0.053803420769800013,0.20025625720680817
ecg_transformer,875,0.40546802594995368,0.063238095238095246,0.18666666666666665,0.053761826568482357,0.20015299748236914
ecg_transformer,876,0.40593141797961074,0.063165905631659067,0.18645357686453576,0.053729803150917695,0.20006958969504862
ecg_transformer,877,0.40639481000926786,0.063093880653743828,0.18624097301406309,0.053689052203038178,0.19996865927450921
ecg_transformer,878,0.40685820203892492,0.063097949886104787,0.18640850417615792,0.053652307044178511,0.1998767578378623
ecg_transformer,879,0.40732159406858209,0.063177853621539645,0.18657565415244595,0.05372317649357717,0.20006069997602002
ecg_transformer,880,0.40778498609823915,0.063333333333333339,0.1871212121212121,0.053736801975088178,0.20008163538578808
ecg_transformer,881,0.40824837812789622,0.063261445327279606,0.18690881573968976,0.053712417298414271,0.20001498609378107
ecg_transformer,882,0.40871177015755328,0.063189720332577484,0.18669690098261527,0.053674542484323483,0.19991980659189393
ecg_transformer,883,0.4091751621872104,0.06326915817289544,0.1868629671574179,0.053729508112960032,0.20003399154486798
ecg_transformer,884,0.40963855421686746,0.063273001508295637,0.18702865761689291,0.053704088758906532,0.19996346637965415
ecg_transformer,885,0.41010194624652457,0.063352165725047094,0.18719397363465159,0.053791376807501179,0.20029012244712005
ecg_transformer,886,0.41056533827618164,0.063355906696764497,0.18735891647855529,0.053801980250457737,0.20031267395778637
ecg_transformer,887,0.4110287303058387,0.063509958662157098,0.18789928598271324,0.053855577700040125,0.2004532639838088
ecg_transformer,888,0.41149212233549576,0.063663663663663675,0.18843843843843844,0.053940577014428087,0.20073691333402144
ecg_transformer,889,0.41195551436515293,0.063742032245969263,0.1889763779527559,0.054001717397400402,0.20091750438335595
ecg_transformer,890,0.41241890639480999,0.063670411985018729,0.18876404494382024,0.053961420212792488,0.2008174223281137
ecg_transformer,891,0.41288229842446711,0.063673774784885909,0.18892630003741115,0.053972640604636551,0.20086377708369507
ecg_transformer,892,0.41334569045412417,0.06382660687593425,0.1890881913303438,0.054115113808708516,0.20134686714180058
ecg_transformer,893,0.41380908248378129,0.063979096677864888,0.18962299365434862,0.054195423535403804,0.20151764503891531
ecg_transformer,894,0.41427247451343835,0.064131245339299051,0.19015659955257269,0.054243070281600018,0.20160742808301427
ecg_transformer,895,0.41473586654309552,0.064208566108007459,0.19031657355679701,0.054322741616946696,0.20185006992429952
ecg_transformer,896,0.41519925857275258,0.064285714285714293,0.19047619047619047,0.054287812258001091,0.20176154023162793
ecg_transformer,897,0.41566265060240964,0.064511334076551477,0.19100706057227798,0.054470736717425222,0.20226634943136632
ecg_transformer,898,0.41612604263206671,0.064662212323682272,0.19153674832962139,0.05459289831817838,0.20258462688070863
ecg_transformer,899,0.41658943466172382,0.064812754912866158,0.19206525769373375,0.054693210594783215,0.20281271717339019
ecg_transformer,900,0.41705282669138088,0.064814814814814825,0.19222222222222221,0.054707377992517826,0.20283048369048892
ecg_transformer,901,0.417516218721038,0.064742878283388844,0.19200887902330743,0.054661079259564906,0.20271898865855828
ecg_transformer,902,0.41797961075069506,0.06467110125646712,0.19179600886917961,0.054647517714305038,0.20267544095182441
ecg_transformer,903,0.41844300278035212,0.064894795127353286,0.19232188999630861,0.054779845629145944,0.20302609347924996
ecg_transformer,904,0.41890639481000919,0.064970501474926265,0.19247787610619468,0.054783897396202708,0.20302883550626047
ecg_transformer,905,0.41936978683966636,0.064898710865561718,0.1922651933701657,0.054738796640328193,0.20292003010793924
ecg_transformer,906,0.41983317886932342,0.064974245768947766,0.19242089771891094,0.054789856183609015,0.2030672258714589
ecg_transformer,907,0.42029657089898054,0.064902609334803393,0.1922087467842705,0.05474725164124563,0.20296333639594441
ecg_transformer,908,0.42075996292863765,0.06519823788546257,0.19273127753303965,0.054944093336852545,0.20364925910748968
ecg_transformer,909,0.42122335495829472,0.065346534653465363,0.19325265859919324,0.055040031723280362,0.20388183151028694
ecg_transformer,910,0.42168674698795189,0.065421245421245444,0.19377289377289375,0.055077376872914856,0.20399455792046137
ecg_transformer,911,0.42215013901760895,0.065422612513721209,0.19392608854738383,0.055050449062782419,0.2039211913119717
ecg_transformer,912,0.42261353104726601,0.065423976608187162,0.19407894736842105,0.055056440828700037,0.20394441983353781
ecg_transformer,913,0.42307692307692307,0.065425337714494367,0.19423147133990507,0.055037137350041031,0.20388815546680125
ecg_transformer,914,0.42354031510658019,0.065499635302698797,0.19438366156090445,0.055091526842445726,0.20402557468393079
ecg_transformer,915,0.42400370713623725,0.065428051001821516,0.19417122040072857,0.055045300587241608,0.20391444958531527
ecg_transformer,916,0.42446709916589437,0.065356622998544417,0.19395924308588064,0.055005760697394095,0.20381777386542652
ecg_transformer,917,0.42493049119555143,0.065358051617593615,0.19411123227917124,0.055022598618608455,0.20386961711979923
ecg_transformer,918,0.42539388322520849,0.065359477124183038,0.19426289034132171,0.05504408198144093,0.20398661654910347
ecg_transformer,919,0.42585727525486555,0.065288356909684458,0.19405150525933987,0.05501048030559038,0.20390415019715966
ecg_transformer,920,0.42632066728452273,0.065362318840579733,0.19456521739130436,0.055042488855835382,0.20396594085335007
ecg_transformer,921,0.42678405931417979,0.065436120159247213,0.19507781397032212,0.055045355369085502,0.20396105938195944
ecg_transformer,922,0.4272474513438369,0.065509761388286361,0.19522776572668113,0.055111955669011836,0.2041755662007966
ecg_transformer,923,0.42771084337349397,0.0655832430480318,0.19537739256049114,0.055167946851961545,0.2043172535615102
ecg_transformer,924,0.42817423540315108,0.065800865800865818,0.19588744588744589,0.055336044267350587,0.20493887533615307
ecg_transformer,925,0.42863762743280814,0.065873873873873903,0.19639639639639639,0.055411484303692332,0.2051661553350419
ecg_transformer,926,0.42910101946246532,0.065946724262059053,0.19654427645788339,0.055488448751302481,0.20540585813509185
ecg_transformer,927,0.42956441149212238,0.065875584322186279,0.19633225458468176,0.055451852716452359,0.20531599147254176
ecg_transformer,928,0.43002780352177944,0.066020114942528754,0.19683908045977014,0.055556699645328868,0.20569592772738896
ecg_transformer,929,0.4304911955514365,0.066020810907786179,0.19698600645855757,0.055579566817529659,0.20573467635576881
ecg_transformer,930,0.43095458758109362,0.066093189964157736,0.1971326164874552,0.055646324976446032,0.20594267316142098
ecg_transformer,931,0.43141797961075068,0.06609380594343002,0.19727891156462585,0.055651235596781388,0.20595659060423019
ecg_transformer,932,0.4318813716404078,0.066022889842632368,0.19706723891273248,0.055642739644305432,0.20592354019284262
ecg_transformer,933,0.43234476367006486,0.066095033940693132,0.19721329046087888,0.055656303427994297,0.20594893621197638
ecg_transformer,934,0.43280815569972192,0.066238401142041423,0.19735902926481086,0.055793108712227694,0.20639767511723961
ecg_transformer,935,0.43327154772937898,0.066238859180035678,0.19750445632798574,0.055757510376842685,0.20631046044741483
ecg_transformer,936,0.43373493975903615,0.066310541310541329,0.19764957264957264,0.055811520770212321,0.20642942829202501
ecg_transformer,937,0.43419833178869321,0.066239772323016755,0.19743863393810032,0.055786020265562737,0.20636159623990835
ecg_transformer,938,0.43466172381835033,0.066311300639658871,0.19793887704335467,0.055822525469652641,0.20644535087773741
ecg_transformer,939,0.43512511584800739,0.066382676606318802,0.19843805466808662,0.055890917761707716,0.20664339956833022
ecg_transformer,940,0.43558850787766451,0.066524822695035485,0.19893617021276597,0.056001966474557553,0.20695263063339056
ecg_transformer,941,0.43605189990732157,0.066595820049592677,0.19943322706340774,0.056057916237843369,0.20711479766558241
ecg_transformer,942,0.43651529193697874,0.066595895258315677,0.19957537154989388,0.056030890699488585,0.20704364472896922
ecg_transformer,943,0.43697868396663581,0.066525273948391694,0.19936373276776245,0.055990982140041799,0.20694619466994194
ecg_transformer,944,0.43744207599629287,0.066454802259887036,0.19915254237288135,0.055966680279701274,0.20688024267862273
ecg_transformer,945,0.43790546802594993,0.066384479717813083,0.19894179894179895,0.055922933397043288,0.20677552711967248
ecg_transformer,946,0.43836886005560705,0.066525722339675866,0.19943622269203665,0.056041687600828415,0.20713967806633815
ecg_transformer,947,0.43883225208526411,0.066525871172122525,0.19957761351636749,0.056027403908115087,0.20709705095506292
ecg_transformer,948,0.43929564411492122,0.066455696202531681,0.19936708860759492,0.055984597482857175,0.20699443936985729
ecg_transformer,949,0.43975903614457829,0.066666666666666707,0.19985950122936424,0.056138434208434985,0.20739254212897271
ecg_transformer,950,0.44022242817423535,0.06680701754385969,0.19999999999999998,0.056258767105017531,0.20771297092096133
ecg_transformer,951,0.44068582020389252,0.066736768314055422,0.19978969505783387,0.056217509941452415,0.20761445492911154
ecg_transformer,952,0.44114921223354958,0.06680672268907567,0.20028011204481791,0.056245312895406685,0.20776701614720158
ecg_transformer,953,0.4416126042632067,0.066806575725778292,0.20041972717733472,0.05621480673398168,0.20768888499454086
ecg_transformer,954,0.44207599629286376,0.066736547868623375,0.20020964360587001,0.056169057425003839,0.20758013707555781
ecg_transformer,955,0.44253938832252088,0.066736474694589917,0.20034904013961605,0.056165152529654629,0.20755844167320112
ecg_transformer,956,0.44300278035217794,0.066875871687587199,0.20083682008368201,0.056234760447346349,0.20775689495518712
ecg_transformer,957,0.44346617238183511,0.06680599094392202,0.20062695924764892,0.056201199850984561,0.20767447027796837
ecg_transformer,958,0.44392956441149217,0.066736256089074505,0.20041753653444674,0.056181100987895492,0.20761878547319457
ecg_transformer,959,0.44439295644114923,0.066666666666666707,0.20020855057351405,0.056145797877623749,0.20753259305050883
ecg_transformer,960,0.4448563484708063,0.066597222222222266,0.19999999999999998,0.056141051342507943,0.2075111212027588
ecg_transformer,961,0.44531974050046341,0.066736038848421816,0.20048560527228579,0.056174929930463614,0.20762528167636307
ecg_transformer,962,0.44578313253012047,0.066666666666666707,0.20027720027720031,0.05613818602846158,0.20753544470289545
ecg_transformer,963,0.44624652455977759,0.066805122879889281,0.20076150917272409,0.05621452266369787,0.20770947835226383
ecg_transformer,964,0.44670991658943465,0.066943291839557453,0.20124481327800828,0.056258329774320236,0.20779765593797758
ecg_transformer,965,0.44717330861909171,0.067150259067357568,0.20172711571675303,0.056339612438328267,0.2079841700724846
ecg_transformer,966,0.44763670064874878,0.067080745341614956,0.20151828847481021,0.056298300474903577,0.20788629530968458
ecg_transformer,967,0.44810009267840595,0.067149258876249632,0.20165460186142706,0.056336216555627906,0.20796270329932884
ecg_transformer,968,0.44856348470806301,0.067148760330578552,0.20179063360881541,0.056342904056066873,0.20797694368262429
ecg_transformer,969,0.44902687673772013,0.06721706226350195,0.20227038183694532,0.056350142476715603,0.20798424772641577
ecg_transformer,970,0.44949026876737719,0.067285223367697641,0.20240549828178697,0.056384739263133608,0.20806091915539662
ecg_transformer,971,0.4499536607970343,0.067353244078269883,0.20254033642293168,0.056451079153902038,0.20826827035448761
ecg_transformer,972,0.45041705282669137,0.067489711934156441,0.20301783264746229,0.056531891320750427,0.20850512677962332
ecg_transformer,973,0.45088044485634854,0.067625899280575608,0.20349434737923947,0.056590316312403542,0.20864487791653819
ecg_transformer,974,0.4513438368860056,0.06755646817248466,0.20328542094455851,0.056574347836269002,0.20859918844243105
ecg_transformer,975,0.45180722891566266,0.067623931623931696,0.20341880341880345,0.056642806378514543,0.20887725050908026
ecg_transformer,976,0.45227062094531972,0.067691256830601162,0.20389344262295084,0.056666364190080344,0.20896142778305851
ecg_transformer,977,0.45273401297497684,0.067758444216990857,0.2043671102012965,0.056711742062812383,0.20909389449438023
ecg_transformer,978,0.4531974050046339,0.067825494205862383,0.20483980913428765,0.056735295041503153,0.20914995159457564
ecg_transformer,979,0.45366079703429102,0.067756213823629619,0.20463057541709229,0.056689714841881532,0.20904250138982036
ecg_transformer,980,0.45412418906394808,0.067755102040816403,0.20476190476190478,0.056691514526127584,0.2090396534842589
ecg_transformer,981,0.45458758109360514,0.067753992524634807,0.20489296636085627,0.056704464422274746,0.20905951583249913
ecg_transformer,982,0.4550509731232622,0.067820773930753642,0.20502376103190767,0.05672300865704305,0.20908712896211257
ecg_transformer,983,0.45551436515291938,0.067955239064089609,0.20549338758901323,0.056810233433836677,0.20932311685492253
ecg_transformer,984,0.45597775718257644,0.06795392953929548,0.20562330623306235,0.056817223259233357,0.2093493453618511
ecg_transformer,985,0.45644114921223355,0.068020304568527992,0.2057529610829103,0.056864454548485377,0.20946007507362308
ecg_transformer,986,0.45690454124189062,0.068086544962812801,0.20588235294117649,0.056886906223503862,0.20949492382929516
ecg_transformer,987,0.45736793327154773,0.068085106382978808,0.20601148260722732,0.056856739215573042,0.20942168339981593
ecg_transformer,988,0.45783132530120479,0.068083670715249747,0.20614035087719298,0.056897211936459274,0.20952396865679393
ecg_transformer,989,0.45829471733086197,0.068082237950792143,0.20626895854398383,0.056905167211553587,0.20955955200993878
ecg_transformer,990,0.45875810936051903,0.068013468013468095,0.20606060606060606,0.056875579209363571,0.20948425358431241
ecg_transformer,991,0.45922150139017609,0.068146653212243613,0.20652539522367977,0.056904748520270464,0.20953000331698726
ecg_transformer,992,0.45968489341983315,0.068077956989247401,0.20631720430107525,0.056860339520915758,0.20942596817448697
ecg_transformer,993,0.46014828544949027,0.068143672373279715,0.20678079892581402,0.056882177960420978,0.20950072681948476
ecg_transformer,994,0.46061167747914739,0.068209255533199287,0.20724346076458752,0.056860581788278096,0.20944399344978107
ecg_transformer,995,0.46107506950880445,0.068274706867671786,0.20737018425460638,0.056885998802755834,0.20949901114396607
ecg_transformer,996,0.46153846153846151,0.0684738955823294,0.20783132530120482,0.057008026630478957,0.20984143557873922
ecg_transformer,997,0.46200185356811857,0.068538950183885075,0.20829154129053828,0.057044371024807465,0.20996542301424501
ecg_transformer,998,0.46246524559777574,0.068603874415497756,0.20841683366733468,0.057112815738174921,0.21016763444143807
ecg_transformer,999,0.4629286376274328,0.068668668668668761,0.20887554220887553,0.057129779212589334,0.21023944744816128
ecg_transformer,1000,0.46339202965708992,0.068666666666666779,0.20899999999999999,0.057098603386928938,0.21016378452055592
ecg_transformer,1001,0.46385542168674698,0.068864468864468967,0.20979020979020979,0.057104409729579808,0.21016280549761598
ecg_transformer,1002,0.4643188137164041,0.068995342648037375,0.21024617431803061,0.057199442704847399,0.21038109928071416
ecg_transformer,1003,0.46478220574606116,0.06919242273180469,0.21070122964440011,0.057352311447117575,0.21086149584048627
ecg_transformer,1004,0.46524559777571833,0.06918990703851273,0.21082337317397079,0.057324331079623946,0.21079223328566807
ecg_transformer,1005,0.4657089898053754,0.069386401326699945,0.2112769485903814,0.057398238708011667,0.21102255737005282
ecg_transformer,1006,0.46617238183503246,0.069516235917826477,0.21172962226640157,0.057466718602775878,0.21118339827502455
ecg_transformer,1007,0.46663577386468952,0.06944720291294286,0.21151936444885799,0.057431504948011997,0.21109906791439584
ecg_transformer,1008,0.46709916589434664,0.069510582010582134,0.21164021164021163,0.057478422078807843,0.21120515095670414
ecg_transformer,1009,0.4675625579240037,0.069441691443673723,0.21143045920052858,0.057444841739317805,0.21112438294669944
ecg_transformer,1010,0.46802594995366081,0.069504950495049636,0.21155115511551156,0.057503736300986048,0.21125015904455083
ecg_transformer,1011,0.46848934198331788,0.0696340257171119,0.21200131882624462,0.057544811786461703,0.21133447503487368
ecg_transformer,1012,0.46895273401297494,0.069631093544137143,0.21212121212121213,0.057518246942955709,0.21126808245887316
ecg_transformer,1013,0.469416126042632,0.069628167160250207,0.21224086870681144,0.057527881469057414,0.21129609395074378
ecg_transformer,1014,0.46987951807228917,0.069822485207100715,0.21301775147928992,0.057629353243140023,0.21158877052174638
ecg_transformer,1015,0.47034291010194623,0.069950738916256291,0.2134646962233169,0.057685230099153974,0.21171715086488643
ecg_transformer,1016,0.47080630213160335,0.069881889763779667,0.21325459317585302,0.057661072273420801,0.21165540755525813
ecg_transformer,1017,0.47126969416126041,0.070075385119633044,0.21370042608980663,0.057796373069764727,0.2120150217843958
ecg_transformer,1018,0.47173308619091753,0.070203012442698234,0.21414538310412576,0.057813316033788677,0.21203734125455256
ecg_transformer,1019,0.47219647822057459,0.070264965652600722,0.21426234870788355,0.057844818129905572,0.21209631758433101
ecg_transformer,1020,0.47265987025023176,0.070261437908496871,0.21437908496732028,0.057851173130529621,0.21212053064659475
ecg_transformer,1021,0.47312326227988882,0.070388507998694241,0.2148220698661443,0.057942075460731157,0.21234886836254888
ecg_transformer,1022,0.47358665430954588,0.070384866275277388,0.21493803000652315,0.057944402577692837,0.21235789691820942
ecg_transformer,1023,0.47405004633920295,0.070446399478657704,0.21537960247637666,0.05798326834303652,0.21248143350553872
ecg_transformer,1024,0.47451343836886006,0.070377604166666816,0.21516927083333334,0.057939954092622481,0.21238059077494353
ecg_transformer,1025,0.47497683039851712,0.070569105691057052,0.2159349593495935,0.058067454423469556,0.21272375249081446
ecg_transformer,1026,0.47544022242817424,0.070630279402209381,0.21604938271604937,0.058124013840895696,0.21284242382168148
ecg_transformer,1027,0.4759036144578313,0.070756247971437994,0.21648815319701395,0.058179330148355239,0.21295143024906774
ecg_transformer,1028,0.47636700648748836,0.070881971465629204,0.21692607003891051,0.058214286926058088,0.2130328433676644
ecg_transformer,1029,0.47683039851714543,0.071007450599287494,0.21736313573048269,0.058282663825763463,0.21320457315805308
ecg_transformer,1030,0.4772937905468026,0.071067961165048696,0.2174757281553398,0.058363106407481324,0.21339877199283541
ecg_transformer,1031,0.47775718257645966,0.071257678629162782,0.21823472356935014,0.058439063084216536,0.21355355374334528
ecg_transformer,1032,0.47822057460611678,0.071447028423772777,0.21899224806201553,0.058603133953654497,0.21398937960882816
ecg_transformer,1033,0.47868396663577384,0.071506937721845923,0.21910293643110679,0.058658252456353865,0.2141449719958419
ecg_transformer,1034,0.47914735866543096,0.071695680206318668,0.21953578336557059,0.058759057754233068,0.2143714980796293
ecg_transformer,1035,0.47961075069508802,0.071626409017713541,0.21932367149758455,0.058721347358943549,0.21428372497428327
ecg_transformer,1036,0.48007414272474519,0.071621621621621792,0.21943371943371945,0.058697040596152154,0.21422277756012578
ecg_transformer,1037,0.48053753475440225,0.07168113146898121,0.2195435551269688,0.058716174986482163,0.21425527808811182
ecg_transformer,1038,0.48100092678405931,0.071740526653821635,0.21997430956968531,0.058682548751061214,0.21417479417457977
ecg_transformer,1039,0.48146431881371643,0.071928136028232462,0.22072505614372795,0.058829852405295126,0.21460218221258209
ecg_transformer,1040,0.48192771084337349,0.071987179487179656,0.22083333333333333,0.058857378819364009,0.21465985832919399
ecg_transformer,1041,0.48239110287303061,0.071982068523855441,0.22094140249759844,0.058872017608681791,0.21468320783820791
ecg_transformer,1042,0.48285449490268767,0.071976967370441639,0.22104926423544466,0.058868007918649823,0.21467249499241015
ecg_transformer,1043,0.48331788693234473,0.072291466922339578,0.22179610099073188,0.059086829881388192,0.21528983431275292
ecg_transformer,1044,0.48378127896200179,0.072286079182631094,0.22190293742017878,0.059061825655966377,0.21522736655984512
ecg_transformer,1045,0.48424467099165897,0.072472089314194757,0.22264752791068579,0.059092688024764584,0.21527742846195055
ecg_transformer,1046,0.48470806302131603,0.072466539196940905,0.22275334608030592,0.059089191081982122,0.21526524120388657
ecg_transformer,1047,0.48517145505097314,0.072460999681630237,0.22285896211397641,0.059093810674716772,0.21527384973926825
ecg_transformer,1048,0.48563484708063021,0.072582697201017995,0.22296437659033078,0.059201976888627827,0.21553673847376698
ecg_transformer,1049,0.48609823911028732,0.072513504925325892,0.22275182713695582,0.059160050603320052,0.21543970675366589
ecg_transformer,1050,0.48656163113994438,0.072571428571428773,0.22285714285714286,0.059151273996611305,0.21541243314194106
ecg_transformer,1051,0.48702502316960156,0.072629241991754079,0.22296225816682524,0.059188072662827058,0.21549505934503832
ecg_transformer,1052,0.48748841519925862,0.072623574144486877,0.22306717363751585,0.059199350042126307,0.2155069934320801
ecg_transformer,1053,0.48795180722891568,0.072807850585628553,0.22348844571066792,0.059301169773677838,0.21581858401405443
ecg_transformer,1054,0.48841519925857274,0.072928526249209549,0.22390891840607208,0.059375001778026106,0.2160140391577495
ecg_transformer,1055,0.48887859128822986,0.072859399684044424,0.22369668246445498,0.059346980759544483,0.21594596261966895
ecg_transformer,1056,0.48934198331788692,0.072916666666666866,0.22380050505050506,0.05937761048080395,0.2160106327771979
ecg_transformer,1057,0.48980537534754404,0.07284768211920549,0.22358877325764745,0.059347219048214071,0.21593772186188484
ecg_transformer,1058,0.4902687673772011,0.073093887838689559,0.22432262129804661,0.05951652781741875,0.21644359131619142
ecg_transformer,1059,0.49073215940685816,0.073150771167768538,0.22442555870317907,0.059576888639727481,0.21662743924135533
ecg_transformer,1060,0.49119555143651522,0.073144654088050515,0.22452830188679243,0.05955549453616038,0.21657308362001917
ecg_transformer,1061,0.49165894346617239,0.073264216148287986,0.22494502042098649,0.059637108767211705,0.21677245477885121
ecg_transformer,1062,0.49212233549582945,0.073258003766478549,0.22504708097928439,0.059603777936248513,0.21669524853403843
ecg_transformer,1063,0.49258572752548657,0.073314518657886699,0.22546252743806838,0.059579877264433055,0.21663662097948269
ecg_transformer,1064,0.49304911955514363,0.073370927318295961,0.22556390977443608,0.059607830443348643,0.2166928074739117
ecg_transformer,1065,0.49351251158480075,0.073677621283255293,0.22629107981220656,0.059811431215419243,0.21724179345368652
ecg_transformer,1066,0.49397590361445781,0.07367104440275192,0.22639149468417763,0.059785857309317895,0.217178305851671
ecg_transformer,1067,0.49443929564411498,0.073789440799750292,0.22680412371134021,0.059833068443538577,0.21727618596939824
ecg_transformer,1068,0.49490268767377205,0.07378277153558073,0.22690387016229716,0.059799694789130775,0.21719802305811076
ecg_transformer,1069,0.49536607970342911,0.073776114748986807,0.22700342999688181,0.059800651829042262,0.21720810443411598
ecg_transformer,1070,0.49582947173308617,0.073831775700934799,0.22710280373831773,0.059784599681568323,0.21716412192611481
ecg_transformer,1071,0.49629286376274329,0.073825085589791686,0.22720199190787427,0.059802398208703034,0.21720074140042134
ecg_transformer,1072,0.49675625579240035,0.073818407960199228,0.22730099502487564,0.059773471788009791,0.21713161741349718
ecg_transformer,1073,0.49721964782205746,0.073998136067101802,0.22771046908977943,0.059901538071788947,0.21745611186587629
ecg_transformer,1074,0.49768303985171453,0.073929236499069129,0.22749844816883924,0.059867933198058498,0.21737757785892098
ecg_transformer,1075,0.49814643188137159,0.074046511627907208,0.22790697674418606,0.059953420647240373,0.21762389454977674
ecg_transformer,1076,0.49860982391102865,0.074225526641883741,0.22862453531598514,0.06001187320061379,0.21774604098668157
ecg_transformer,1077,0.49907321594068582,0.074218508201795333,0.22872175796966884,0.060007655849648733,0.21772640116407019
ecg_transformer,1078,0.49953660797034288,0.074335188620903145,0.22881880024737167,0.060120692441981594,0.21801121218409447
ecg_transformer,1079,0.5,0.074451652764906007,0.22922459067037382,0.060169931986803343,0.21812197112309253
ecg_transformer,1080,0.50046339202965706,0.07444444444444466,0.22932098765432096,0.060185561392595878,0.21815440970517028
ecg_transformer,1081,0.50092678405931423,0.074437249460376428,0.2294172062904718,0.060183530358413173,0.2181422261861555
ecg_transformer,1082,0.5013901760889713,0.074430067775724196,0.22951324707332102,0.060193672181246473,0.21815861217315477
ecg_transformer,1083,0.50185356811862836,0.074422899353647501,0.22960911049553709,0.060168223283412516,0.21809666743064571
ecg_transformer,1084,0.50231696014828542,0.074477244772447951,0.2297047970479705,0.060196417250389468,0.21815701636622406
ecg_transformer,1085,0.50278035217794259,0.074531490015361218,0.22980030721966205,0.060187411448696798,0.21812831624443652
ecg_transformer,1086,0.50324374420759965,0.074585635359116262,0.22989564149785147,0.06020189892248292,0.21814957674891922
ecg_transformer,1087,0.50370713623725671,0.074701011959521862,0.22999080036798528,0.060322492936964123,0.21872245986188546
ecg_transformer,1088,0.50417052826691378,0.074816176470588469,0.23039215686274508,0.060363380519389415,0.21882443698123125
ecg_transformer,1089,0.50463392029657095,0.074931129476584257,0.23079277624732172,0.060431488705895063,0.21897977142288783
ecg_transformer,1090,0.50509731232622801,0.07504587155963327,0.23149847094801226,0.060480952145710087,0.21913352976629352
ecg_transformer,1091,0.50556070435588507,0.075221509318668126,0.23189734188817598,0.060565848664421579,0.21934413393661512
ecg_transformer,1092,0.50602409638554213,0.075274725274725521,0.23229548229548228,0.060609207072385103,0.21951529723025376
ecg_transformer,1093,0.50648748841519931,0.075388838060384503,0.23269289417505337,0.060651356654901727,0.21960195002144398
ecg_transformer,1094,0.50695088044485637,0.075380865326020965,0.23278488726386351,0.06065678702406898,0.21960302324853112
ecg_transformer,1095,0.50741427247451343,0.075433789954338151,0.23287671232876714,0.060703037287828859,0.21969957058927456
ecg_transformer,1096,0.50787766450417049,0.075486618004866432,0.23327250608272507,0.060701128690491692,0.21969062390818905
ecg_transformer,1097,0.50834105653382766,0.075539349741720094,0.23336371923427532,0.06074277168915021,0.21980804297917364
ecg_transformer,1098,0.50880444856348472,0.0754705525197331,0.2331511839708561,0.060729972013591295,0.21977188763372521
ecg_transformer,1099,0.50926784059314179,0.075523202911738196,0.23354564755838644,0.060766542729763097,0.21986631981479285
ecg_transformer,1100,0.50973123262279885,0.075696969696969957,0.23393939393939392,0.060862484579635723,0.2200982031254165
ecg_transformer,1101,0.51019462465245602,0.075870420829549146,0.23433242506811988,0.060962217155067777,0.22032562624198657
ecg_transformer,1102,0.51065801668211308,0.07610405323653989,0.23502722323049005,0.061123117825924535,0.22073108637766606
ecg_transformer,1103,0.51112140871177014,0.076337262012692919,0.23541855545482018,0.061306552467851071,0.22123262663933366
ecg_transformer,1104,0.5115848007414272,0.076388888888889159,0.23550724637681161,0.061345397377662113,0.2213103776032119
ecg_transformer,1105,0.51204819277108438,0.07656108597285094,0.23589743589743592,0.061424536751044694,0.22156134284493914
ecg_transformer,1106,0.51251158480074144,0.076672694394213634,0.23628691983122363,0.06147944093872787,0.2216873230045763
ecg_transformer,1107,0.5129749768303985,0.076784101174345337,0.23667570009033423,0.061584732005834614,0.22194474701532074
ecg_transformer,1108,0.51343836886005556,0.07689530685920605,0.23706377858002406,0.06164407667944536,0.22208065188754911
ecg_transformer,1109,0.51390176088971273,0.07718665464382353,0.23775172828373911,0.061817447614751997,0.22248570106587762
ecg_transformer,1110,0.51436515291936979,0.077117117117117384,0.23753753753753756,0.061797875457573891,0.22243621583563808
ecg_transformer,1111,0.51482854494902686,0.077287728772877567,0.23792379237923791,0.061901042117061211,0.22268693226490788
ecg_transformer,1112,0.51529193697868392,0.077517985611511062,0.2383093525179856,0.06206994805240313,0.22317177828058218
ecg_transformer,1113,0.51575532900834109,0.077508235998802313,0.23839472896076672,0.062049068386097452,0.22311871058337082
ecg_transformer,1114,0.51621872103799815,0.077498503889886564,0.23847995212447637,0.06202663740708958,0.22306289120477193
ecg_transformer,1115,0.51668211306765521,0.077548579970104906,0.23886397608370702,0.0620017556558356,0.22300180206002027
ecg_transformer,1116,0.51714550509731227,0.077658303464755343,0.239247311827957,0.062038492187166415,0.223077482729414
ecg_transformer,1117,0.51760889712696945,0.077767830498358975,0.2393315428230379,0.062120716523318416,0.22338176831385859
ecg_transformer,1118,0.51807228915662651,0.07769827072152681,0.23911747167561118,0.06211329138463783,0.2233609067358148
ecg_transformer,1119,0.51853568118628357,0.077688412272862953,0.23920166815609176,0.062113923481779097,0.22335190402889379
ecg_transformer,1120,0.51899907321594063,0.077619047619047879,0.23898809523809525,0.062083276599581468,0.22328052882721819
ecg_transformer,1121,0.5194624652455978,0.077668748141540567,0.2393696104668451,0.06213307781895936,0.22341719565997642
ecg_transformer,1122,0.51992585727525487,0.077777777777778057,0.2397504456327986,0.062169238717913571,0.22349179496374647
ecg_transformer,1123,0.52038924930491193,0.077827248441674379,0.2398337785693084,0.062200166499778255,0.22356306392328665
ecg_transformer,1124,0.5208526413345691,0.077935943060498503,0.24021352313167257,0.062223433562903975,0.22360551963181963
ecg_transformer,1125,0.52131603336422616,0.078044444444444735,0.24029629629629631,0.0622872495959087,0.22379427464383475
ecg_transformer,1126,0.52177942539388322,0.077975133214920347,0.24008288928359978,0.062252708582164779,0.22371503001634999
ecg_transformer,1127,0.52224281742354028,0.078083407275954142,0.24046140195208518,0.062297717458985706,0.22380585745449466
ecg_transformer,1128,0.52270620945319746,0.0780141843971634,0.24024822695035461,0.062264937840093133,0.22373062490990014
ecg_transformer,1129,0.52316960148285452,0.078240330676114841,0.24092116917626219,0.062425906287190913,0.22416648502407474
ecg_transformer,1130,0.52363299351251158,0.078348082595870491,0.24129793510324485,0.062480403287516417,0.22430907623803908
ecg_transformer,1131,0.52409638554216864,0.078455643972885639,0.24167403477748306,0.06255645910515252,0.22449719345171115
ecg_transformer,1132,0.52455977757182581,0.078504122497055642,0.24204946996466434,0.062571473435497307,0.22454917528289423
ecg_transformer,1133,0.52502316960148288,0.078552515445719617,0.24213003824654308,0.062591097690129494,0.22458521720415037
ecg_transformer,1134,0.52548656163113994,0.07860082304526779,0.24221046443268665,0.062635330413748497,0.22469317679157449
ecg_transformer,1135,0.525949953660797,0.07864904552129251,0.24229074889867841,0.062627980321096385,0.22466871902119867
ecg_transformer,1136,0.52641334569045417,0.078755868544601246,0.24266431924882628,0.062711259317136947,0.2248871067144631
ecg_transformer,1137,0.52687673772011123,0.078745236001172975,0.24274406332453824,0.062714990827962072,0.22490090184430386
ecg_transformer,1138,0.52734012974976829,0.078910369068541597,0.24311657879320445,0.062778366546206693,0.22507042389510587
ecg_transformer,1139,0.52780352177942536,0.078841088674275972,0.24290313140181449,0.062764828586197585,0.22503213761359001
ecg_transformer,1140,0.52826691380908253,0.078830409356725459,0.24298245614035086,0.062762879813215836,0.22501824548796071
ecg_transformer,1141,0.52873030583873959,0.078936605316973718,0.24335378323108384,0.062832269736085189,0.22516684065820669
ecg_transformer,1142,0.52919369786839665,0.078984238178634272,0.24343257443082311,0.062889526468007842,0.22529844576743593
ecg_transformer,1143,0.52965708989805371,0.078973461650627311,0.24351122776319625,0.062870012249058096,0.2252512956210839
ecg_transformer,1144,0.53012048192771088,0.079020979020979334,0.24358974358974358,0.06292317189212511,0.2253912349675099
ecg_transformer,1145,0.53058387395736795,0.079010189228530148,0.24366812227074233,0.062903965429395831,0.22534247107819486
ecg_transformer,1146,0.53104726598702501,0.078999418266434279,0.24374636416521234,0.06290861429316677,0.22536014704251484
ecg_transformer,1147,0.53151065801668207,0.079046788724208394,0.24382446963092122,0.062954390390888987,0.22546511367126684
ecg_transformer,1148,0.53197405004633924,0.079094076655052567,0.24390243902439024,0.062990382259653102,0.22556163648709163
ecg_transformer,1149,0.5324374420759963,0.079141282274441851,0.24398027270089931,0.063021509918945617,0.22562730423992428
ecg_transformer,1150,0.53290083410565336,0.079188405797101749,0.24405797101449275,0.063056249868538347,0.22571069192676907
ecg_transformer,1151,0.53336422613531043,0.079119606139589085,0.24384593107442801,0.063033257913677351,0.22565618522063999
ecg_transformer,1152,0.5338276181649676,0.079108796296296607,0.24392361111111108,0.063050810492068773,0.22572707829017111
ecg_transformer,1153,0.53429101019462466,0.079213645562301552,0.24429025729979761,0.063109871107068699,0.22587923744629368
ecg_transformer,1154,0.53475440222428172,0.079260543038706277,0.244367417677643,0.063148185243299584,0.2259624791737305
ecg_transformer,1155,0.53521779425393878,0.079191919191919521,0.24415584415584415,0.063114416608383836,0.22588634660236437
ecg_transformer,1156,0.53568118628359596,0.079296424452134112,0.24452133794694345,0.063178796854126099,0.22603627371504051
ecg_transformer,1157,0.53614457831325302,0.079515989628349507,0.24517430135407661,0.063265977320723352,0.22629151731393779
ecg_transformer,1158,0.53660797034291008,0.079620034542314658,0.24553828439838801,0.063330457664587711,0.22643691086134121
ecg_transformer,1159,0.53707136237256714,0.079666379062410447,0.24561403508771928,0.063352098853531658,0.22648338386454844
ecg_transformer,1160,0.53753475440222431,0.079655172413793426,0.24568965517241381,0.063363573248115077,0.22655208060001256
ecg_transformer,1161,0.53799814643188137,0.079758828596038223,0.2460522538041918,0.063413087424338349,0.2266653534974212
ecg_transformer,1162,0.53846153846153844,0.079690189328743874,0.24584050487664946,0.063385201889482434,0.22660231582990073
ecg_transformer,1163,0.5389249304911955,0.079793637145314164,0.24591573516766982,0.063477851110343472,0.22690332042510575
ecg_transformer,1164,0.53938832252085267,0.079782359679267223,0.24599083619702175,0.063491808236142616,0.22695611103141947
ecg_transformer,1165,0.53985171455050973,0.079771101573677006,0.24606580829756794,0.063485040139776738,0.22693343351467563
ecg_transformer,1166,0.54031510658016679,0.079702687249857393,0.24585477415666093,0.063450454662551892,0.22685565631172097
ecg_transformer,1167,0.54077849860982397,0.07963439017423625,0.24564410168523279,0.063426023645448956,0.22679862364632583
ecg_transformer,1168,0.54124189063948103,0.079737442922374752,0.24600456621004566,0.063474342866260039,0.22691075179520448
ecg_transformer,1169,0.54170528266913809,0.079840319361277778,0.24636441402908471,0.063541630833556448,0.22707364828055845
ecg_transformer,1170,0.54216867469879515,0.079943019943020277,0.24672364672364674,0.063568295901380717,0.22713231972010442
ecg_transformer,1171,0.54263206672845232,0.079988613720467172,0.24708226586962712,0.063630255087585283,0.22726460528848066
ecg_transformer,1172,0.54309545875810938,0.08009101251422103,0.24715585893060296,0.063688420257599063,0.22741261791753045
ecg_transformer,1173,0.54355885078776645,0.080022733731173953,0.24694515487354363,0.06366223836704725,0.22735323856561318
ecg_transformer,1174,0.54402224281742351,0.080124929017603971,0.24730266893810335,0.06375240451229934,0.22756806122317771
ecg_transformer,1175,0.54448563484708068,0.080170212765957774,0.24737588652482267,0.063779815733949627,0.22764039392125557
ecg_transformer,1176,0.54494902687673774,0.080102040816326867,0.24716553287981857,0.063757979823477987,0.22758906943069226
ecg_transformer,1177,0.5454124189063948,0.080317190597564772,0.2478051543472104,0.06388305210831817,0.227880784465926
ecg_transformer,1178,0.54587581093605186,0.08030560271646893,0.24787775891341254,0.063870718863016082,0.22784813240482227
ecg_transformer,1179,0.54633920296570904,0.080407124681934172,0.2482329657902177,0.063954064045073464,0.22811334306906383
ecg_transformer,1180,0.5468025949953661,0.080395480225989038,0.24830508474576271,0.063971806507514398,0.22819057762115205
ecg_transformer,1181,0.54726598702502316,0.080383855489698341,0.24837708156929159,0.063941211161575806,0.2281205751206484
ecg_transformer,1182,0.54772937905468022,0.080372250423012201,0.248448956570784,0.063921584831555425,0.22807431181526136
ecg_transformer,1183,0.54819277108433739,0.080473372781065422,0.24880247957171034,0.063934546269089551,0.22809226955838
ecg_transformer,1184,0.54865616311399446,0.080630630630630987,0.24943693693693694,0.064015413149534364,0.2282824404285683
ecg_transformer,1185,0.54911955514365152,0.080731364275668419,0.24950773558368497,0.064074021564452868,0.22848115540630876
ecg_transformer,1186,0.54958294717330858,0.080719505340079045,0.24957841483979767,0.064047777762166261,0.22842073411944197
ecg_transformer,1187,0.55004633920296575,0.080819994383600463,0.24992979500140408,0.064095515897046193,0.2285309170525256
ecg_transformer,1188,0.55050973123262281,0.080751964085297764,0.24971941638608305,0.064062036624820115,0.22845619823322263
ecg_transformer,1189,0.55097312326227987,0.080740117746005383,0.24978973927670312,0.064039966848819449,0.22840473009755147
ecg_transformer,1190,0.55143651529193694,0.080672268907563363,0.24957983193277311,0.064010785416446003,0.2283393945522815
ecg_transformer,1191,0.55189990732159411,0.080828435488385461,0.24993003078645395,0.064109902465978238,0.22858743943099957
ecg_transformer,1192,0.55236329935125117,0.080928411633109973,0.2505592841163311,0.064171031960314803,0.22874144305825306
ecg_transformer,1193,0.55282669138090823,0.080916457110925197,0.25062866722548199,0.064150331994138374,0.22869353904200232
ecg_transformer,1194,0.55329008341056529,0.080848687883864109,0.25041876046901174,0.064123678080835841,0.22863301224849075
ecg_transformer,1195,0.55375347544022246,0.081004184100418763,0.25076708507670853,0.064239941138962864,0.22898602225454323
ecg_transformer,1196,0.55421686746987953,0.080992196209587863,0.25083612040133779,0.064239835140762258,0.22898450621674082
ecg_transformer,1197,0.55468025949953659,0.081035923141186655,0.25118351434140901,0.064264600086378409,0.22902752036512988
ecg_transformer,1198,0.55514365152919365,0.081023928770172879,0.25125208681135225,0.064255965346491278,0.22900760805637313
ecg_transformer,1199,0.55560704355885082,0.081234361968307287,0.25187656380316931,0.064293692144987397,0.22907789647086904
ecg_transformer,1200,0.55607043558850788,0.081388888888889246,0.25194444444444447,0.064409714112032251,0.22940171071983148
ecg_transformer,1201,0.55653382761816494,0.081598667776852984,0.25256730502359148,0.06454518180200769,0.22972198961477566
ecg_transformer,1202,0.55699721964782201,0.081641708264004798,0.2526344980587909,0.064567280631275384,0.22976268917506296
ecg_transformer,1203,0.55746061167747918,0.081684677195899502,0.25297866444998612,0.064559414338164658,0.22974051830342343
ecg_transformer,1204,0.55792400370713624,0.081672203765227394,0.25304540420819494,0.064540040606894319,0.2296944057510929
ecg_transformer,1205,0.5583873957367933,0.081604426002766614,0.25283540802213,0.064542885840710634,0.22969818795732436
ecg_transformer,1206,0.55885078776645036,0.081647318960752169,0.25290215588723047,0.064583597579110016,0.22979803942478649
ecg_transformer,1207,0.55931417979610754,0.081800607566970815,0.25324495995581331,0.064646024581817688,0.22994418325891577
ecg_transformer,1208,0.5597775718257646,0.081843267108168138,0.25331125827814566,0.064693056163646692,0.23005864459128833
ecg_transformer,1209,0.56024096385542166,0.082051282051282426,0.25392886683209265,0.064822027718861905,0.2303846541555096
ecg_transformer,1210,0.56070435588507883,0.082038567493113321,0.25399449035812671,0.064798442454101282,0.23032996388193219
ecg_transformer,1211,0.56116774791473589,0.082080924855491705,0.25433526011560692,0.064847856220411518,0.23044314677679675
ecg_transformer,1212,0.56163113994439295,0.082233223322332613,0.25495049504950495,0.064882838408353113,0.23050967531534927
ecg_transformer,1213,0.56209453197405002,0.082220390217092987,0.2550151140423193,0.064864342023735352,0.23046539537979741
ecg_transformer,1214,0.56255792400370719,0.082317408017573146,0.25535420098846789,0.064913022202022788,0.23058842065407426
ecg_transformer,1215,0.56302131603336425,0.082249657064472251,0.2551440329218107,0.064893071909444724,0.23054182574614132
ecg_transformer,1216,0.56348470806302131,0.082346491228070542,0.25548245614035087,0.064950027138632974,0.23067353196808735
ecg_transformer,1217,0.56394810009267837,0.082388386743358369,0.25554642563681185,0.065008104744003994,0.23082273281556512
ecg_transformer,1218,0.56441149212233555,0.082375478927203441,0.25561029009304875,0.065027430721913193,0.23087502250009515
ecg_transformer,1219,0.56487488415199261,0.082471971561389495,0.25594749794913868,0.065020364498654185,0.23085352577077808
ecg_transformer,1220,0.56533827618164967,0.082459016393442996,0.25601092896174865,0.065020838854701002,0.23084783698530834
ecg_transformer,1221,0.56580166821130673,0.082555282555282938,0.2560742560742561,0.065109927249916974,0.23110561362323714
ecg_transformer,1222,0.5662650602409639,0.082542280414621222,0.25613747954173488,0.06508265962999335,0.23104487402152149
ecg_transformer,1223,0.56672845227062096,0.082583810302535129,0.25647315344780597,0.065114272993655797,0.2311776658299721
ecg_transformer,1224,0.56719184430027803,0.082516339869281433,0.25626361655773416,0.065097674356010882,0.23113847206101065
ecg_transformer,1225,0.56765523632993509,0.08272108843537454,0.25687074829931972,0.065197458602812064,0.2314036823993236
ecg_transformer,1226,0.56811862835959226,0.082816748232735563,0.25720500271886898,0.065250539545767608,0.23154029136550755
ecg_transformer,1227,0.56858202038924932,0.082966585167074558,0.25753871230643843,0.065351256467516786,0.23179626815812759
ecg_transformer,1228,0.56904541241890638,0.082953311617807127,0.25760043431053203,0.065339216080241611,0.23176800989532306
ecg_transformer,1229,0.56950880444856344,0.082940059669108071,0.25766205587198265,0.065353275386779583,0.23185789483817251
ecg_transformer,1230,0.56997219647822062,0.082926829268293076,0.25772357723577238,0.065351270688238816,0.23184766836466056
ecg_transformer,1231,0.57043558850787768,0.08285946385052842,0.25751421608448416,0.065324409617273441,0.23178856692580987
ecg_transformer,1232,0.57089898053753474,0.082846320346320737,0.25757575757575757,0.065331289705229084,0.23181912354681247
ecg_transformer,1233,0.5713623725671918,0.082833198161665719,0.25763719924303868,0.065311357698290148,0.23177301602665809
ecg_transformer,1234,0.57182576459684897,0.082766072393301304,0.25742841707185304,0.065278272585654551,0.23170154864870351
ecg_transformer,1235,0.57228915662650603,0.082699055330634666,0.25721997300944666,0.065258222062922491,0.23165566633910076
ecg_transformer,1236,0.5727525486561631,0.08284789644012984,0.2575512405609493,0.06538004894526378,0.23197207058677216
ecg_transformer,1237,0.57321594068582016,0.082996496901105221,0.25815144165992993,0.065438354365692383,0.23210864115321064
ecg_transformer,1238,0.57367933271547733,0.083091007000538897,0.25848142164781907,0.065508960157137974,0.23225343094843434
ecg_transformer,1239,0.57414272474513439,0.083077750874361436,0.25854183481302129,0.065486380485706694,0.23220300803567215
ecg_transformer,1240,0.57460611677479145,0.08317204301075308,0.25887096774193546,0.065538179354644316,0.23232100798052036
ecg_transformer,1241,0.57506950880444851,0.083212463067419154,0.25893096964813322,0.065568890195331797,0.23239592296414921
ecg_transformer,1242,0.57553290083410569,0.083360171765969271,0.25925925925925924,0.065652700098185343,0.23259416857090828
ecg_transformer,1243,0.57599629286376275,0.083293108071869543,0.25905068382944485,0.06562622104651944,0.23253686165028084
ecg_transformer,1244,0.57645968489341981,0.083547695605573832,0.25964630225080382,0.065757456809990678,0.23287899530205783
ecg_transformer,1245,0.57692307692307687,0.083534136546185148,0.25970548862115123,0.065747764592943292,0.23285766822214396
ecg_transformer,1246,0.57738646895273404,0.083467094703050179,0.25949705724986627,0.06572232567478821,0.23280220274161581
ecg_transformer,1247,0.57784986098239111,0.083507083667469006,0.25955626837743923,0.065758033934883164,0.2328854016723283
ecg_transformer,1248,0.57831325301204817,0.083600427350427761,0.25988247863247865,0.06579745735765298,0.23298114029646652
ecg_transformer,1249,0.57877664504170523,0.083586869495596905,0.25994128636242331,0.065786171372020377,0.23295655065869084
ecg_transformer,1250,0.5792400370713624,0.083573333333333763,0.26000000000000001,0.065770913683691964,0.23292070432902831
ecg_transformer,1251,0.57970342910101946,0.083826272315481357,0.26059152677857716,0.065882761546325941,0.233195574006232
ecg_transformer,1252,0.58016682113067652,0.083812566560170818,0.2606496272630458,0.065861597813160991,0.23314749999362963
ecg_transformer,1253,0.5806302131603337,0.08390529396116031,0.26097366320830012,0.065925409578248814,0.2333075168778572
ecg_transformer,1254,0.58109360518999076,0.084051036682616043,0.26129718234981397,0.065968116065387397,0.23339769212343195
ecg_transformer,1255,0.58155699721964782,0.084143426294821133,0.26162018592297476,0.066045120394233547,0.23363053918157747
ecg_transformer,1256,0.58202038924930488,0.084235668789809329,0.26167728237791932,0.066094613668642013,0.23378447437603533
ecg_transformer,1257,0.58248378127896205,0.084221691858923767,0.26173428798727127,0.066096163332029237,0.23379339045336431
ecg_transformer,1258,0.58294717330861912,0.084260731319555263,0.26179120296767355,0.066149993798572587,0.2339523665189768
ecg_transformer,1259,0.58341056533827618,0.084458564998676613,0.26237754831877153,0.066241001378485223,0.23417818936893844
ecg_transformer,1260,0.58387395736793324,0.084444444444444877,0.26243386243386241,0.066235952808713652,0.23416987477357962
ecg_transformer,1261,0.58433734939759041,0.084483214380122018,0.26249008723235528,0.066257122091887874,0.23421551183798581
ecg_transformer,1262,0.58480074142724747,0.084521922873745811,0.26281035393555202,0.066254455742848356,0.23420972638999724
ecg_transformer,1263,0.58526413345690453,0.084560570071259333,0.26313011348640802,0.066272322338909437,0.23424749259785882
ecg_transformer,1264,0.5857275254865616,0.084599156118143878,0.2631856540084388,0.066290059674585289,0.23429250988057357
ecg_transformer,1265,0.58619091751621877,0.084743083003953001,0.2635046113306983,0.066347598041677572,0.23441267496039905
ecg_transformer,1266,0.58665430954587583,0.084939441811480165,0.26382306477093204,0.066451807303984395,0.23476892620479031
ecg_transformer,1267,0.58711770157553289,0.084977637463825736,0.26414101552223096,0.066440187132102133,0.23474131552005031
ecg_transformer,1268,0.58758109360518995,0.085068349106204422,0.26472134595162983,0.066436457742330257,0.23472903512627896
ecg_transformer,1269,0.58804448563484712,0.085053848174415969,0.26477541371158392,0.066463584885949598,0.23480577445876505
ecg_transformer,1270,0.58850787766450419,0.085144356955381015,0.26509186351706032,0.066515458987948126,0.23495483651769788
ecg_transformer,1271,0.58897126969416125,0.085234723314975516,0.26567007605559928,0.066595349929053291,0.23514531260328134
ecg_transformer,1272,0.58943466172381831,0.085220125786163961,0.26572327044025162,0.066592458306063154,0.23513455844845699
ecg_transformer,1273,0.58989805375347548,0.085310290652003573,0.26603822990311604,0.06666808110027099,0.23536732034052962
ecg_transformer,1274,0.59036144578313254,0.085452642595500172,0.2663526949241235,0.066732989492521141,0.23553219317593957
ecg_transformer,1275,0.5908248378127896,0.085542483660131161,0.26666666666666666,0.066785173768489692,0.23564043564425177
ecg_transformer,1276,0.59128822984244667,0.08552769070010495,0.2667189132706374,0.066759175159578077,0.23558431566753954
ecg_transformer,1277,0.59175162187210384,0.08556512659879971,0.26677107804750716,0.066770073235305497,0.23560584548241628
ecg_transformer,1278,0.5922150139017609,0.085654668753260735,0.26708398539384454,0.066829505071524339,0.23574847366570842
ecg_transformer,1279,0.59267840593141796,0.085744070888715593,0.26739640344018767,0.066875999564158406,0.2358689505846181
ecg_transformer,1280,0.59314179796107502,0.08572916666666712,0.26744791666666667,0.066863460994047691,0.23584169133421592
ecg_transformer,1281,0.5936051899907322,0.085714285714286145,0.26749934946656256,0.066876404510045243,0.2358851713011513
ecg_transformer,1282,0.59406858202038926,0.085803432137285932,0.26807072282891314,0.066946992141823716,0.23611370633714335
ecg_transformer,1283,0.59453197405004632,0.085892439594700373,0.2683813977656534,0.067004937148768054,0.23625831152255339
ecg_transformer,1284,0.59499536607970338,0.085929387331256948,0.26843198338525437,0.067037187159294062,0.23632275310560755
ecg_transformer,1285,0.59545875810936055,0.085862516212711223,0.26822308690012969,0.067027763442288169,0.23629878416811187
ecg_transformer,1286,0.59592215013901761,0.086054950751685275,0.26879212026956972,0.06711377092311395,0.23648390505090347
ecg_transformer,1287,0.59638554216867468,0.085988085988086438,0.26858326858326859,0.067085407648259376,0.23642331872152811
ecg_transformer,1288,0.59684893419833174,0.086024844720497359,0.26889233954451347,0.067091456111898151,0.23643062157936476
ecg_transformer,1289,0.59731232622798891,0.086268425135764604,0.26945952935091805,0.067241100147715921,0.23683214951355738
ecg_transformer,1290,0.59777571825764597,0.086304909560723966,0.26950904392764857,0.067288789880527514,0.23694285674148588
ecg_transformer,1291,0.59823911028730303,0.086496256132197732,0.27007487735605468,0.067380664660884326,0.23715831687465513
ecg_transformer,1292,0.59870250231696009,0.086480908152735236,0.27012383900928794,0.067356870264303648,0.23710683656837761
ecg_transformer,1293,0.59916589434661727,0.086517143593710197,0.27017272492910543,0.067365578300394427,0.23712412809402061
ecg_transformer,1294,0.59962928637627433,0.08655332302936676,0.27022153529108706,0.067413951934759062,0.23729051473257126
ecg_transformer,1295,0.60009267840593139,0.086795366795367257,0.2707850707850708,0.067499998746149412,0.23749265428667976
ecg_transformer,1296,0.60055607043558856,0.086728395061728858,0.27057613168724276,0.067480378008044614,0.23744893471589013
ecg_transformer,1297,0.60101946246524562,0.086764327936263638,0.27088152145977901,0.067480275833778039,0.23744720102361427
ecg_transformer,1298,0.60148285449490269,0.086902927580894143,0.27144324601951719,0.067568460886608464,0.23776184132897704
ecg_transformer,1299,0.60194624652455975,0.086989992301771069,0.27174749807544263,0.067609956435579641,0.23786914547902793
ecg_transformer,1300,0.60240963855421692,0.087128205128205613,0.27205128205128204,0.067684467721230643,0.23805257554007322
ecg_transformer,1301,0.60287303058387398,0.087368690750705066,0.27261081219574684,0.067833684191801913,0.23846142034187798
ecg_transformer,1302,0.60333642261353104,0.087301587301587769,0.27240143369175635,0.067811425931698838,0.23841275588968439
ecg_transformer,1303,0.6037998146431881,0.087336914811972852,0.27244819646968538,0.067842638715402484,0.23849108461247123
ecg_transformer,1304,0.60426320667284528,0.087423312883436063,0.27275051124744376,0.067895932342577361,0.23860095979928622
ecg_transformer,1305,0.60472659870250234,0.087509578544061786,0.27330779054916987,0.067942815154466388,0.23869828577143845
ecg_transformer,1306,0.6051899907321594,0.087595712098009662,0.27360898417559981,0.067987868413716582,0.2387997994932419
ecg_transformer,1307,0.60565338276181646,0.087681713848508522,0.27365467992858966,0.068031130076749255,0.23892775687835996
ecg_transformer,1308,0.60611677479147363,0.087767584097859799,0.27395514780835878,0.068074816415282569,0.23903747889800861
ecg_transformer,1309,0.6065801668211307,0.087853323147441278,0.27425515660809779,0.068107566375687198,0.23910741449901154
ecg_transformer,1310,0.60704355885078776,0.087938931297710396,0.27480916030534353,0.068190876710347167,0.23931537656761084
ecg_transformer,1311,0.60750695088044482,0.087973557081109044,0.2751080600050852,0.06818272342347366,0.23929475843962833
ecg_transformer,1312,0.60797034291010199,0.088160569105691547,0.27566056910569109,0.068220947596838277,0.23937116355936075
ecg_transformer,1313,0.60843373493975905,0.088194973343488692,0.27570449352627574,0.068243183061536206,0.23941388955752971
ecg_transformer,1314,0.60889712696941611,0.088330796549975124,0.276002029426687,0.068363978086693214,0.23972736942823722
ecg_transformer,1315,0.60936051899907318,0.088263624841572089,0.27579214195183782,0.068339700974846096,0.23967536462296732
ecg_transformer,1316,0.60982391102873035,0.088196555217832318,0.27558257345491383,0.068332606403940066,0.23965637596874081
ecg_transformer,1317,0.61028730305838741,0.088230827638572998,0.2758795241710959,0.068319415618765589,0.23962503463519522
ecg_transformer,1318,0.61075069508804447,0.088265048052605447,0.2759231158320688,0.068329194705309515,0.23965717340725612
ecg_transformer,1319,0.61121408711770153,0.08824867323730147,0.27596664139499621,0.068329132874983767,0.23965839067727568
ecg_transformer,1320,0.6116774791473587,0.08818181818181868,0.2757575757575757,0.06830576884075161,0.2396085267482416
ecg_transformer,1321,0.61214087117701577,0.088266464799394886,0.27605349482715114,0.068352359173136243,0.23977762624622403
ecg_transformer,1322,0.61260426320667283,0.088350983358548144,0.27634896621280886,0.068397717030362529,0.23988530372501318
ecg_transformer,1323,0.61306765523632989,0.088384983623079352,0.27664399092970521,0.068414900612736848,0.23992171012071781
ecg_transformer,1324,0.61353104726598706,0.088469284994965258,0.27719033232628398,0.068429674236765811,0.23995026033867348
ecg_transformer,1325,0.61399443929564412,0.088805031446541394,0.27773584905660376,0.06864743165139707,0.24052601288172035
ecg_transformer,1326,0.61445783132530118,0.088888888888889392,0.27802916038210157,0.068687759834077641,0.24061419498252809
ecg_transformer,1327,0.61492122335495825,0.089022858578247169,0.27857322280833957,0.068783846024513026,0.24083876081512515
ecg_transformer,1328,0.61538461538461542,0.088955823293173197,0.27836345381526106,0.068763289511618683,0.24079368572983681
ecg_transformer,1329,0.61584800741427248,0.089189867067971398,0.27890644594933534,0.068898239118594204,0.24114418104182808
ecg_transformer,1330,0.61631139944392954,0.089373433583960396,0.27919799498746867,0.068982284031520624,0.2413632469878427
ecg_transformer,1331,0.6167747914735866,0.089306286000501389,0.27898822940145251,0.068968679255637447,0.24133237222612439
ecg_transformer,1332,0.61723818350324378,0.089489489489489982,0.27952952952952953,0.069106890422463388,0.24173451499864376
ecg_transformer,1333,0.61770157553290084,0.08952238059514929,0.27981995498874723,0.069106223607029324,0.24173061014962358
ecg_transformer,1334,0.6181649675625579,0.089505247376312339,0.2798600699650175,0.069110114249822663,0.24173563399043688
ecg_transformer,1335,0.61862835959221496,0.089488139825218985,0.27990012484394505,0.069135328282011313,0.24185157715313962
ecg_transformer,1336,0.61909175162187213,0.089520958083832855,0.279940119760479,0.069141413660893838,0.2418636971433985
ecg_transformer,1337,0.61955514365152919,0.08950386437297482,0.27998005484916483,0.069123741380442902,0.24182461303443206
ecg_transformer,1338,0.62001853568118626,0.089636273044345294,0.28051818634778275,0.069158402507987549,0.24189849647334924
ecg_transformer,1339,0.62048192771084343,0.089718695543938784,0.28080657206870802,0.069172830238936986,0.24193414199494176
ecg_transformer,1340,0.62094531974050049,0.089651741293532858,0.28059701492537314,0.069151503932540007,0.24188775185264366
ecg_transformer,1341,0.62140871177015755,0.089783743475019162,0.28113348247576431,0.069196833004844235,0.24198501857797305
ecg_transformer,1342,0.62187210379981461,0.089766517635370621,0.28117237953303525,0.069202283046490939,0.24200043789012435
ecg_transformer,1343,0.62233549582947179,0.089848597666915372,0.28170761975676345,0.069223857735713989,0.24204194813460889
ecg_transformer,1344,0.62279888785912885,0.089980158730159243,0.28199404761904762,0.069329070432977771,0.24234959498863448
ecg_transformer,1345,0.62326227988878591,0.090161090458488746,0.28252788104089221,0.069398900279571366,0.24249652586817774
ecg_transformer,1346,0.62372567191844297,0.090242694403170398,0.28256562654779593,0.069446739716647901,0.24267513786808381
ecg_transformer,1347,0.62418906394810014,0.090373669883692664,0.2828507795100223,0.069501560236189239,0.24279366327375729
ecg_transformer,1348,0.6246524559777572,0.090454995054402118,0.28313550939663701,0.069512896097843946,0.24281228965713522
ecg_transformer,1349,0.62511584800741427,0.090585618977020554,0.28366691376328146,0.069599344972881463,0.24303501969837871
ecg_transformer,1350,0.62557924003707133,0.090617283950617813,0.2839506172839506,0.069610689234890943,0.24305814381669585
ecg_transformer,1351,0.6260426320667285,0.090747594374537902,0.28423390081421168,0.0697242820588789,0.24333912147228531
ecg_transformer,1352,0.62650602409638556,0.090828402366864444,0.28451676528599606,0.069773272994723981,0.24349197592011754
ecg_transformer,1353,0.62696941612604262,0.090810544469081586,0.28455284552845528,0.069751590262459875,0.24344674938460586
ecg_transformer,1354,0.62743280815569968,0.090940423436731213,0.28483505662235359,0.069794500307762908,0.2435353042978203
ecg_transformer,1355,0.62789620018535686,0.091020910209102635,0.28536285362853625,0.069796255887879508,0.2435340592323072
ecg_transformer,1356,0.62835959221501392,0.091052114060964154,0.28539823008849557,0.069850782401061032,0.24372150087266697
ecg_transformer,1357,0.62882298424467098,0.091132399901744598,0.28567919430115452,0.069903735025304323,0.24383587374193341
ecg_transformer,1358,0.62928637627432804,0.091163475699558724,0.2859597447226313,0.069931013045882714,0.24389379866530858
ecg_transformer,1359,0.62974976830398521,0.091341672798626983,0.28648516065734608,0.070060842180016167,0.24426799007695907
ecg_transformer,1360,0.63021316033364227,0.09147058823529465,0.28676470588235292,0.070148156681112364,0.24449840246914056
ecg_transformer,1361,0.63067655236329934,0.091501347048739204,0.28679892236100907,0.070159659880287217,0.24452405365422528
ecg_transformer,1362,0.6311399443929564,0.09153206069505683,0.28683308859520312,0.070188096821933985,0.24460588031694708
ecg_transformer,1363,0.63160333642261357,0.091513817559305988,0.28686720469552457,0.070176232115977788,0.24457909917438658
ecg_transformer,1364,0.63206672845227063,0.091691104594330941,0.28739002932551316,0.070265295553496018,0.24480122843880495
ecg_transformer,1365,0.63253012048192769,0.091868131868132405,0.28791208791208789,0.070329890440178164,0.24493674959482611
ecg_transformer,1366,0.63299351251158475,0.092044899951196246,0.2881893606637384,0.070408759755679493,0.24512218595646987
ecg_transformer,1367,0.63345690454124193,0.092123872226286818,0.28846622774932945,0.070431907735918731,0.24516578572655312
ecg_transformer,1368,0.63392029657089899,0.092251461988304639,0.28898635477582846,0.070501380274623673,0.24533204501662279
ecg_transformer,1369,0.63438368860055605,0.092232773313854932,0.28901874847820791,0.070494495537878801,0.24531439998288104
ecg_transformer,1370,0.63484708063021311,0.092262773722628297,0.28929440389294409,0.070469918169501475,0.24526190693792441
ecg_transformer,1371,0.63531047265987028,0.092389982980793151,0.28956965718453681,0.070515179392482044,0.24538081974689385
ecg_transformer,1372,0.63577386468952735,0.092517006802721638,0.29008746355685133,0.070593308059854851,0.24557090952996632
ecg_transformer,1373,0.63623725671918441,0.092692401068221006,0.29060451565914058,0.07066690633103144,0.24574338499224199
ecg_transformer,1374,0.63670064874884147,0.092770499757399857,0.29087821445900047,0.070717236892326105,0.24586227577908504
ecg_transformer,1375,0.63716404077849864,0.092800000000000549,0.29115151515151516,0.070758392214215662,0.24597488985613883
ecg_transformer,1376,0.6376274328081557,0.09282945736434163,0.29118217054263568,0.070797562725276542,0.24608349800094384
ecg_transformer,1377,0.63809082483781276,0.093004115226337988,0.2916969256838538,0.070858993528253533,0.24623068481082896
ecg_transformer,1378,0.63855421686746983,0.093033381712627539,0.2919690372520562,0.070846321619682337,0.24620214735020748
ecg_transformer,1379,0.639017608897127,0.093207638385303895,0.29248247522359194,0.070942962091531017,0.24642076678026256
ecg_transformer,1380,0.63948100092678406,0.093236714975845958,0.29275362318840581,0.07094796187929385,0.24643479923331882
ecg_transformer,1381,0.63994439295644112,0.093265749456915834,0.29302437846970797,0.070966410447750164,0.24647030580259266
ecg_transformer,1382,0.64040778498609829,0.093439459720212795,0.29353593825373853,0.071082573197416163,0.24679020925626158
ecg_transformer,1383,0.64087117701575536,0.093468305615811584,0.2938057363220053,0.071111574806525871,0.24684832967837075
ecg_transformer,1384,0.64133456904541242,0.093400770712909975,0.29359344894026979,0.071108021388374562,0.24684098481046013
ecg_transformer,1385,0.64179796107506948,0.093477737665463842,0.29410348977135975,0.071154856306578973,0.24694557879274426
ecg_transformer,1386,0.64226135310472665,0.093458393458394004,0.29413179413179413,0.071162946725203138,0.24698389036050408
ecg_transformer,1387,0.64272474513438371,0.09348714251381933,0.2944003845229512,0.071169970788453607,0.24700527761012978
ecg_transformer,1388,0.64318813716404077,0.093563880883766146,0.29490874159462055,0.071161698301536916,0.24698550243181971
ecg_transformer,1389,0.64365152919369784,0.093592512598992608,0.29517638588912881,0.071160017358645397,0.24698005456316172
ecg_transformer,1390,0.64411492122335501,0.093669064748201969,0.29568345323741002,0.071204615776023855,0.24708192945290489
ecg_transformer,1391,0.64457831325301207,0.093601725377426837,0.29547088425593099,0.07118125290192584,0.24703304556787062
ecg_transformer,1392,0.64504170528266913,0.093582375478927726,0.29549808429118773,0.071198385522992069,0.24712939688566957
ecg_transformer,1393,0.64550509731232619,0.093515195022733241,0.29528595357741089,0.071183920702104844,0.24709802530227598
ecg_transformer,1394,0.64596848934198337,0.093639406982305648,0.2955523672883788,0.071281986107999198,0.24740479253131217
ecg_transformer,1395,0.64643188137164043,0.093667861409797395,0.29581839904420548,0.071271535177488646,0.24738014577742887
ecg_transformer,1396,0.64689527340129749,0.093600764087870617,0.29560649474689593,0.071258795811200315,0.24735202115282748
ecg_transformer,1397,0.64735866543095455,0.093581484132665746,0.29563350035790981,0.071232813453266527,0.24729743898787049
ecg_transformer,1398,0.64782205746061172,0.093514544587506465,0.29542203147353363,0.071225444178421346,0.24728016445259149
ecg_transformer,1399,0.64828544949026878,0.093495353824160632,0.29544913033118891,0.071196226441535684,0.24721969202310964
ecg_transformer,1400,0.64874884151992585,0.093571428571429069,0.29571428571428576,0.07122514444618798,0.24728654154284954
ecg_transformer,1401,0.64921223354958291,0.09355222460147565,0.29574113728289314,0.071211047098714869,0.24725651539560267
ecg_transformer,1402,0.64967562557924008,0.093580599144080387,0.29600570613409416,0.071194871201390231,0.24722147909504907
ecg_transformer,1403,0.65013901760889714,0.093513898788311248,0.29579472558802566,0.071177081288054278,0.24718352407626201
ecg_transformer,1404,0.6506024096385542,0.093684710351377501,0.29605887939221276,0.071289335750065463,0.24753636899646236
ecg_transformer,1405,0.65106580166821126,0.093807829181495148,0.29655990510083036,0.071335655289762295,0.24763742771295053
ecg_transformer,1406,0.65152919369786844,0.093741109530583719,0.29634898055950692,0.071307750645540305,0.24757953124937507
ecg_transformer,1407,0.6519925857275255,0.093864013266998822,0.29684908789386405,0.07138142405972174,0.24776464483216531
ecg_transformer,1408,0.65245597775718256,0.093939393939394433,0.29711174242424243,0.071422191081976574,0.2478635129698197
ecg_transformer,1409,0.65291936978683962,0.093920037851904906,0.29713744972793948,0.071401223976153894,0.24781994585363773
ecg_transformer,1410,0.65338276181649679,0.093947990543735704,0.29716312056737587,0.071434026647463275,0.24791205795483731
ecg_transformer,1411,0.65384615384615385,0.093928655799669747,0.2971887550200803,0.071436009225923011,0.24791308231895429
ecg_transformer,1412,0.65430954587581092,0.093862134088763469,0.29697828139754484,0.071428935301439511,0.24789735203440225
ecg_transformer,1413,0.65477293790546798,0.093937249351262575,0.29723991507430997,0.071474407530483564,0.24800099890253871
ecg_transformer,1414,0.65523632993512515,0.093917963224894388,0.29726544082979728,0.07147135014803993,0.24799283179449969
ecg_transformer,1415,0.65569972196478221,0.09394581861013003,0.29752650176678447,0.071468905900365545,0.24798574567289974
ecg_transformer,1416,0.65616311399443927,0.094020715630885585,0.29778719397363468,0.071530448290908488,0.24814387804187513
ecg_transformer,1417,0.65662650602409633,0.094095506939544091,0.2980475182310045,0.071556975696525527,0.24821097410029902
ecg_transformer,1418,0.65708989805375351,0.09417019275975598,0.29830747531734836,0.071613150503245862,0.24836170014250866
ecg_transformer,1419,0.65755329008341057,0.094244773314541216,0.29856706600892646,0.071639904027225879,0.24841581629985554
ecg_transformer,1420,0.65801668211306763,0.094366197183099063,0.29882629107981223,0.071730549953226197,0.24873230095789212
ecg_transformer,1421,0.65848007414272469,0.094299788881070115,0.29861599812338729,0.071720243214600091,0.24871075923305497
ecg_transformer,1422,0.65894346617238186,0.09432723863103655,0.29864041256446322,0.071748800788069778,0.24881827160552852
ecg_transformer,1423,0.65940685820203893,0.094401499180136336,0.29889903958772551,0.071765535454702642,0.24885501138923352
ecg_transformer,1424,0.65987025023169599,0.094428838951311309,0.29892322097378282,0.07177263024246168,0.24886963858257202
ecg_transformer,1425,0.66033364226135316,0.094596491228070623,0.29941520467836258,0.071857391392412887,0.24907622207053037
ecg_transformer,1426,0.66079703429101022,0.09476390836839689,0.29990649836372141,0.071921928833442131,0.24921273153964438
ecg_transformer,1427,0.66126042632066728,0.094837654753562706,0.3003971034804952,0.071932529049465704,0.24923410233914337
ecg_transformer,1428,0.66172381835032434,0.094817927170868788,0.30042016806722693,0.071927272177676485,0.24922310390306365
ecg_transformer,1429,0.66218721037998152,0.094844879869372956,0.30044320037322136,0.071959771073459897,0.24930806873905054
ecg_transformer,1430,0.66265060240963858,0.094871794871795312,0.30046620046620048,0.071981566780081704,0.24936228692148524
ecg_transformer,1431,0.66311399443929564,0.094852084789192159,0.30048916841369672,0.071964613546563125,0.24932681582628144
ecg_transformer,1432,0.6635773864689527,0.095065176908752769,0.30097765363128492,0.072089762421163703,0.24963082794754676
ecg_transformer,1433,0.66404077849860987,0.095138404280065578,0.30123284484763896,0.072163661917688984,0.24985739823139719
ecg_transformer,1434,0.66450417052826694,0.095258019525802387,0.30148768014876798,0.072240489028900443,0.25003993193541713
ecg_transformer,1435,0.664967562557924,0.095191637630662462,0.30127758420441347,0.072215007167097056,0.24998820620951459
ecg_transformer,1436,0.66543095458758106,0.095125348189415482,0.30106778087279479,0.072184192315632847,0.24992578877891547
ecg_transformer,1437,0.66589434661723823,0.095244722802134515,0.30132219902574808,0.072226135532506272,0.25002437111679737
ecg_transformer,1438,0.66635773864689529,0.095224849327770492,0.30134445989800646,0.072210659744084457,0.24999269217269568
ecg_transformer,1439,0.66682113067655235,0.095297660412323806,0.30159833217512161,0.072252279383605553,0.25008887862451545
ecg_transformer,1440,0.66728452270620942,0.095277777777778197,0.30162037037037037,0.072263097819511804,0.25012904804814323
ecg_transformer,1441,0.66774791473586659,0.095350451075642342,0.3021050196622716,0.072318096243499261,0.25031431388690811
ecg_transformer,1442,0.66821130676552365,0.095376791493296767,0.30235783633841884,0.072347889481022595,0.25040239941176295
ecg_transformer,1443,0.66867469879518071,0.095449295449295868,0.30261030261030258,0.072375131572351231,0.25045702690953803
ecg_transformer,1444,0.66913809082483777,0.095383194829178619,0.30240073868882733,0.072346806494856919,0.25039922149212718
ecg_transformer,1445,0.66960148285449483,0.095409457900807793,0.30265282583621683,0.072357958231798511,0.25043132791472117
ecg_transformer,1446,0.67006487488415212,0.095435684647303301,0.30290456431535273,0.072385181367066509,0.25049473865464728
ecg_transformer,1447,0.67052826691380896,0.095554019811103841,0.30338631651693154,0.072485439239327945,0.25076429511358594
ecg_transformer,1448,0.67099165894346624,0.095672191528545517,0.30386740331491713,0.072554747034635977,0.25094964998219843
ecg_transformer,1449,0.6714550509731233,0.095744191396365697,0.30411778237865195,0.072621249384611022,0.25111635616768962
ecg_transformer,1450,0.67191844300278036,0.095816091954023394,0.30436781609195407,0.072685265315463057,0.25133989862771672
ecg_transformer,1451,0.67238183503243742,0.095887893406846239,0.30461750516884911,0.07272476752008962,0.2514361937260372
ecg_transformer,1452,0.67284522706209449,0.095913682277319043,0.30486685032139577,0.072738359965832416,0.25146741996610417
ecg_transformer,1453,0.67330861909175166,0.095939435650378921,0.30511585225969257,0.072732763444452564,0.25145692829766408
ecg_transformer,1454,0.67377201112140872,0.095873452544704654,0.30490600641907378,0.072711216253618344,0.25141317886288767
ecg_transformer,1455,0.67423540315106578,0.095945017182130957,0.30515463917525776,0.072780504308590108,0.25156521177695401
ecg_transformer,1456,0.67469879518072284,0.095970695970696351,0.30540293040293043,0.072774247843897785,0.25155246452077251
ecg_transformer,1457,0.67516218721038002,0.09608785175017194,0.3058796614047129,0.072790340762233008,0.25158487414886022
ecg_transformer,1458,0.67562557924003708,0.096204846822131151,0.3061271147690901,0.072804032729618898,0.25161418558236298
ecg_transformer,1459,0.67608897126969414,0.096275988119717062,0.30637422892392047,0.072848682980282409,0.25172278550096056
ecg_transformer,1460,0.6765523632993512,0.09643835616438394,0.30662100456621005,0.072908212293111854,0.25186079025662994
ecg_transformer,1461,0.67701575532900848,0.096463609399954728,0.30663928815879532,0.072961040357056542,0.25198460961539909
ecg_transformer,1462,0.67747914735866532,0.096534427724578584,0.30688554491564068,0.073003470722481534,0.25208069955369578
ecg_transformer,1463,0.67794253938832261,0.096514012303486371,0.3069036226930964,0.073013794814519514,0.25214989481410499
ecg_transformer,1464,0.67840593141797945,0.096493624772313671,0.30692167577413482,0.073020423081429295,0.25216271709196514
ecg_transformer,1465,0.67886932344763673,0.096655290102389449,0.30739476678043226,0.073097668865491294,0.2523650593043118
ecg_transformer,1466,0.67933271547729379,0.096725784447476482,0.30763983628922237,0.073121647213262836,0.2524146152547258
ecg_transformer,1467,0.67979610750695085,0.096750738468530231,0.30788457168825267,0.07314806708369366,0.25250010916188964
ecg_transformer,1468,0.68025949953660803,0.096730245231607989,0.30790190735694822,0.073130257881492008,0.25246435897359704
ecg_transformer,1469,0.68072289156626509,0.096800544588155568,0.30814613115498068,0.073198697687293215,0.25265509700033234
ecg_transformer,1470,0.68118628359592215,0.096961451247165889,0.30861678004535148,0.073279001380179606,0.25285115488760795
ecg_transformer,1471,0.68164967562557921,0.096895535916610376,0.30840697937910716,0.073273057240174258,0.25283750955402001
ecg_transformer,1472,0.68211306765523638,0.097010869565217747,0.30887681159420288,0.073299205922917096,0.25289973974414387
ecg_transformer,1473,0.68257645968489344,0.097080787508486435,0.30911971034170627,0.073340754899024474,0.25300388846104988
ecg_transformer,1474,0.68303985171455051,0.097150610583446748,0.30936227951153322,0.073366362498843124,0.25306465599828304
ecg_transformer,1475,0.68350324374420757,0.097220338983051199,0.30960451977401132,0.07342717300727146,0.2532069850743906
ecg_transformer,1476,0.68396663577386485,0.097289972899729335,0.30984643179765131,0.073438442376193125,0.25322870947440429
ecg_transformer,1477,0.68443002780352169,0.097359512525389644,0.30986233355901605,0.073514610388348223,0.25347693523653936
ecg_transformer,1478,0.68489341983317897,0.097293640054127536,0.30965268380694633,0.073502498567108041,0.25345163191730857
ecg_transformer,1479,0.68535681186283581,0.09731800766283559,0.30989407257155738,0.07352333736800537,0.25354107946470655
ecg_transformer,1480,0.6858202038924931,0.09743243243243277,0.31013513513513519,0.07360572915723991,0.25379010133051111
ecg_transformer,1481,0.68628359592215016,0.097411658789106806,0.31015079900967812,0.073605704928780727,0.25379329428266506
ecg_transformer,1482,0.68674698795180722,0.097480881691408339,0.3101664417453891,0.073664548539237221,0.25397719658742507
ecg_transformer,1483,0.68721037998146428,0.09755001123848088,0.31063160260732747,0.07371735437114528,0.254159098555233
ecg_transformer,1484,0.68767377201112145,0.097619047619047938,0.31087151841868826,0.073746868882859876,0.25422099590914554
ecg_transformer,1485,0.68813716404077852,0.09768799102132468,0.31088664421997758,0.073797816422181695,0.25435638275860722
ecg_transformer,1486,0.68860055607043558,0.097622252131000772,0.31067743382682816,0.073770096726707687,0.25430141748089391
ecg_transformer,1487,0.68906394810009264,0.097646267652992932,0.31069266980497645,0.073806096536063501,0.25440736379022771
ecg_transformer,1488,0.68952734012974981,0.097804659498208213,0.31115591397849457,0.073913110304021409,0.25469193068939638
ecg_transformer,1489,0.68999073215940687,0.09782852025968243,0.31139467203940002,0.073923430123153527,0.25471307660587872
ecg_transformer,1490,0.69045412418906393,0.097897091722595406,0.31163310961968677,0.073985342099857007,0.25487657033193839
ecg_transformer,1491,0.690917516218721,0.097876145763470021,0.31164766376033981,0.073989426888983093,0.25491506395552266
ecg_transformer,1492,0.69138090824837806,0.098033958891868056,0.31188561215370864,0.074079117207377962,0.25515734580366972
ecg_transformer,1493,0.69184430027803534,0.098057602143335879,0.31189997767358785,0.074120037753733894,0.25527748375371795
ecg_transformer,1494,0.69230769230769218,0.098081213743864651,0.31191432396251673,0.0741297532651084,0.25529823722643036
ecg_transformer,1495,0.69277108433734946,0.098193979933110687,0.31215161649944262,0.074198119765205156,0.25547850101796216
ecg_transformer,1496,0.69323447636700652,0.09817290552584701,0.31216577540106949,0.074205337486980924,0.25551118392699218
ecg_transformer,1497,0.69369786839666359,0.098196392785571449,0.31240258294366513,0.074205522213057776,0.25551209286632753
ecg_transformer,1498,0.69416126042632065,0.098308856252781796,0.31286159323542501,0.074254645967536989,0.25562540900842856
ecg_transformer,1499,0.69462465245597771,0.098287747387147295,0.31287525016677792,0.07425236692993252,0.25561975034940093
ecg_transformer,1500,0.69508804448563488,0.098311111111111404,0.31311111111111112,0.074253371895032269,0.25562133253113983
ecg_transformer,1501,0.69555143651529194,0.098378858538752237,0.31312458361092604,0.074296637498606613,0.25575290582748489
ecg_transformer,1502,0.696014828544949,0.098490901020861374,0.31335996449178871,0.074336340570600887,0.25584004412436973
ecg_transformer,1503,0.69647822057460607,0.098602794411177933,0.31359503215790641,0.074417220779941409,0.25606897700850262
ecg_transformer,1504,0.69694161260426324,0.098625886524822973,0.31382978723404253,0.074425691911033445,0.25608523344683404
ecg_transformer,1505,0.6974050046339203,0.098693244739756658,0.31406423034330011,0.074410301405137838,0.25605422437338354
ecg_transformer,1506,0.69786839666357736,0.098893315626383649,0.31451969898185039,0.074525474227206526,0.25640683747350385
ecg_transformer,1507,0.69833178869323442,0.098916168989161987,0.31453218314532183,0.074549718396475395,0.25646392548244906
ecg_transformer,1508,0.69879518072289171,0.099027409372237252,0.31476569407603894,0.074596002930036362,0.25657927221322313
ecg_transformer,1509,0.69925857275254855,0.099005964214712028,0.31477799867461892,0.074577574664874621,0.25654244030255674
ecg_transformer,1510,0.69972196478220583,0.099205298013245333,0.31523178807947022,0.074651626248464095,0.25673411033205512
ecg_transformer,1511,0.70018535681186289,0.09931612618574924,0.3154643723803221,0.074692040562971976,0.25685805889105678
ecg_transformer,1512,0.70064874884151995,0.099426807760141386,0.31591710758377428,0.07475792664497255,0.25700094608209062
ecg_transformer,1513,0.70111214087117701,0.099405155320555452,0.31592861863846661,0.07474890208964588,0.25698199697656404
ecg_transformer,1514,0.70157553290083408,0.09942756494936178,0.31616028181417882,0.074766448175805356,0.2570512124917041
ecg_transformer,1515,0.70203892493049125,0.099361936193619618,0.31595159515951593,0.074742562916161895,0.25700364696688388
ecg_transformer,1516,0.70250231696014831,0.099472295514512157,0.31618293755496923,0.074811516338702047,0.25717386546983417
ecg_transformer,1517,0.70296570898980537,0.099450670182377784,0.31619424302351129,0.074810631852268272,0.25717909187017757
ecg_transformer,1518,0.70342910101946243,0.099429073342117091,0.31620553359683795,0.074831626576611396,0.25724218831614049
ecg_transformer,1519,0.70389249304911961,0.09971472459951751,0.31665569453587888,0.075008226990338045,0.257699415476069
ecg_transformer,1520,0.70435588507877667,0.09986842105263187,0.31688596491228066,0.07508276702629664,0.25788206082116083
ecg_transformer,1521,0.70481927710843373,0.099846592154284722,0.31689677843523995,0.075081862646469724,0.25788149769789176
ecg_transformer,1522,0.70528266913809079,0.099868593955322216,0.31712658782303987,0.075114196288076709,0.25803240948591316
ecg_transformer,1523,0.70574606116774807,0.099803020354563635,0.31691836288028014,0.075089770554248494,0.25798416217673692
ecg_transformer,1524,0.70620945319740491,0.09991251093613325,0.31714785651793526,0.075126151405195365,0.25808448354525493
ecg_transformer,1525,0.7066728452270622,0.10002185792349753,0.31759562841530053,0.075195382486898416,0.2582448513897872
ecg_transformer,1526,0.70713623725671904,0.10017474879860228,0.31782437745740499,0.07529508152672261,0.25850631139836083
ecg_transformer,1527,0.70759962928637632,0.10019646365422423,0.31805282689369135,0.075320550720976251,0.25856217208679882
ecg_transformer,1528,0.70806302131603338,0.1003054101221643,0.31828097731239091,0.075395969868428378,0.2588446395603628
ecg_transformer,1529,0.70852641334569044,0.10037061260082868,0.31850882930019625,0.075452079400117111,0.25897997064155648
ecg_transformer,1530,0.7089898053753475,0.10043572984749481,0.31873638344226579,0.075475666390936905,0.2590303908918789
ecg_transformer,1531,0.70945319740500468,0.10041367298062294,0.31874591770084909,0.075495185378249938,0.259070778090009
ecg_transformer,1532,0.70991658943466174,0.10052219321148848,0.31897302001740641,0.075586212663999897,0.25934395168590335
ecg_transformer,1533,0.7103799814643188,0.10058708414872823,0.3191998260491411,0.075595955410171417,0.25936669907382887
ecg_transformer,1534,0.71084337349397586,0.10056497175141267,0.3192090395480226,0.075594128874639302,0.25936348382036301
ecg_transformer,1535,0.71130676552363303,0.10062975027144432,0.31943539630836049,0.075637857623857371,0.25945534223836592
ecg_transformer,1536,0.71177015755329009,0.10073784722222245,0.31966145833333331,0.075681058839848506,0.2595657448542199
ecg_transformer,1537,0.71223354958294716,0.10088917805248343,0.32010409889394925,0.075762492376186111,0.25974475636822775
ecg_transformer,1538,0.71269694161260422,0.10095361941915931,0.32032943216298221,0.075764407587720239,0.259751675609114
ecg_transformer,1539,0.71316033364226128,0.10110461338531536,0.32055447260125619,0.075831905534036168,0.25993315899597252
ecg_transformer,1540,0.71362372567191856,0.10112554112554135,0.32056277056277055,0.075848225493839197,0.25997002808074382
ecg_transformer,1541,0.7140871177015754,0.1011031797534071,0.32057105775470474,0.075840873765057423,0.25995734589981212
ecg_transformer,1542,0.71455050973123269,0.10116731517509751,0.32079550367488108,0.075864500434527984,0.26003904099993963
ecg_transformer,1543,0.71501390176088975,0.10114495571397734,0.32080362929358391,0.075860770058395047,0.26003198330118543
ecg_transformer,1544,0.71547729379054681,0.10125215889464616,0.32124352331606221,0.075910371077134817,0.26014172156010656
ecg_transformer,1545,0.71594068582020387,0.10135922330097109,0.32168284789644014,0.075918029556669639,0.26015894337864415
ecg_transformer,1546,0.71640407784986093,0.10129366106080229,0.32147477360931437,0.075893126727689109,0.26011058845407947
ecg_transformer,1547,0.7168674698795181,0.10131437190260741,0.32148243912949792,0.075928146233727692,0.26020210253123827
ecg_transformer,1548,0.71733086190917517,0.10137812230835508,0.32170542635658916,0.075943876585800166,0.26023746087142891
ecg_transformer,1549,0.71779425393883223,0.1013557133634605,0.32171293307510224,0.075939380022337452,0.26022881252955327
ecg_transformer,1550,0.71825764596848929,0.1015483870967744,0.3221505376344086,0.076019706811010099,0.26044889635793156
ecg_transformer,1551,0.71872103799814646,0.10161186331399119,0.32237266279819471,0.076079278179245327,0.26060882323946594
ecg_transformer,1552,0.71918443002780352,0.10154639175257753,0.32216494845360821,0.076058157647744096,0.26056764392779663
ecg_transformer,1553,0.71964782205746058,0.10169564284181176,0.32260141661300706,0.07611158228227409,0.2606891270119906
ecg_transformer,1554,0.72011121408711765,0.10175890175890197,0.32282282282282282,0.07617339644554344,0.26083994549105943
ecg_transformer,1555,0.72057460611677493,0.10195069667738499,0.32325830653804927,0.076260513408280606,0.2610422203522042
ecg_transformer,1556,0.72103799814643177,0.10197086546700962,0.32347900599828622,0.076290423012597766,0.26111707290524505
ecg_transformer,1557,0.72150139017608905,0.10203382573324789,0.32369942196531792,0.076358343377201543,0.2612743541011931
ecg_transformer,1558,0.72196478220574611,0.10205391527599506,0.32391955498502351,0.076372291140232029,0.26130408678120293
ecg_transformer,1559,0.72242817423540318,0.10215950395552724,0.324353217874706,0.07640691795182715,0.26139016582094121
ecg_transformer,1560,0.72289156626506024,0.10222222222222239,0.32457264957264953,0.076425554265694071,0.26142849296621889
ecg_transformer,1561,0.7233549582947173,0.1024129831304721,0.32479180012812298,0.076469276389866461,0.2615427564580195
ecg_transformer,1562,0.72381835032437447,0.1025608194622281,0.32522407170294493,0.076548718636565372,0.26172914577920275
ecg_transformer,1563,0.72428174235403153,0.10258050757091082,0.3254425250586479,0.076575770176930569,0.26179234086725089
ecg_transformer,1564,0.72474513438368859,0.10264279624893453,0.32566069906223355,0.07661314931029789,0.26188268891453537
ecg_transformer,1565,0.72520852641334566,0.10266240681576162,0.32587859424920124,0.076619568746338143,0.26189754674405741
ecg_transformer,1566,0.72567191844300283,0.10268199233716492,0.32609621115368242,0.07661816022224327,0.26189651866532948
ecg_transformer,1567,0.72613531047265989,0.10278664114018311,0.326313550308445,0.076697869936237242,0.26210037853947316
ecg_transformer,1568,0.72659870250231695,0.10284863945578249,0.32653061224489793,0.076715470395976634,0.26213819320788662
ecg_transformer,1569,0.72706209453197401,0.10286806883365217,0.32674739749309539,0.076734229626720163,0.26218805172741649
ecg_transformer,1570,0.7275254865616313,0.1028450106157114,0.32675159235668788,0.076730504353147683,0.26218395800380456
ecg_transformer,1571,0.72798887859128814,0.10290685338425647,0.32718014003819224,0.076748759151995749,0.26222757491168369
ecg_transformer,1572,0.72845227062094542,0.10292620865139963,0.32718405428329089,0.076797435937245459,0.26236377023858387
ecg_transformer,1573,0.72891566265060226,0.10294553930917583,0.32739987285441829,0.07680878359357339,0.26238738975504777
ecg_transformer,1574,0.72937905468025954,0.10300720033883963,0.32761541719610332,0.07682848863227866,0.26243521789632812
ecg_transformer,1575,0.7298424467099166,0.1030687830687832,0.32804232804232802,0.076843282704870522,0.26246925661140164
ecg_transformer,1576,0.73030583873957367,0.10317258883248744,0.3284686971235195,0.076886600057293683,0.26258631257470388
ecg_transformer,1577,0.73076923076923073,0.1031071655041219,0.3282604100612978,0.076882803153272547,0.26258244279277715
ecg_transformer,1578,0.7312326227988879,0.10304182509505717,0.32805238698774819,0.076883187571765044,0.26258707635629136
ecg_transformer,1579,0.73169601482854496,0.1031876715220605,0.32826683554992608,0.076908270138951587,0.26264544201538664
ecg_transformer,1580,0.73215940685820202,0.10312236286919844,0.3280590717299578,0.076883827060817519,0.26259861472014123
ecg_transformer,1581,0.73262279888785908,0.1030993042378243,0.32806240775880241,0.076871097496603591,0.26257571428214543
ecg_transformer,1582,0.73308619091751626,0.10316055625790151,0.32848714707121784,0.076888302034360076,0.26261733614889077
ecg_transformer,1583,0.73354958294717332,0.1033059591492947,0.32891134975784375,0.076970309726726333,0.26283131426043488
ecg_transformer,1584,0.73401297497683038,0.10332491582491594,0.3291245791245791,0.07698661391360459,0.26286872327901828
ecg_transformer,1585,0.73447636700648744,0.10330178759200853,0.32912723449001052,0.077016621953775066,0.26293815510501123
ecg_transformer,1586,0.7349397590361445,0.10348886086591018,0.32955023118957549,0.077114057643549921,0.26316274815472346
ecg_transformer,1587,0.73540315106580179,0.10350766645662689,0.32976265490443185,0.077104021161223932,0.26314529734827835
ecg_transformer,1588,0.73586654309545863,0.10352644836272051,0.32997481108312338,0.077132385666404665,0.26321228011829118
ecg_transformer,1589,0.73632993512511591,0.10354520662890719,0.33018670023075308,0.07713371855403138,0.26321897214168682
ecg_transformer,1590,0.73679332715477297,0.10364779874213846,0.33060796645702301,0.077138468475109509,0.26323064648565464
ecg_transformer,1591,0.73725671918443003,0.10366645715482935,0.33081919128430753,0.077139470715451866,0.26323819501647788
ecg_transformer,1592,0.73772011121408709,0.1036850921273033,0.33082077051926301,0.077172920906225975,0.26332506667018124
ecg_transformer,1593,0.73818350324374415,0.10374555346306769,0.33103159656831971,0.07722636639116881,0.26347956625222718
ecg_transformer,1594,0.73864689527340133,0.10372229192806366,0.33103304056879962,0.077223335687361935,0.26347662570129249
ecg_transformer,1595,0.73911028730305839,0.10382445141065839,0.33145245559038661,0.077300260466123108,0.26366809454763779
ecg_transformer,1596,0.73957367933271545,0.10396825396825406,0.33187134502923976,0.077372865044357017,0.2638346356105476
ecg_transformer,1597,0.74003707136237262,0.10398664161970368,0.33187226048841578,0.077410738572231588,0.26392307124468889
ecg_transformer,1598,0.74050046339202968,0.10396328744263672,0.33187317480183565,0.077387832521441213,0.26387954876199976
ecg_transformer,1599,0.74096385542168675,0.10389826975192838,0.33166562434855118,0.077372320504097272,0.26385124787788328
ecg_transformer,1600,0.74142724745134381,0.10391666666666675,0.33166666666666667,0.077383079764716825,0.26388130949572708
ecg_transformer,1601,0.74189063948100087,0.10401832188215708,0.33208411409535704,0.077416079789160555,0.26396262327732051
ecg_transformer,1602,0.74235403151065815,0.10411985018726599,0.33250104036620892,0.07742728635628536,0.26398918804999116
ecg_transformer,1603,0.74281742354031499,0.10417966313162828,0.33291744645456434,0.077433382620741384,0.26400346506416733
ecg_transformer,1604,0.74328081556997228,0.10432252701579392,0.33333333333333331,0.077489057581043297,0.26413072455021186
ecg_transformer,1605,0.74374420759962934,0.10434060228452759,0.33354101765316718,0.077488272861586674,0.26413177967424345
ecg_transformer,1606,0.7442075996292864,0.10435865504358662,0.3335408883354089,0.077494296022829465,0.26414930353191579
ecg_transformer,1607,0.74467099165894346,0.10441817050404488,0.33374818502385395,0.077534879712362656,0.26424275221250776
ecg_transformer,1608,0.74513438368860052,0.10447761194029857,0.33395522388059701,0.077621383560902257,0.26447662379752768
ecg_transformer,1609,0.74559777571825769,0.10453697949036674,0.33436917339962707,0.077642243749907941,0.26452339746934106
ecg_transformer,1610,0.74606116774791476,0.10459627329192552,0.334575569358178,0.0776888874726267,0.26464393946488973
ecg_transformer,1611,0.74652455977757182,0.10486240430374515,0.33498861990482104,0.077837090623302366,0.26504097200338816
ecg_transformer,1612,0.74698795180722888,0.10488006617038881,0.33519437551695619,0.077854650799090055,0.2650966108869755
ecg_transformer,1613,0.74745134383688605,0.10502169869807816,0.33560653027485016,0.077930418692188461,0.26529807777516107
ecg_transformer,1614,0.74791473586654311,0.1052044609665428,0.33601817430813713,0.077996259052969821,0.2655097006819398
ecg_transformer,1615,0.74837812789620017,0.10522187822497425,0.33601651186790504,0.078006238314395557,0.26553412198399745
ecg_transformer,1616,0.74884151992585724,0.1052392739273928,0.33601485148514848,0.078027171424731298,0.26558097039222517
ecg_transformer,1617,0.74930491195551452,0.10529787672644821,0.3362193362193362,0.07805896459887525,0.26564999187577992
ecg_transformer,1618,0.74976830398517136,0.10531520395550066,0.33642356819118252,0.078045246373325591,0.26562563856975502
ecg_transformer,1619,0.75023169601482864,0.10533250977969943,0.33662754786905497,0.078065270815299001,0.26570471038568716
ecg_transformer,1620,0.75069508804448548,0.10543209876543214,0.33683127572016458,0.078126507305812082,0.26590912186094917
ecg_transformer,1621,0.75115848007414276,0.10540818424840637,0.33682911782850095,0.07812303853956544,0.26590452123502328
ecg_transformer,1622,0.75162187210379983,0.10550760378133996,0.33703247020139743,0.078171398366445821,0.26601493700753437
ecg_transformer,1623,0.75208526413345689,0.10564797699733008,0.3372355719860341,0.078235537405539679,0.26620209380960308
ecg_transformer,1624,0.75254865616311395,0.10578817733990153,0.3376436781609195,0.078269924987433306,0.26628007886906774
ecg_transformer,1625,0.75301204819277112,0.10576410256410261,0.33764102564102566,0.078283127721028897,0.26631553574870254
ecg_transformer,1626,0.75347544022242818,0.10578105781057816,0.33763837638376382,0.078274857534717787,0.2663022559783102
ecg_transformer,1627,0.75393883225208524,0.10583896742470809,0.33784060643310793,0.078312355802263242,0.26639497458288158
ecg_transformer,1628,0.75440222428174231,0.10581490581490587,0.33783783783783788,0.078332383657827478,0.26643749383177934
ecg_transformer,1629,0.75486561631139948,0.10583179864947827,0.33783507264170254,0.078348775930690215,0.2664800639337217
ecg_transformer,1630,0.75532900834105654,0.10584867075664627,0.33803680981595091,0.078352448413982784,0.26649334066020486
ecg_transformer,1631,0.7557924003707136,0.10586552217453508,0.33823829961169016,0.078381156334416044,0.2665623648710862
ecg_transformer,1632,0.75625579240037066,0.10608660130718957,0.33864379084967328,0.078556510963810375,0.26707007574638914
ecg_transformer,1633,0.75671918443002772,0.10622576035925702,0.3390487854664217,0.078623465041418636,0.26724593971435645
ecg_transformer,1634,0.75718257645968501,0.10624235006119953,0.33904528763769887,0.078618278087343244,0.2672403393211652
ecg_transformer,1635,0.75764596848934185,0.10625891946992867,0.33924566768603465,0.078609573193681004,0.26722633636816379
ecg_transformer,1636,0.75810936051899913,0.106479217603912,0.33964955175224126,0.078713393359667524,0.26751088406120066
ecg_transformer,1637,0.75857275254865619,0.10669924658928936,0.34005294237426192,0.078803546128006621,0.26776741198004123
ecg_transformer,1638,0.75903614457831325,0.10675620675620678,0.34025234025234025,0.078837719817278593,0.26785432016949967
ecg_transformer,1639,0.75949953660797032,0.10685377262558472,0.34065487085621315,0.078886332323492056,0.26799263853619837
ecg_transformer,1640,0.75996292863762738,0.10695121951219515,0.3410569105691057,0.078955523702939304,0.26815819898247389
ecg_transformer,1641,0.76042632066728455,0.1069672963640057,0.34105220394068664,0.078985131025787872,0.2682418950409598
ecg_transformer,1642,0.76088971269694161,0.10698335363377996,0.34125050751116531,0.078995979802617328,0.26828116214142406
ecg_transformer,1643,0.76135310472659867,0.10708054372083588,0.3414485696895922,0.07905450965124744,0.26840875220315774
ecg_transformer,1644,0.76181649675625585,0.10713706407137065,0.34164639091646393,0.07906464616256878,0.26844264382932986
ecg_transformer,1645,0.76227988878591291,0.10719351570415402,0.34204660587639313,0.079088952794279396,0.26849697193266858
ecg_transformer,1646,0.76274328081556997,0.10724989874443096,0.34224382341028758,0.079091360293181881,0.26850908884679153
ecg_transformer,1647,0.76320667284522703,0.10730621331714228,0.34244080145719491,0.079104944270610295,0.26853906914998732
ecg_transformer,1648,0.76367006487488409,0.10736245954692557,0.34263754045307443,0.079156934604245097,0.26870858070928377
ecg_transformer,1649,0.76413345690454137,0.10745906610066708,0.34283404083282792,0.079233946693104865,0.26891211065388343
ecg_transformer,1650,0.76459684893419821,0.10743434343434344,0.34282828282828276,0.07922803218282902,0.26890370113247797
ecg_transformer,1651,0.7650602409638555,0.10745003028467597,0.34302442963860286,0.079227014647072269,0.26890402871313457
ecg_transformer,1652,0.76552363299351256,0.10750605326876513,0.34322033898305082,0.079251697304389634,0.26895967876581073
ecg_transformer,1653,0.76598702502316962,0.10748134704577535,0.34321435773341397,0.079247654418477365,0.2689556206253329
ecg_transformer,1654,0.76645041705282668,0.10761789600967349,0.34361144699717855,0.079260618808995167,0.2689855469811237
ecg_transformer,1655,0.76691380908248374,0.1077139979859013,0.34400805639476334,0.079298829816768987,0.26907971598650371
ecg_transformer,1656,0.76737720111214092,0.1077294685990338,0.34420289855072461,0.079303198757689555,0.26909133372351884
ecg_transformer,1657,0.76784059314179798,0.10786562059947695,0.34459867229933616,0.079355723739348363,0.26921012105292202
ecg_transformer,1658,0.76830398517145504,0.1079211901889827,0.34479292320064331,0.07939116124227634,0.2693104739305166
ecg_transformer,1659,0.7687673772011121,0.10809724733775365,0.34518786417520592,0.079479065610387381,0.26951403622123354
ecg_transformer,1660,0.76923076923076927,0.10811244979919676,0.34518072289156626,0.079496916513823249,0.26955679579582403
ecg_transformer,1661,0.76969416126042633,0.1081276339554485,0.34537427252659042,0.079510708849484912,0.26959202182478914
ecg_transformer,1662,0.7701575532900834,0.10818291215403127,0.34556758924989972,0.079532954839137013,0.26964217943900132
ecg_transformer,1663,0.77062094531974046,0.10815794748446579,0.3455602325115254,0.079523853061867114,0.26962734127117871
ecg_transformer,1664,0.77108433734939774,0.10813301282051278,0.34555288461538458,0.079519871396243419,0.26962422236369327
ecg_transformer,1665,0.77154772937905458,0.10834834834834832,0.34594594594594597,0.079662132733380173,0.2699829673045992
ecg_transformer,1666,0.77201112140871186,0.10840336134453778,0.34613845538215288,0.079669195182774599,0.27000140860223709
ecg_transformer,1667,0.7724745134383687,0.1084583083383323,0.34633073385322932,0.079693837244065188,0.27005964028820145
ecg_transformer,1668,0.77293790546802599,0.1085131894484412,0.34652278177458035,0.079756211514763406,0.27023917973249939
ecg_transformer,1669,0.77340129749768305,0.10856800479328936,0.34671459956061518,0.079808470149928173,0.27037795558154337
ecg_transformer,1670,0.77386468952734011,0.10862275449101792,0.3471057884231537,0.079837304524779384,0.27044886141631369
ecg_transformer,1671,0.77432808155699717,0.1086774386594853,0.34729702772790744,0.079895227328760018,0.27060214991354464
ecg_transformer,1672,0.77479147358665434,0.10865231259968099,0.34728867623604459,0.07988847764465469,0.27059159262789012
ecg_transformer,1673,0.77525486561631141,0.10862721657700732,0.34728033472803349,0.079889903292451603,0.2706052397204835
ecg_transformer,1674,0.77571825764596847,0.10864197530864191,0.34747112704101957,0.079908085059601716,0.27064491011731212
ecg_transformer,1675,0.77618164967562553,0.10885572139303479,0.34786069651741292,0.080023321269418496,0.27090911534688572
ecg_transformer,1676,0.7766450417052827,0.10894988066825771,0.34824980111376291,0.080078776316128364,0.27103453627677054
ecg_transformer,1677,0.77710843373493976,0.10900417412045312,0.34843967402106935,0.080113446728918958,0.27112320203449847
ecg_transformer,1678,0.77757182576459682,0.1090584028605482,0.34862932061978547,0.080132986672415404,0.27117561144405644
ecg_transformer,1679,0.77803521779425389,0.10919197935278929,0.34881874131427432,0.08017794647319329,0.27128302454998637
ecg_transformer,1680,0.77849860982391095,0.10912698412698407,0.34861111111111115,0.080154535873439611,0.27124019920008097
ecg_transformer,1681,0.77896200185356823,0.10926036089629183,0.34899861193733894,0.080230968172364636,0.27141256215418968
ecg_transformer,1682,0.77942539388322507,0.10935394371779622,0.34918747522790333,0.080272422075307256,0.27151362451518007
ecg_transformer,1683,0.77988878591288235,0.10936819172113284,0.349178055060408,0.080294304878345449,0.27156172698725739
ecg_transformer,1684,0.78035217794253942,0.10934283452098174,0.34916864608076009,0.080314540596570783,0.27160899045298631
ecg_transformer,1685,0.78081556997219648,0.10931750741839757,0.34915924826904049,0.080321926288797155,0.27163335668821564
ecg_transformer,1686,0.78127896200185354,0.10937129300118618,0.34934756820877816,0.080334283303696033,0.27166326704393651
ecg_transformer,1687,0.78174235403151071,0.1095040505828887,0.34973325429756957,0.080439565246843772,0.27194050967569328
ecg_transformer,1688,0.78220574606116777,0.10947867298578191,0.34972353870458139,0.080442435750708571,0.27195642623184074
ecg_transformer,1689,0.78266913809082483,0.10949279652654424,0.34971383461614369,0.080476463141791688,0.27204991351374774
ecg_transformer,1690,0.7831325301204819,0.10954635108481255,0.34990138067061144,0.080504704132544902,0.2721198832024207
ecg_transformer,1691,0.78359592215013907,0.10956041789867921,0.35008870490833827,0.080500760772103677,0.27211533441274932
ecg_transformer,1692,0.78405931417979613,0.10965327029156809,0.35047281323877072,0.080545800012565547,0.27221851423453769
ecg_transformer,1693,0.78452270620945319,0.10970663516440236,0.35065957865721598,0.080561917786851608,0.27226016867452202
ecg_transformer,1694,0.78498609823911025,0.10975993703266422,0.35084612357339634,0.080596705609331173,0.2723421705924795
ecg_transformer,1695,0.78544949026876731,0.10985250737463119,0.35122910521140605,0.080611089036640424,0.27237526071343937
ecg_transformer,1696,0.7859128822984246,0.10998427672955968,0.35141509433962265,0.080669076180767227,0.27251120862210548
ecg_transformer,1697,0.78637627432808144,0.11007660577489679,0.35179728933411902,0.080690273001133087,0.27255751250206356
ecg_transformer,1698,0.78683966635773872,0.11012956419316834,0.35198272477424419,0.080754519834238078,0.27275603514158475
ecg_transformer,1699,0.78730305838739578,0.11022169903865009,0.3523641357661369,0.080799702297889311,0.27287962834207541
ecg_transformer,1700,0.78776645041705284,0.11031372549019598,0.35254901960784313,0.080877492943616167,0.27307327823734512
ecg_transformer,1701,0.78822984244670991,0.11048402900254743,0.3529296492259455,0.080928221250159402,0.27318728189393199
ecg_transformer,1702,0.78869323447636697,0.11065413239326276,0.35311398354876616,0.081024811008672523,0.27343143890660609
ecg_transformer,1703,0.78915662650602414,0.11086318261890772,0.35349383440986498,0.081128251960023268,0.27368418086973473
ecg_transformer,1704,0.7896200185356812,0.11091549295774639,0.35367762128325508,0.081205249309902583,0.27388193372470387
ecg_transformer,1705,0.79008341056533826,0.11092864125122182,0.35386119257086995,0.081204236038533772,0.27388503341008302
ecg_transformer,1706,0.79054680259499532,0.1109808518952715,0.35404454865181711,0.081237582564590363,0.27397433840620566
ecg_transformer,1707,0.7910101946246525,0.11107205623901573,0.35442296426479203,0.081258423898029411,0.27402070051250221
ecg_transformer,1708,0.79147358665430956,0.11112412177985938,0.35460577673692423,0.081257757648874149,0.27402341433643956
ecg_transformer,1709,0.79193697868396662,0.11137117222547289,0.35498342110395936,0.081353860276311765,0.27429649444206844
ecg_transformer,1710,0.79240037071362368,0.11153996101364512,0.35536062378167643,0.081439854538834081,0.27453486671207106
ecg_transformer,1711,0.79286376274328096,0.11159166179622043,0.35573738554451589,0.081463781748767186,0.27458780138674249
ecg_transformer,1712,0.7933271547729378,0.11164330218068526,0.35591900311526481,0.081518726026869173,0.27475291659623208
ecg_transformer,1713,0.79379054680259509,0.11165596419536865,0.35610040863981318,0.081536175573853578,0.27479336483971512
ecg_transformer,1714,0.79425393883225193,0.1116297160637883,0.35608712563204975,0.081537507951026378,0.27480029617214763
ecg_transformer,1715,0.79471733086190921,0.11179786200194353,0.35646258503401357,0.081610577599403197,0.27496334770992242
ecg_transformer,1716,0.79518072289156627,0.11173271173271164,0.35625485625485626,0.08159662285942991,0.27493989264772395
ecg_transformer,1717,0.79564411492122333,0.11178411958842932,0.3566297806251213,0.08161066363110174,0.27497326709456021
ecg_transformer,1718,0.79610750695088039,0.11183546759798203,0.35661622041133095,0.081654032570107463,0.27508488486400856
ecg_transformer,1719,0.79657089898053757,0.11188675586581336,0.35679658716307933,0.081679940958744326,0.27515448449450625
ecg_transformer,1720,0.79703429101019463,0.11186046511627895,0.35678294573643415,0.081659000130575018,0.27511713211750294
ecg_transformer,1721,0.79749768303985169,0.11191167925624625,0.35696300600426106,0.081713007090971235,0.27525010307368375
ecg_transformer,1722,0.79796107506950875,0.11204026325977534,0.35714285714285715,0.081764946209096842,0.27537653111531268
ecg_transformer,1723,0.79842446709916592,0.11201392919326743,0.35712903849874245,0.081760889801781159,0.27537231570424142
ecg_transformer,1724,0.79888785912882299,0.11206496519721565,0.35711523588553745,0.081801187151742186,0.27549158322300332
ecg_transformer,1725,0.79935125115848005,0.11211594202898538,0.35748792270531399,0.081798920844540643,0.27549110331884347
ecg_transformer,1726,0.79981464318813711,0.11220548474314394,0.3578601776747779,0.081852653610007903,0.27562014782112471
ecg_transformer,1727,0.80027803521779417,0.11225632117351851,0.35803898861223704,0.081866255339911417,0.27565427116870961
ecg_transformer,1728,0.80074142724745145,0.11230709876543198,0.35821759259259256,0.081873720229814442,0.27567687366302568
ecg_transformer,1729,0.80120481927710829,0.11251204935415449,0.35858877964141128,0.081965786786138126,0.27595204712834254
ecg_transformer,1730,0.80166821130676558,0.11252408477841991,0.35857418111753375,0.082006491076097976,0.27605105036413896
ecg_transformer,1731,0.80213160333642264,0.11269015983054098,0.35894473329481996,0.08210903731459164,0.27630393451137009
ecg_transformer,1732,0.8025949953660797,0.11270207852193981,0.35892994611239409,0.08211203828053093,0.27631517042882542
ecg_transformer,1733,0.80305838739573676,0.11282939026735898,0.35929986535872277,0.082193051493766323,0.27652316415079309
ecg_transformer,1734,0.80352177942539393,0.11291810841983839,0.3596693579392542,0.082260709709425214,0.27672351018498792
ecg_transformer,1735,0.803985171455051,0.11300672430355414,0.35984630163304515,0.082300668703351912,0.27681400467985035
ecg_transformer,1736,0.80444856348470806,0.11305683563748066,0.36002304147465436,0.082328099646102521,0.2768752789204153
ecg_transformer,1737,0.80491195551436512,0.11310688927269223,0.36039147956246403,0.08234070014087036,0.27690534668353922
ecg_transformer,1738,0.80537534754402229,0.11311852704257752,0.3605677023398543,0.082374262889059913,0.27698464020696556
ecg_transformer,1739,0.80583873957367935,0.11309181521947465,0.36055204140310521,0.082384364463354426,0.27700960660824653
ecg_transformer,1740,0.80630213160333641,0.11314176245210712,0.36072796934865897,0.082379524576871088,0.27700721390114597
ecg_transformer,1741,0.80676552363299348,0.11322994447635444,0.36090369519433274,0.082431508646991322,0.27713127517274994
ecg_transformer,1742,0.80722891566265054,0.1132797550707997,0.36107921928817449,0.082473067503568601,0.27724889272404324
ecg_transformer,1743,0.80769230769230782,0.11336775674125059,0.36144578313253017,0.082520003721253385,0.2774117825007501
ecg_transformer,1744,0.80815569972196466,0.1134174311926604,0.36162079510703365,0.082547210759038675,0.27747648441148182
ecg_transformer,1745,0.80861909175162194,0.11354345749761208,0.3619866284622732,0.082598741372137199,0.27759507335624362
ecg_transformer,1746,0.809082483781279,0.11355479190530722,0.36197021764032078,0.082617476494438333,0.27765235897411616
ecg_transformer,1747,0.80954587581093607,0.11356611333714924,0.36195382560580042,0.082628214588415086,0.27768201564839096
ecg_transformer,1748,0.81000926784059313,0.11361556064073212,0.36212814645308922,0.082637211844149405,0.27770564194167296
ecg_transformer,1749,0.81047265987025019,0.11366495140080031,0.36230226796264531,0.08264776298504227,0.27773207824065455
ecg_transformer,1750,0.81093605189990736,0.11371428571428556,0.36247619047619045,0.082679827697436883,0.27780624719846653
ecg_transformer,1751,0.81139944392956442,0.11376356367789819,0.36264991433466592,0.08268110478876349,0.27781355133054281
ecg_transformer,1752,0.81186283595922148,0.11392694063926924,0.36301369863013694,0.08279699170589995,0.27815743861918052
ecg_transformer,1753,0.81232622798887855,0.11401407111618163,0.36337706788362806,0.082838924485369059,0.27826397697242755
ecg_transformer,1754,0.81278962001853572,0.11410110224249319,0.3637400228050171,0.082866526294379753,0.27832809900280653
ecg_transformer,1755,0.81325301204819278,0.11418803418803403,0.36391263057929724,0.082897899324935478,0.27840097781386036
ecg_transformer,1756,0.81371640407784984,0.1141989369779801,0.36408504176157935,0.082891581519924165,0.27839358116973273
ecg_transformer,1757,0.8141797961075069,0.1143236577499524,0.36444697400872705,0.082937100000681926,0.27850281222418088
ecg_transformer,1758,0.81464318813716419,0.11437239287068622,0.36461888509670076,0.082976131004044176,0.27860324563556738
ecg_transformer,1759,0.81510658016682103,0.1144589729012695,0.36479060072010611,0.083003779362757171,0.27866519993634414
ecg_transformer,1760,0.81556997219647831,0.11446969696969679,0.36496212121212118,0.083001820430204001,0.27866821201690845
ecg_transformer,1761,0.81603336422613515,0.11459398069278802,0.36532273329547604,0.08303875243912022,0.27875018552643721
ecg_transformer,1762,0.81649675625579243,0.11479379493000359,0.3656829360575104,0.083116438043782936,0.27893962020713153
ecg_transformer,1763,0.81696014828544949,0.11472868217054245,0.3654755152202685,0.083107176995295198,0.27892666823743173
ecg_transformer,1764,0.81742354031510656,0.11481481481481463,0.36583522297808013,0.083154655412636821,0.27904581732592781
ecg_transformer,1765,0.81788693234476362,0.11501416430594884,0.36619452313503303,0.083251533392583135,0.27931464750600643
ecg_transformer,1766,0.81835032437442079,0.11506228765571896,0.36636466591166483,0.083287198667495926,0.27940822804819199
ecg_transformer,1767,0.81881371640407785,0.11518581399735882,0.36653461611016791,0.083340394479899979,0.27955082585632579
ecg_transformer,1768,0.81927710843373491,0.1152714932126695,0.3668929110105581,0.083339319460373804,0.27955306818783515
ecg_transformer,1769,0.81974050046339197,0.11535707556058018,0.36706237045411721,0.083389457543329118,0.27968376305762072
ecg_transformer,1770,0.82020389249304915,0.11529190207156291,0.36685499058380411,0.083373598243959998,0.27965749765806946
ecg_transformer,1771,0.82066728452270621,0.11533973273103688,0.36702428006775834,0.083405599137409359,0.27973126859709124
ecg_transformer,1772,0.82113067655236327,0.11531226486079739,0.36700526711813392,0.08339530081997458,0.27971588227400729
ecg_transformer,1773,0.82159406858202055,0.11547283323933051,0.36736228614401201,0.083467726623064495,0.27988299969817421
ecg_transformer,1774,0.82205746061167739,0.11559564073656503,0.36771890266816981,0.083547355234393897,0.28007030346761852
ecg_transformer,1775,0.82252085264133468,0.1156056338028167,0.36788732394366197,0.083570393350993477,0.28013487755532701
ecg_transformer,1776,0.82298424467099152,0.11565315315315294,0.36824324324324326,0.083607218659200191,0.28021832777133932
ecg_transformer,1777,0.8234476367006488,0.11577565184768317,0.36859876195835678,0.083623306999025773,0.28025795632456141
ecg_transformer,1778,0.82391102873030586,0.11586051743532039,0.36895388076490437,0.083653948916464563,0.28034243087456301
ecg_transformer,1779,0.82437442075996292,0.11587033914183976,0.36912122915495599,0.083671745359290714,0.2803909680692544
ecg_transformer,1780,0.82483781278961998,0.11595505617977508,0.36910112359550568,0.083737337776020035,0.28055656247363259
ecg_transformer,1781,0.82530120481927716,0.11596481377503254,0.36926820138498972,0.08373557130699584,0.28055846538454604
ecg_transformer,1782,0.82576459684893422,0.11601197156752692,0.36943509165731386,0.08376319246195657,0.28062530234054622
ecg_transformer,1783,0.82622798887859128,0.11605907646289004,0.36978874555991775,0.083789227748016393,0.28068698000640441
ecg_transformer,1784,0.82669138090824834,0.11618086696562012,0.37014200298953664,0.083839076363257395,0.28079814102038991
ecg_transformer,1785,0.82715477293790551,0.1161531279178336,0.37012138188608779,0.083864743813207951,0.28086498090401463
ecg_transformer,1786,0.82761816496756258,0.11631205673758843,0.37047405748413587,0.083960065249276586,0.28113243081563649
ecg_transformer,1787,0.82808155699721964,0.11647080768513314,0.37082633836970719,0.084028219592284861,0.28128922074030177
ecg_transformer,1788,0.8285449490268767,0.11655480984340023,0.37099179716629377,0.084056445347082828,0.28135691727239726
ecg_transformer,1789,0.82900834105653376,0.11656418855971656,0.37097074715856154,0.084075531963728842,0.28140578111925069
ecg_transformer,1790,0.82947173308619104,0.11661080074487873,0.37113594040968345,0.084115202301977846,0.2815103410988346
ecg_transformer,1791,0.82993512511584788,0.11669458403126724,0.37130094919039641,0.084134567676809505,0.28155571310213962
ecg_transformer,1792,0.83039851714550517,0.11677827380952359,0.37146577380952378,0.084222644877489608,0.28177457546602996
ecg_transformer,1793,0.83086190917516223,0.1168990518683768,0.37181632273656812,0.084260185268519125,0.2818632031241925
ecg_transformer,1794,0.83132530120481929,0.11683389074693401,0.37160906726124115,0.084244966028469218,0.28183879845665866
ecg_transformer,1795,0.83178869323447635,0.11691736304549653,0.37195914577530176,0.084270685475669307,0.28189748901771822
ecg_transformer,1796,0.83225208526413341,0.1169636228656271,0.37212323682256865,0.084317691170742684,0.28200343686538926
ecg_transformer,1797,0.83271547729379058,0.11715822667408622,0.37228714524207013,0.084410390794931137,0.28222443921620588
ecg_transformer,1798,0.83317886932344765,0.1172413793103446,0.37263626251390436,0.084458616226998184,0.28234554020847585
ecg_transformer,1799,0.83364226135310471,0.11732443950342759,0.37298499166203447,0.084511170432860869,0.28248186054534546
ecg_transformer,1800,0.83410565338276177,0.11733333333333311,0.37314814814814817,0.084535574044548922,0.28253809978228778
ecg_transformer,1801,0.83456904541241894,0.1174532667036829,0.3734962058115861,0.084623780006625446,0.28276062472592328
ecg_transformer,1802,0.835032437442076,0.11746207917129092,0.37365889752127263,0.08460992163814951,0.28273913047698984
ecg_transformer,1803,0.83549582947173306,0.11754483268626341,0.37400628581992973,0.084656909469726746,0.28284841193406396
ecg_transformer,1804,0.83595922150139013,0.11759053954175881,0.37416851441241689,0.084693530317812682,0.28293385833199008
ecg_transformer,1805,0.83642261353104741,0.11759926131117242,0.3743305632502309,0.08469126850433889,0.2829354213948036
ecg_transformer,1806,0.83688600556070425,0.11771871539313376,0.37449243263196746,0.084745451731611521,0.28306618367206865
ecg_transformer,1807,0.83734939759036153,0.1177273565762772,0.37446965504519464,0.084760707823860651,0.28310821355303889
ecg_transformer,1808,0.83781278962001837,0.11773598820058973,0.3744469026548673,0.084773190424019984,0.28314182665756421
ecg_transformer,1809,0.83827618164967566,0.11774461028192347,0.37442417541920031,0.084775351208836322,0.28315315322326723
ecg_transformer,1810,0.83873957367933272,0.11779005524861856,0.37458563535911599,0.084776805351846771,0.28316203739100948
ecg_transformer,1811,0.83920296570898978,0.11783545002760881,0.37474691698877233,0.084819203151769121,0.28327028482384214
ecg_transformer,1812,0.83966635773864684,0.11795437821927864,0.3750919793966152,0.084840302790171282,0.28332098504706821
ecg_transformer,1813,0.84012974976830401,0.11799963228534632,0.37525280382423237,0.084868066230739392,0.283388099167517
ecg_transformer,1814,0.84059314179796107,0.11808158765159843,0.37541345093715545,0.084903938050211999,0.28347897252096854
ecg_transformer,1815,0.84105653382761814,0.11820018365472888,0.37557392102846648,0.084994801164292366,0.28372505837882805
ecg_transformer,1816,0.84151992585727531,0.11835535976505114,0.37591776798825255,0.085060707211981446,0.28388450730116027
ecg_transformer,1817,0.84198331788693237,0.11840029352412378,0.37607778389286367,0.085102412054610069,0.28398973048113768
ecg_transformer,1818,0.84244670991658943,0.11840850751741817,0.37623762376237629,0.085099338060496452,0.28398980279903746
ecg_transformer,1819,0.84291010194624649,0.118526663001649,0.37658053875755909,0.085122912743415435,0.2840456213001058
ecg_transformer,1820,0.84337349397590378,0.1186446886446884,0.37692307692307692,0.085162233914464855,0.28415325696512822
ecg_transformer,1821,0.84383688600556062,0.11861614497528805,0.37689913966684974,0.085165468621883234,0.28416656937360912
ecg_transformer,1822,0.8443002780352179,0.11869740212220976,0.37724112696670326,0.08519945156005361,0.28424270691591563
ecg_transformer,1823,0.84476367006487474,0.11877857012250842,0.37739989029072962,0.085284049792098096,0.28445049195992028
ecg_transformer,1824,0.84522706209453202,0.11874999999999974,0.37737573099415206,0.085272073771388027,0.28443334156108091
ecg_transformer,1825,0.84569045412418908,0.11883105022831025,0.37753424657534246,0.08531387076524638,0.28454381426644137
ecg_transformer,1826,0.84615384615384615,0.11891201168309577,0.37769258853596205,0.085388958321511443,0.28474015063916219
ecg_transformer,1827,0.84661723818350321,0.11902937420178773,0.3780332056194125,0.08545126715322475,0.28488529014618841
ecg_transformer,1828,0.84708063021316038,0.11914660831509821,0.37837345003646972,0.085510978644534733,0.28502783667505055
ecg_transformer,1829,0.84754402224281744,0.11915436486240179,0.37853107344632769,0.085556359475761568,0.28514422002348144
ecg_transformer,1830,0.8480074142724745,0.11912568306010902,0.37850637522768671,0.085576713740976751,0.2851956386618108
ecg_transformer,1831,0.84847080630213156,0.1191698525395956,0.37866375386855999,0.085594393593379489,0.28523933142249336
ecg_transformer,1832,0.84893419833178874,0.11932314410480323,0.37900291120815138,0.085656680882479297,0.28537757215540727
ecg_transformer,1833,0.8493975903614458,0.11943989816330215,0.37934169849063465,0.085717462227250005,0.28552587037620969
ecg_transformer,1834,0.84986098239110286,0.11952017448200629,0.37949836423118866,0.085752909922110265,0.28561163268145512
ecg_transformer,1835,0.85032437442075992,0.11960036330608513,0.37947320617620345,0.085794149279823317,0.28574377877007595
ecg_transformer,1836,0.85078776645041698,0.11971677559912829,0.37981118373275241,0.085841182190248791,0.28584739101692591
ecg_transformer,1837,0.85125115848007427,0.11965160587915054,0.37960442750861906,0.085837191489177025,0.28584576676159246
ecg_transformer,1838,0.85171455050973111,0.11973159231048215,0.37994196590496915,0.08590800530404856,0.28603341768005852
ecg_transformer,1839,0.85217794253938839,0.11981149175276391,0.38009787928221855,0.085947133532294287,0.28612158675861538
ecg_transformer,1840,0.85264133456904545,0.11985507246376785,0.38043478260869562,0.085973899784275401,0.28620037845787211
ecg_transformer,1841,0.85310472659870251,0.11986239362665191,0.38059025891725512,0.085999500365463569,0.28629063222212964
ecg_transformer,1842,0.85356811862835957,0.11986970684039061,0.38074556641331886,0.086025979472565003,0.28636752056052195
ecg_transformer,1843,0.85403151065801663,0.11994935793090948,0.38090070537167664,0.086067588583289376,0.28650243672342018
ecg_transformer,1844,0.85449490268767381,0.11995661605206047,0.38105567606652208,0.08606299711206862,0.2864995460342934
ecg_transformer,1845,0.85495829471733087,0.12003613369466999,0.38121047877145436,0.08609151749120636,0.28656706247691427
ecg_transformer,1846,0.85542168674698793,0.1201516793066086,0.38154568436258574,0.086156294037513029,0.28673999575437081
ecg_transformer,1847,0.85588507877664499,0.12023100523371205,0.38188052698068936,0.086160062089846945,0.28675431982860911
ecg_transformer,1848,0.85634847080630216,0.12034632034632008,0.38221500721500723,0.086222166182325088,0.28690889758856214
ecg_transformer,1849,0.85681186283595923,0.12031728862448143,0.38218857039841359,0.086239537822799986,0.28698163335640242
ecg_transformer,1850,0.85727525486561629,0.12036036036036009,0.38234234234234238,0.08625575272254804,0.28702397071241637
ecg_transformer,1851,0.85773864689527335,0.12040338555735612,0.38249594813614268,0.086280079576640675,0.28708490306398221
ecg_transformer,1852,0.85820203892493063,0.12048236141108683,0.382829373650108,0.08629903514763243,0.28713339893571843
ecg_transformer,1853,0.85866543095458747,0.12052527432991517,0.38298255081849253,0.086323457987038957,0.28719059560079191
ecg_transformer,1854,0.85912882298424476,0.12060409924487565,0.38331535418914059,0.086344658577617084,0.28724606571816458
ecg_transformer,1855,0.85959221501390159,0.12064690026954149,0.38364779874213834,0.086374049094083527,0.2873150832514364
ecg_transformer,1856,0.86005560704355888,0.12065373563218361,0.38380028735632182,0.086369159799836281,0.28731346965933069
ecg_transformer,1857,0.86051899907321594,0.12073236402800186,0.38395261173936457,0.086390288022852021,0.28736374713355251
ecg_transformer,1858,0.860982391102873,0.12077502691065629,0.3842841765339074,0.086411855477924404,0.28741997956994181
ecg_transformer,1859,0.86144578313253017,0.12081764389456667,0.38443607674376906,0.086461844956296274,0.28754339132772783
ecg_transformer,1860,0.86190917516218724,0.12093189964157675,0.38476702508960575,0.086503593919760924,0.28764837227798873
ecg_transformer,1861,0.8623725671918443,0.12093856349632782,0.38491850259716998,0.086489926954388355,0.28762838126354823
ecg_transformer,1862,0.86283595922150136,0.12098102398854245,0.38524883637665591,0.086504004818571137,0.28766585311323872
ecg_transformer,1863,0.86329935125115853,0.12095186974413996,0.38522096976203257,0.086495466332388027,0.28765645126344547
ecg_transformer,1864,0.86376274328081559,0.1209942775393416,0.38519313304721031,0.086555854574852972,0.28784623574203905
ecg_transformer,1865,0.86422613531047265,0.12107238605898091,0.38552278820375335,0.086606235292042352,0.28796989185030836
ecg_transformer,1866,0.86468952734012972,0.12115041086102148,0.38567345480528759,0.086649539852785132,0.28806933834030835
ecg_transformer,1867,0.865152919369787,0.12115693626138156,0.38582396000714159,0.086653617364146632,0.2880850464859695
ecg_transformer,1868,0.86561631139944384,0.12112776588151287,0.38579586009992867,0.086666528665258605,0.28813036873951603
ecg_transformer,1869,0.86607970342910112,0.12113429641519498,0.38576779026217228,0.086670372270606144,0.28814817189892877
ecg_transformer,1870,0.86654309545875796,0.12117647058823496,0.3859180035650624,0.086677901726593384,0.28817532544788188
ecg_transformer,1871,0.86700648748841525,0.12125423124888619,0.38606805629787994,0.086708014170041425,0.28824821378365056
ecg_transformer,1872,0.86746987951807231,0.12129629629629597,0.38603988603988598,0.086747965888428702,0.28834311672374691
ecg_transformer,1873,0.86793327154772937,0.12126712938245206,0.38601174586225301,0.086762023197612823,0.28838198113917551
ecg_transformer,1874,0.86839666357738643,0.1213091426538595,0.3863393810032017,0.086770148230338059,0.28840529662721065
ecg_transformer,1875,0.8688600556070436,0.12142222222222189,0.38648888888888888,0.08684826043136111,0.28859598243144147
ecg_transformer,1876,0.86932344763670066,0.12153518123667344,0.38663823738450603,0.086915469868485126,0.2887565457868293
ecg_transformer,1877,0.86978683966635773,0.1215059492097315,0.38660983839460128,0.086918320675364369,0.28877100440919362
ecg_transformer,1878,0.87025023169601479,0.12147674831380868,0.38658146964856233,0.08692982408136006,0.28880264128692429
ecg_transformer,1879,0.87071362372567196,0.12155401809473092,0.38690792974986699,0.086984255363930063,0.28893468277968554
ecg_transformer,1880,0.87117701575532902,0.12163120567375853,0.38723404255319149,0.087036593642337678,0.28907435282932564
ecg_transformer,1881,0.87164040778498608,0.12174375332270033,0.38755980861244016,0.087108427932795843,0.28924293363637688
ecg_transformer,1882,0.87210379981464314,0.12178533475026533,0.38770811193765492,0.087129285899935627,0.28929611159707097
ecg_transformer,1883,0.87256719184430021,0.12189768100548735,0.38803328022658873,0.087202291227678405,0.28949611686947407
ecg_transformer,1884,0.87303058387395749,0.12193913658881778,0.38818117480537867,0.087205371511635141,0.2895106659903805
ecg_transformer,1885,0.87349397590361433,0.12190981432360708,0.38815207780725025,0.087220034031012958,0.28955325864298737
ecg_transformer,1886,0.87395736793327161,0.12198656769176353,0.38847649346058671,0.087238432743119418,0.28959752760689716
ecg_transformer,1887,0.87442075996292867,0.12192192192192157,0.38827062356474124,0.087229224500449343,0.28958641609507985
ecg_transformer,1888,0.87488415199258573,0.12196327683615783,0.38841807909604514,0.087251249481990534,0.28964319216144724
ecg_transformer,1889,0.8753475440222428,0.12203988000705805,0.38874183871536966,0.087294238920510039,0.28975111738426967
ecg_transformer,1890,0.87581093605189986,0.12208112874779505,0.38906525573192235,0.08731923047609369,0.28981204210900957
ecg_transformer,1891,0.87627432808155703,0.12208707914683553,0.38921205711263879,0.08734091414402112,0.28986482505948136
ecg_transformer,1892,0.87673772011121409,0.12230443974629984,0.38953488372093026,0.08743984587046548,0.29012119703645461
ecg_transformer,1893,0.87720111214087115,0.12234548335974606,0.38968128191583024,0.087444010353433368,0.29013789139686552
ecg_transformer,1894,0.87766450417052821,0.12242168250615944,0.38982752551918337,0.087508549498200597,0.2903069316368882
ecg_transformer,1895,0.87812789620018539,0.12246262093227755,0.39014951627088834,0.087537987746611354,0.29038440721075509
ecg_transformer,1896,0.87859128822984245,0.12253867791842438,0.39029535864978904,0.087580034285740127,0.29048705649975531
ecg_transformer,1897,0.87905468025949951,0.12264979792655033,0.39044104726761547,0.087629652863078986,0.29063149154529289
ecg_transformer,1898,0.87951807228915657,0.12269055145767437,0.39076220583069898,0.087657810410186346,0.29071782043702038
ecg_transformer,1899,0.87998146431881386,0.12273126206775457,0.39090749517289808,0.087668538269856947,0.29074793036708796
ecg_transformer,1900,0.88044485634847069,0.12270175438596453,0.39087719298245616,0.08768244502736143,0.29078652340240668
ecg_transformer,1901,0.88090824837812798,0.12277748553392913,0.39119761529019814,0.08775491465793657,0.29102940769792446
ecg_transformer,1902,0.88137164040778504,0.12274798457763718,0.39116719242902209,0.08775734011170612,0.29104187063321491
ecg_transformer,1903,0.8818350324374421,0.12275354703100329,0.39131196356629888,0.087770019340096636,0.2910754429748188
ecg_transformer,1904,0.88229842446709916,0.12279411764705843,0.39145658263305316,0.087808372574017302,0.29119259493799426
ecg_transformer,1905,0.88276181649675622,0.12286964129483775,0.39160104986876637,0.087857952763146896,0.29132451939555432
ecg_transformer,1906,0.8832252085264134,0.12301504022385411,0.39192025183630647,0.087927680198081989,0.29151242950446327
ecg_transformer,1907,0.88368860055607046,0.12312532773990521,0.3922391190351337,0.087978965580507662,0.2916365920529817
ecg_transformer,1908,0.88415199258572752,0.12316561844863694,0.39238294898672255,0.088004414594111388,0.29170589294492077
ecg_transformer,1909,0.88461538461538458,0.12327571154181904,0.392701239741575,0.088072070260701976,0.29188348255939328
ecg_transformer,1910,0.88507877664504175,0.12335078534031374,0.39301919720767886,0.08810272791333297,0.29196925251357381
ecg_transformer,1911,0.88554216867469882,0.12328623757195145,0.3928135356706785,0.088090247284444256,0.29195233538053217
ecg_transformer,1912,0.88600556070435588,0.12325662482566209,0.39278242677824271,0.088104004827287238,0.29198855484944891
ecg_transformer,1913,0.88646895273401294,0.12329674159261154,0.39309984317825403,0.088128197638701458,0.29204755343641747
ecg_transformer,1914,0.88693234476367022,0.12344130964820581,0.39341692789968646,0.088154391704219334,0.29212211843511843
ecg_transformer,1915,0.88739573679332706,0.12355091383811968,0.39355961705831161,0.088210871997018173,0.29227297293484072
ecg_transformer,1916,0.88785912882298434,0.12366040361864955,0.39370215727209468,0.088262372799568126,0.29240466704946383
ecg_transformer,1917,0.88832252085264118,0.123595896365849,0.39349678316814468,0.088239105517530669,0.29236673153881271
ecg_transformer,1918,0.88878591288229847,0.12356621480709029,0.39346541536322555,0.088260719303076718,0.29244373645436411
ecg_transformer,1919,0.88924930491195553,0.12357130449887054,0.39360778183081463,0.088260901897468089,0.29245229996127731
ecg_transformer,1920,0.88971269694161259,0.12364583333333291,0.39374999999999999,0.088283204306018714,0.29251934451822764
ecg_transformer,1921,0.89017608897126965,0.12368558042686061,0.3938920701023772,0.088296290966816501,0.2925585083556605
ecg_transformer,1922,0.89063948100092682,0.12375997225112689,0.39403399236906006,0.088328791785185712,0.29263704459458845
ecg_transformer,1923,0.89110287303058389,0.1237649505980235,0.39417576703068119,0.088337448015346973,0.29266397409914463
ecg_transformer,1924,0.89156626506024095,0.12383922383922343,0.39449064449064447,0.088373266906247916,0.29274753888957566
ecg_transformer,1925,0.89202965708989801,0.12394805194805153,0.39480519480519477,0.088404502889260675,0.29282476132525342
ecg_transformer,1926,0.89249304911955518,0.12409138110072647,0.39511941848390447,0.088456463559305629,0.29302701460218256
ecg_transformer,1927,0.89295644114921224,0.12416536931326717,0.39526033558207924,0.088483799635850388,0.29310078514792087
ecg_transformer,1928,0.8934198331788693,0.1242738589211614,0.39557399723374836,0.088514806020372469,0.293172359582133
ecg_transformer,1929,0.89388322520852637,0.12427855538275401,0.39571453257300848,0.088517556255315655,0.29318674074090345
ecg_transformer,1930,0.89434661723818343,0.12435233160621718,0.39585492227979274,0.088552482136467006,0.29327427005772883
ecg_transformer,1931,0.89481000926784071,0.12446055584325866,0.39616778871051267,0.088625482939393818,0.29345511034619026
ecg_transformer,1932,0.89527340129749755,0.1245686680469285,0.39648033126293997,0.088641810217202743,0.29349768689608718
ecg_transformer,1933,0.89573679332715483,0.12457320227625408,0.39662010691498534,0.08865559036623584,0.29353627457082793
ecg_transformer,1934,0.8962001853568119,0.12468114443295371,0.39693209238193727,0.088695603315111241,0.29365226936751981
ecg_transformer,1935,0.89666357738646896,0.12461670973298837,0.39672695951765719,0.08870037095396377,0.29367063992081577
ecg_transformer,1936,0.89712696941612602,0.12475895316804364,0.39703856749311295,0.088764080743835572,0.29383517035986711
ecg_transformer,1937,0.89759036144578308,0.12476337979693641,0.39717776630528312,0.088808836507273559,0.29393959300009886
ecg_transformer,1938,0.89805375347544025,0.1248366013071891,0.39731682146542829,0.0888697141072992,0.29408531326964593
ecg_transformer,1939,0.89851714550509731,0.12487536530857786,0.3976276431150077,0.088888242703368744,0.29413688379075581
ecg_transformer,1940,0.89898053753475438,0.12487972508591021,0.39759450171821314,0.088887476188527437,0.29414335257401863
ecg_transformer,1941,0.89944392956441144,0.12502146659797311,0.39790486003778119,0.088922862920613854,0.29422913891454405
ecg_transformer,1942,0.89990732159406861,0.1251630621352553,0.398043254376931,0.089000813656036085,0.29446801411225421
ecg_transformer,1943,0.90037071362372567,0.1252015783153195,0.39818150626179444,0.089026856776434418,0.29453068677499089
ecg_transformer,1944,0.90083410565338273,0.12524005486968404,0.39814814814814814,0.089063178160772985,0.29462172101810763
ecg_transformer,1945,0.90129749768303979,0.12534704370179903,0.39828620394173092,0.089124887453107093,0.29478432598421117
ecg_transformer,1946,0.90176088971269708,0.12538540596094508,0.39859540938677629,0.089165485274124309,0.29488431489445699
ecg_transformer,1947,0.90222428174235392,0.12552645095017931,0.39890429720938192,0.089235078530998213,0.29505005501266363
ecg_transformer,1948,0.9026876737720112,0.1255989048596847,0.39904175222450378,0.089279135715046462,0.29516998467207661
ecg_transformer,1949,0.90315106580166826,0.12560287326834227,0.39917906618778859,0.089286518739837104,0.29519323328349112
ecg_transformer,1950,0.90361445783132532,0.12560683760683714,0.39931623931623933,0.089306281765445042,0.29524413858190568
ecg_transformer,1951,0.90407784986098239,0.12574747992482441,0.39962412438065947,0.089331543155230661,0.29530782412827916
ecg_transformer,1952,0.90454124189063945,0.12578551912568259,0.39976092896174859,0.089352164990717478,0.29536185872112192
ecg_transformer,1953,0.90500463392029662,0.12589179040791898,0.400068271036013,0.089386516560256687,0.29544578225133233
ecg_transformer,1954,0.90546802594995368,0.12596383486864504,0.40037529853292392,0.089422857344803972,0.2955349730955234
ecg_transformer,1955,0.90593141797961074,0.12596760443307711,0.40051150895140664,0.089453843590488913,0.29562061265857847
ecg_transformer,1956,0.9063948100092678,0.12610770279481889,0.40081799591002049,0.089495512908603872,0.29571505294125916
ecg_transformer,1957,0.90685820203892498,0.12628172372679225,0.40112416964741954,0.089524859230510359,0.29578353713503641
ecg_transformer,1958,0.90732159406858204,0.12638747020769445,0.40125978890023833,0.089550562593933347,0.29584513798346074
ecg_transformer,1959,0.9077849860982391,0.12649310872894287,0.40156542453632804,0.089622194977066971,0.29601717414005452
ecg_transformer,1960,0.90824837812789616,0.12659863945578184,0.40170068027210881,0.089656548247028955,0.29610059326821614
ecg_transformer,1961,0.90871177015755344,0.1267040625531187,0.40200577936426996,0.089684083691123129,0.29616785233659332
ecg_transformer,1962,0.90917516218721028,0.12680937818552451,0.40231056744818217,0.089739140479279986,0.29631095772761668
ecg_transformer,1963,0.90963855421686757,0.12691458651723506,0.40261504499915102,0.089774945423120367,0.29640608896789339
ecg_transformer,1964,0.91010194624652441,0.12701968771215158,0.40291921249151391,0.089821502674275064,0.29651774473906256
ecg_transformer,1965,0.91056533827618169,0.12709075487701393,0.40305343511450387,0.089870279788503496,0.29663909533492827
ecg_transformer,1966,0.91102873030583875,0.12709393014581169,0.40318752119362494,0.089878626223438382,0.2966654790511733
ecg_transformer,1967,0.91149212233549581,0.12713099474665263,0.40332147093712933,0.089911723161179583,0.29674709956252499
ecg_transformer,1968,0.91195551436515288,0.12713414634146292,0.40328590785907864,0.089940884295719545,0.29683125337759819
ecg_transformer,1969,0.91241890639481005,0.12713729473505964,0.40341967157609621,0.089951332825102551,0.29686437459958281
ecg_transformer,1970,0.91288229842446711,0.12720812182741068,0.40372250423011841,0.08999178330303427,0.29696256630308832
ecg_transformer,1971,0.91334569045412417,0.12727887705056609,0.40385591070522575,0.090011884381648852,0.29701453574560049
ecg_transformer,1972,0.91380908248378123,0.12734956051386023,0.40398918187964838,0.090036781627670384,0.29707902758531873
ecg_transformer,1973,0.9142724745134384,0.12728501436053341,0.40378442304443318,0.090030051604423122,0.29707551986861497
ecg_transformer,1974,0.91473586654309547,0.12742316784869931,0.40391759540695715,0.090095106569973035,0.2972368208804379
ecg_transformer,1975,0.91519925857275253,0.12749367088607547,0.40421940928270034,0.090129425770925906,0.29731590254792445
ecg_transformer,1976,0.91566265060240959,0.12763157894736796,0.40452091767881243,0.090187473214721869,0.29748396852240583
ecg_transformer,1977,0.91612604263206665,0.12773562636992028,0.40482212105884335,0.090261747160792827,0.29769736878263181
ecg_transformer,1978,0.91658943466172393,0.12770475227502479,0.40478597910347153,0.090266853379581222,0.29771694549166156
ecg_transformer,1979,0.91705282669138077,0.1277749705238331,0.40508674414687551,0.090306395041537771,0.29782007111202874
ecg_transformer,1980,0.91751621872103806,0.12791245791245742,0.4052188552188552,0.090365560612358009,0.29797358314169836
ecg_transformer,1981,0.91797961075069512,0.12791519434628926,0.40518256772673733,0.090375024536230961,0.29800299417830806
ecg_transformer,1982,0.91844300278035218,0.12801883619239776,0.40548267743020516,0.090430188265676323,0.2981305901782591
ecg_transformer,1983,0.91890639481000924,0.12808875441250583,0.40561438897293661,0.090453043546686443,0.29818788743488661
ecg_transformer,1984,0.9193697868396663,0.12822580645161241,0.40591397849462368,0.09052183956482214,0.2983631916460821
ecg_transformer,1985,0.91983317886932348,0.12832913518052008,0.40621326616288833,0.090571096585818009,0.29847519367852671
ecg_transformer,1986,0.92029657089898054,0.12836522322927107,0.40634441087613293,0.090605010622502702,0.29856223099071172
ecg_transformer,1987,0.9207599629286376,0.12843482637141368,0.40664318067438349,0.090632595308119193,0.29863316859741879
ecg_transformer,1988,0.92122335495829477,0.12847082494969767,0.40677397719651243,0.090654153923576897,0.2986947729238621
ecg_transformer,1989,0.92168674698795183,0.12857382269146925,0.40707223060164238,0.09067250523222059,0.29874281417538778
ecg_transformer,1990,0.92215013901760889,0.12860971524288056,0.40720268006700167,0.090684208385391818,0.29877585817879004
ecg_transformer,1991,0.92261353104726596,0.12874602377364755,0.4075004185501423,0.090724422161680487,0.2988689027646409
ecg_transformer,1992,0.92307692307692302,0.12874832663989239,0.40746318607764392,0.090754753832791468,0.29894820091589869
ecg_transformer,1993,0.9235403151065803,0.12875062719518263,0.40759324301722694,0.09076925533980261,0.29898943603150158
ecg_transformer,1994,0.92400370713623714,0.12888665997993931,0.40789033767970578,0.090836532796662775,0.29915008129887788
ecg_transformer,1995,0.92446709916589442,0.12892230576441047,0.40818713450292399,0.090855983609321248,0.29920145226649764
ecg_transformer,1996,0.92493049119555149,0.12902471609886387,0.40848363393453574,0.090890756693920119,0.29928586904287641
ecg_transformer,1997,0.92539388322520855,0.12909364046069052,0.40861291937906863,0.090951632128829327,0.299448216313215
ecg_transformer,1998,0.92585727525486561,0.12922922922922872,0.40890890890890885,0.091000538368124495,0.299560174151068
ecg_transformer,1999,0.92632066728452267,0.12929798232449505,0.40920460230115058,0.091057619745878948,0.29972463768045926
ecg_transformer,2000,0.92678405931417984,0.12936666666666613,0.40949999999999998,0.091079203730025871,0.29977963247897504
ecg_transformer,2001,0.9272474513438369,0.1294019656838242,0.40962851907379644,0.0910909889267838,0.29981477305462417
ecg_transformer,2002,0.92771084337349397,0.12940392940392886,0.40975690975690976,0.091111634297113664,0.29986844571321131
ecg_transformer,2003,0.92817423540315103,0.12947245797969659,0.40988517224163751,0.091147603876538766,0.29995480941126434
ecg_transformer,2004,0.9286376274328082,0.12947438456420438,0.40984697272122422,0.091154639183753036,0.29997989398051556
ecg_transformer,2005,0.92910101946246526,0.12954280964255971,0.41014131338320858,0.091194085898790855,0.30007391038336984
ecg_transformer,2006,0.92956441149212232,0.12954469923562587,0.41010302426055167,0.09121357428901293,0.30012411079306328
ecg_transformer,2007,0.93002780352177938,0.12967945523999277,0.41039694402923105,0.091244096169385461,0.30019758325563978
ecg_transformer,2008,0.93049119555143667,0.12978087649402334,0.41052456839309426,0.091275268894570646,0.30027729193486957
ecg_transformer,2009,0.93095458758109351,0.12991538078646037,0.41081798573087774,0.091312639851461638,0.30036934345038496
ecg_transformer,2010,0.93141797961075079,0.13001658374792643,0.4109452736318408,0.091393833042378081,0.30058295343560953
ecg_transformer,2011,0.93188137164040763,0.13021713906845622,0.41123818995524619,0.091473687731034772,0.30077376110732162
ecg_transformer,2012,0.93234476367006491,0.13025182239893909,0.41153081510934392,0.09148853723623257,0.30081305317183488
ecg_transformer,2013,0.93280815569972197,0.13025335320417231,0.4116575591985428,0.091494625379219152,0.30083749944160326
ecg_transformer,2014,0.93327154772937904,0.13032108573320034,0.41178417742469375,0.091532985829645086,0.30094190148982253
ecg_transformer,2015,0.9337349397590361,0.1303887510339117,0.41191066997518605,0.091590882564274154,0.30107909008845568
ecg_transformer,2016,0.93419833178869327,0.13035714285714226,0.41187169312169308,0.091585372578886423,0.30107846535020072
ecg_transformer,2017,0.93466172381835033,0.13042472318624962,0.41199801685671789,0.091620706027102636,0.30116870197004925
ecg_transformer,2018,0.93512511584800739,0.13055830855632578,0.41228939544103071,0.091679751301873391,0.30134283461713651
ecg_transformer,2019,0.93558850787766445,0.13062572230477068,0.41258048538880637,0.091772714851115378,0.30160887623605676
ecg_transformer,2020,0.93605189990732163,0.13066006600660002,0.41287128712871285,0.091810764048275373,0.30169985735885457
ecg_transformer,2021,0.93651529193697869,0.13069437572158932,0.4129968662378361,0.091814811612465297,0.30171928882736893
ecg_transformer,2022,0.93697868396663575,0.13079459281239633,0.41328717441477086,0.09189082854156054,0.3018986683692681
ecg_transformer,2023,0.93744207599629281,0.13082880210907824,0.4134124237930466,0.091920740759742492,0.30197302444084895
ecg_transformer,2024,0.93790546802594987,0.13092885375494004,0.41370223978919629,0.091955968501451435,0.30206049227419191
ecg_transformer,2025,0.93836886005560716,0.13096296296296231,0.41366255144032921,0.091968021549321266,0.30210063584052832
ecg_transformer,2026,0.938832252085264,0.13102994406054555,0.41378743007568275,0.091985069810512909,0.30214587908334617
ecg_transformer,2027,0.93929564411492128,0.13112974839664462,0.41407663213287282,0.092010126739802786,0.30220880191954264
ecg_transformer,2028,0.93975903614457834,0.13119658119658051,0.41420118343195261,0.092037853743776044,0.30227819875596967
ecg_transformer,2029,0.9402224281742354,0.13119763430261144,0.41432561195991457,0.092045417074332683,0.30230446094722635
ecg_transformer,2030,0.94068582020389246,0.13123152709359537,0.41444991789819374,0.092083039119949042,0.30241224828449481
ecg_transformer,2031,0.94114921223354964,0.13129821106187359,0.41457410142786805,0.092112113768938519,0.30248895670983228
ecg_transformer,2032,0.9416126042632067,0.1312992125984245,0.41453412073490808,0.092144684798695961,0.30257030714547811
ecg_transformer,2033,0.94207599629286376,0.13139858993277517,0.41465814067879975,0.092159670859342915,0.30261161844666473
ecg_transformer,2034,0.94253938832252082,0.13156342182890787,0.41494591937069814,0.092211800492622079,0.30273543087989241
ecg_transformer,2035,0.94300278035217799,0.13156429156429086,0.41506961506961509,0.092259181905637477,0.30284774358438432
ecg_transformer,2036,0.94346617238183506,0.13163064833005822,0.41535690897184024,0.092287620855365862,0.30292787925861364
ecg_transformer,2037,0.94392956441149212,0.13179512354770015,0.41564392079856,0.092337249881520686,0.30304553160560826
ecg_transformer,2038,0.94439295644114918,0.13186130192999601,0.41593065096499832,0.092347210062855845,0.30307689180161179
ecg_transformer,2039,0.94485634847080624,0.13199280693150164,0.41621709988556482,0.092393101352216622,0.3031861769257061
ecg_transformer,2040,0.94531974050046352,0.13205882352941103,0.41633986928104577,0.092419580004796123,0.30325231190512331
ecg_transformer,2041,0.94578313253012036,0.13212477543687662,0.41662583700800254,0.09243656525759418,0.3032997293580168
ecg_transformer,2042,0.94624652455977765,0.13222331047992089,0.41691152464903691,0.092480802188179959,0.30342259137269323
ecg_transformer,2043,0.94670991658943471,0.13232174906183644,0.41703377386196766,0.092533640375611348,0.30355354520765648
ecg_transformer,2044,0.94717330861909177,0.13235485975211927,0.4173189823874755,0.092547986751640318,0.30359413006917951
ecg_transformer,2045,0.94763670064874883,0.13242053789730976,0.41760391198044006,0.092570581607244143,0.30365337211305882
ecg_transformer,2046,0.94810009267840589,0.13245356793743815,0.41772564353209513,0.092617166186125033,0.30377662589740212
ecg_transformer,2047,0.94856348470806306,0.13251913369158042,0.4178472561472073,0.092632163808915591,0.30382098570581872
ecg_transformer,2048,0.94902687673772013,0.1325520833333326,0.41780598958333331,0.092670686213327358,0.30391609945188353
ecg_transformer,2049,0.94949026876737719,0.13268260940296006,0.41809012526435657,0.092742077653531041,0.30409501212614054
ecg_transformer,2050,0.94995366079703425,0.13281300813008054,0.41837398373983742,0.092786494666672978,0.30419727049305573
ecg_transformer,2051,0.95041705282669142,0.13287827076222902,0.41849504306842195,0.092818959679447699,0.30428290777604389
ecg_transformer,2052,0.95088044485634848,0.13294346978557428,0.41861598440545805,0.092866130155491208,0.30440619069182462
ecg_transformer,2053,0.95134383688600554,0.13300860529306627,0.41889917194349735,0.092911495352205817,0.30451637614016219
ecg_transformer,2054,0.95180722891566261,0.13300876338850945,0.4190197987666342,0.092915970040826024,0.30453726875925907
ecg_transformer,2055,0.95227062094531989,0.13320356853203488,0.41930251419302511,0.092982726482014888,0.30469920500805875
ecg_transformer,2056,0.95273401297497673,0.13333333333333255,0.41958495460440987,0.093019462845953318,0.30478843420436103
ecg_transformer,2057,0.95319740500463401,0.13346297196564497,0.41986712040187973,0.093066642142016112,0.30489864748660178
ecg_transformer,2058,0.95366079703429085,0.13356009070294705,0.42014901198574667,0.093121894574611633,0.30502802924657768
ecg_transformer,2059,0.95412418906394814,0.1335276023959843,0.42010684798445846,0.093138132520506914,0.30507524548307824
ecg_transformer,2060,0.9545875810936052,0.13362459546925484,0.42038834951456305,0.093174373205088812,0.30516748139089228
ecg_transformer,2061,0.95505097312326226,0.13372149442018358,0.42066957787481801,0.093213220532938401,0.30528996849145135
ecg_transformer,2062,0.95551436515291932,0.13381829938570886,0.42078887811186555,0.093234588080093536,0.30534800613173152
ecg_transformer,2063,0.95597775718257649,0.13378574890935449,0.42074648570043621,0.093255024928358465,0.30540186869654035
ecg_transformer,2064,0.95644114921223355,0.13378552971576146,0.42070413436692505,0.093281745917891054,0.30547325810664455
ecg_transformer,2065,0.95690454124189062,0.13384987893462386,0.42082324455205811,0.093336032353701873,0.30563272623498289
ecg_transformer,2066,0.95736793327154768,0.13394643433365519,0.42110358180058083,0.093370910127826542,0.3057173655534447
ecg_transformer,2067,0.95783132530120485,0.13404289630704638,0.4213836477987421,0.093418734045446192,0.30583240465485401
ecg_transformer,2068,0.95829471733086191,0.13407479045776829,0.42150225660863955,0.093463319812154444,0.30594690635472049
ecg_transformer,2069,0.95875810936051897,0.13417109714838002,0.42162075076526501,0.093513196777872662,0.3060733598339303
ecg_transformer,2070,0.95922150139017603,0.13420289855072379,0.42173913043478262,0.093549400024514354,0.30619120514012071
ecg_transformer,2071,0.9596848934198331,0.13423466924191127,0.42201834862385318,0.093578411917411855,0.3062702610194567
ecg_transformer,2072,0.96014828544949038,0.13433075933075847,0.42229729729729731,0.093633897202612379,0.30640515953428743
ecg_transformer,2073,0.96061167747914722,0.13436243769094625,0.4224151792892748,0.09363671724191551,0.30642391340168063
ecg_transformer,2074,0.9610750695088045,0.13439408550305279,0.42253294760527166,0.093665620989692222,0.30649973398498326
ecg_transformer,2075,0.96153846153846156,0.13439357429718787,0.42248995983935744,0.093678801267113823,0.3065416900581508
ecg_transformer,2076,0.96200185356811863,0.13439306358381417,0.42244701348747588,0.093698080143628307,0.30659717351226751
ecg_transformer,2077,0.96246524559777569,0.1344567485154862,0.42256459637297383,0.093725479661767072,0.30666723689383868
ecg_transformer,2078,0.96292863762743286,0.13448829002245663,0.42268206608918835,0.093751564437797794,0.30673297139185035
ecg_transformer,2079,0.96339202965708992,0.1345839345839337,0.42279942279942279,0.093793386108278823,0.3068448676985065
ecg_transformer,2080,0.96385542168674698,0.13471153846153758,0.42307692307692307,0.093843386695445938,0.30696360071694972
ecg_transformer,2081,0.96431881371640404,0.13467884030113639,0.42303379785359602,0.093849031746762068,0.30698851019260687
ecg_transformer,2082,0.96478220574606122,0.134710214537303,0.42315081652257441,0.093867067663969128,0.3070419132871875
ecg_transformer,2083,0.96524559777571828,0.13480556889102166,0.42326772283565367,0.093896322488768988,0.30711689689998378
ecg_transformer,2084,0.96570898980537534,0.1348688419705685,0.42354446577095328,0.093910286940612153,0.30715844517618796
ecg_transformer,2085,0.9661723818350324,0.1349320543565139,0.42366107114308554,0.093974155460154488,0.30731442569185213
ecg_transformer,2086,0.96663577386468946,0.13505912432086839,0.42393736017897093,0.094050051922921471,0.30749358067207949
ecg_transformer,2087,0.96709916589434675,0.13515412873342827,0.42421338444337969,0.094079456591676644,0.30756741732098081
ecg_transformer,2088,0.96756255792400359,0.13524904214559297,0.42448914431673052,0.094109246304174443,0.30765163400426171
ecg_transformer,2089,0.96802594995366087,0.135311951491941,0.4247646401787139,0.094147774028278466,0.30774474979354799
ecg_transformer,2090,0.96848934198331793,0.13540669856459239,0.4250398724082935,0.094198903044438273,0.3078780464092567
ecg_transformer,2091,0.96895273401297499,0.13546947234178133,0.42531484138370795,0.094253638805438342,0.3080326609808719
ecg_transformer,2092,0.96941612604263205,0.13559592096876899,0.42558954748247291,0.09429688029144602,0.30813540102963161
ecg_transformer,2093,0.96987951807228912,0.13572224876572611,0.4258639910813824,0.094329479018860421,0.30821810367155927
ecg_transformer,2094,0.97034291010194629,0.13588029290034928,0.4261381725565106,0.094408852304584123,0.30841936270778092
ecg_transformer,2095,0.97080630213160335,0.13587907716785905,0.42625298329355604,0.094421924846134819,0.30846004310547542
ecg_transformer,2096,0.97126969416126041,0.1358778625954189,0.42636768447837148,0.094430056051896763,0.30849046224432969
ecg_transformer,2097,0.97173308619091747,0.13600381497377109,0.42664123350818633,0.094471628609416824,0.30859463090479572
ecg_transformer,2098,0.97219647822057464,0.13612964728312582,0.42691452176676198,0.094482047456588128,0.30863045399574113
ecg_transformer,2099,0.97265987025023171,0.13622359853898586,0.42702874384627604,0.094527399925768904,0.30874540224442576
ecg_transformer,2100,0.97312326227988877,0.13638095238095144,0.42730158730158729,0.094565160256944281,0.30883804276823185
ecg_transformer,2101,0.97358665430954583,0.13637950182452704,0.4272568618118357,0.094587481663694503,0.3088988934250842
ecg_transformer,2102,0.97405004633920311,0.13647320012686234,0.42737075800824614,0.094629294549473317,0.30900187390829997
ecg_transformer,2103,0.97451343836885995,0.13650340783008305,0.42748454588682838,0.094654689357154764,0.30907116417863684
ecg_transformer,2104,0.97497683039851724,0.13656527249683045,0.42759822560202787,0.094694059807518882,0.30917306677912088
ecg_transformer,2105,0.97544022242817408,0.13672209026128168,0.42787015043547111,0.094738600645511498,0.30927990147101697
ecg_transformer,2106,0.97590361445783136,0.13684710351376919,0.42814181703070592,0.094781408957190463,0.30938451059192373
ecg_transformer,2107,0.97636700648748842,0.13687707641195915,0.42825502293940826,0.094827408602906879,0.30950780682094808
ecg_transformer,2108,0.97683039851714548,0.13693864642631148,0.42852624920936117,0.094857421868554614,0.30958578197588943
ecg_transformer,2109,0.97729379054680254,0.13696854749486229,0.42863916548127073,0.094886777973573921,0.30966316020907825
ecg_transformer,2110,0.97775718257645972,0.13699842022116804,0.42875197472353871,0.094897886167904011,0.30970326429659895
ecg_transformer,2111,0.97822057460611678,0.13715458708352971,0.42902258013579669,0.094964694022372342,0.30987083122663095
ecg_transformer,2112,0.97868396663577384,0.13724747474747376,0.42929292929292934,0.094999796472773346,0.30996288406770917
ecg_transformer,2113,0.9791473586654309,0.13740337592680132,0.42956302255876322,0.095092877585954194,0.31020326700123951
ecg_transformer,2114,0.97961075069508807,0.13755912961210873,0.42983286029643653,0.095152867711274444,0.31036997954050988
ecg_transformer,2115,0.98007414272474513,0.13765169424743792,0.42994483845547676,0.095190044811896538,0.31046322168591306
ecg_transformer,2116,0.9805375347544022,0.13771266540642621,0.43021424070573405,0.095224668663802373,0.31055446923742019
ecg_transformer,2117,0.98100092678405948,0.13771059675641531,0.43016847740513303,0.095241129713667896,0.31060426948225689
ecg_transformer,2118,0.98146431881371632,0.13780295876613055,0.43043751967264715,0.095274180587366974,0.31068794983378395
ecg_transformer,2119,0.9819277108433736,0.13780084945729013,0.43054900110114835,0.095285883318193196,0.31072794957941124
ecg_transformer,2120,0.98239110287303044,0.13776729559748324,0.43050314465408807,0.095295407963941092,0.31076447471238761
ecg_transformer,2121,0.98285449490268773,0.1378280685211368,0.43061449002043056,0.095334596867382937,0.31086187775895929
ecg_transformer,2122,0.98331788693234479,0.13798303487276053,0.43072573044297835,0.095405271966790064,0.31104912380222149
ecg_transformer,2123,0.98378127896200185,0.13810645313235884,0.43099387658973159,0.095428073281362324,0.3111116128620206
ecg_transformer,2124,0.98424467099165891,0.13816698053986087,0.43110483364720648,0.095442580527626927,0.3111583319860638
ecg_transformer,2125,0.98470806302131608,0.13819607843137152,0.43121568627450979,0.095492845872449703,0.31128694963680964
ecg_transformer,2126,0.98517145505097314,0.13831922232674718,0.43132643461900283,0.095537170137170335,0.31141217482728689
ecg_transformer,2127,0.98563484708063021,0.13841090738128717,0.43159379407616361,0.095576309028240339,0.3115162292648091
ecg_transformer,2128,0.98609823911028727,0.13840852130325712,0.43170426065162903,0.095598475187839746,0.31157814160581526
ecg_transformer,2129,0.98656163113994444,0.13850007828401337,0.43197119148269919,0.095657927981662352,0.3117238798150761
ecg_transformer,2130,0.9870250231696015,0.13852895148669692,0.43208137715179973,0.095697955437486049,0.31182837290480075
ecg_transformer,2131,0.98748841519925856,0.13862036602533917,0.43234788049429063,0.09572471857748259,0.31190005543304394
ecg_transformer,2132,0.98795180722891562,0.13864915572232539,0.43230143839899937,0.095762193731251596,0.31201182533722149
ecg_transformer,2133,0.98841519925857269,0.13867791842475283,0.43256758868573214,0.095773803153204592,0.3120532586211846
ecg_transformer,2134,0.98887859128822997,0.13889409559512547,0.4328334895345205,0.095841924556864175,0.31222113132681589
ecg_transformer,2135,0.98934198331788681,0.13898516783762579,0.43309914129586263,0.095874048632735909,0.31230646844351401
ecg_transformer,2136,0.98980537534754409,0.13910736579275804,0.43336454431960053,0.095939579024710675,0.31248065725124236
ecg_transformer,2137,0.99026876737720115,0.13916705662143083,0.43362969895492126,0.095954257495240378,0.31252873985843049
ecg_transformer,2138,0.99073215940685821,0.13928905519176696,0.43389460555035858,0.096012337806827289,0.31267924907222749
ecg_transformer,2139,0.99119555143651528,0.13931743805516489,0.43400342839333023,0.096039470723099721,0.31277010338574401
ecg_transformer,2140,0.99165894346617234,0.13931464174454722,0.43395638629283489,0.096076074831714764,0.31286392829358961
ecg_transformer,2141,0.99212233549582951,0.13952981472831902,0.43422076911100732,0.096130820683340737,0.31300307334281213
ecg_transformer,2142,0.99258572752548657,0.13952692187986196,0.43417366946778713,0.096151886246011384,0.31306644019956559
ecg_transformer,2143,0.99304911955514363,0.13958624980556744,0.43443770415305649,0.096181109114253441,0.31314824488953036
ecg_transformer,2144,0.99351251158480069,0.13973880597014821,0.43470149253731344,0.096222691388810247,0.31325578621609868
ecg_transformer,2145,0.99397590361445787,0.13982905982905877,0.4348096348096348,0.096266326282450979,0.31337067046256678
ecg_transformer,2146,0.99443929564411493,0.13991922957440089,0.43507300403852128,0.096310607045649296,0.31348076097872063
ecg_transformer,2147,0.99490268767377199,0.13997826424468141,0.43533612793044557,0.096366062045922019,0.31361745487567105
ecg_transformer,2148,0.99536607970342905,0.13997517070142659,0.43544382371198015,0.096396694082633086,0.31370059224960234
ecg_transformer,2149,0.99582947173308634,0.14009616876066278,0.43570653016907085,0.096425377043195912,0.31378103628322435
ecg_transformer,2150,0.99629286376274317,0.14015503875968882,0.43596899224806202,0.096460592078718307,0.31388337839794461
ecg_transformer,2151,0.99675625579240046,0.14021385402138428,0.43607624360762437,0.096484657699808643,0.31395552304464308
ecg_transformer,2152,0.9972196478220573,0.1402726146220559,0.43618339529120198,0.096516444602810655,0.31404860096107395
ecg_transformer,2153,0.99768303985171458,0.14042421427465443,0.43644527016566032,0.096570241588600836,0.31418259122220898
ecg_transformer,2154,0.99814643188137164,0.14054472299597537,0.43670690188796035,0.096606844744576217,0.31427992407149286
ecg_transformer,2155,0.9986098239110287,0.14057231245166169,0.43681361175560712,0.096670401922048524,0.31443261763941904
ecg_transformer,2156,0.99907321594068577,0.14066171923314666,0.43692022263450836,0.09671017517414586,0.31453747464102105
ecg_transformer,2157,0.99953660797034294,0.14075104311543699,0.43718127028280018,0.096746799463542074,0.31463470483832628
ecg_transformer,2158,1,0.14084028421377706,0.43728761198640714,0.096807246671763977,0.31478934891449206
resnet1d,1,0.00046339202965708991,0,0,7.2264576312063121e-07,0.00067351160068705382
resnet1d,2,0.00092678405931417981,0,0,2.2107173356886189e-06,0.00089658664723325614
resnet1d,3,0.0013901760889712697,0,0,2.214820226520627e-06,0.00099812314472365934
resnet1d,4,0.0018535681186283596,0.016666666666666666,0.083333333333333329,0.016623469989307634,0.1109799026717817
resnet1d,5,0.0023169601482854493,0.026666666666666668,0.13333333333333333,0.026562177091880784,0.16815737643017933
resnet1d,6,0.0027803521779425394,0.033333333333333333,0.16666666666666666,0.033216748257207697,0.21374231354232368
resnet1d,7,0.0032437442075996296,0.028571428571428571,0.14285714285714285,0.028472319274437368,0.18347302922962458
resnet1d,8,0.0037071362372567192,0.025000000000000005,0.125,0.024913995251354848,0.16077582548993569
resnet1d,9,0.0041705282669138094,0.022222222222222223,0.1111111111111111,0.022146385944355002,0.14312265225752852
resnet1d,10,0.0046339202965708986,0.02,0.10000000000000002,0.01993264798750825,0.12902498612018939
resnet1d,11,0.0050973123262279887,0.018181818181818184,0.090909090909090898,0.018121238988992681,0.11748908705987234
resnet1d,12,0.0055607043558850789,0.016666666666666666,0.083333333333333329,0.016611728215323269,0.10788348368637223
resnet1d,13,0.0060240963855421699,0.015384615384615385,0.076923076923076927,0.015334618684430713,0.099765472117189558
resnet1d,14,0.0064874884151992591,0.019047619047619049,0.095238095238095233,0.018909878276887518,0.11485306228189875
resnet1d,15,0.0069508804448563484,0.017777777777777778,0.088888888888888892,0.017650027992701257,0.10736754999838809
resnet1d,16,0.0074142724745134385,0.016666666666666666,0.083333333333333329,0.016547547726744764,0.100819006052931
resnet1d,17,0.0078776645041705277,0.015686274509803921,0.078431372549019607,0.015575098126321235,0.095048135803285805
resnet1d,18,0.0083410565338276187,0.018518518518518521,0.092592592592592601,0.018360398706296705,0.10812566027528482
resnet1d,19,0.008804448563484708,0.017543859649122806,0.08771929824561403,0.017394924886005126,0.10258259574582584
resnet1d,20,0.0092678405931417972,0.016666666666666666,0.083333333333333329,0.016525853268263477,0.097592287051087301
resnet1d,21,0.0097312326227988882,0.015873015873015876,0.079365079365079361,0.015739519319969,0.093080188650769904
resnet1d,22,0.010194624652455977,0.015151515151515154,0.07575757575757576,0.01502468852056559,0.088982399906100615
resnet1d,23,0.010658016682113068,0.014492753623188406,0.072463768115942032,0.014372155004093253,0.085246480828363169
resnet1d,24,0.011121408711770158,0.016666666666666666,0.083333333333333329,0.016517259184270942,0.095925408418218824
resnet1d,25,0.011584800741427247,0.016,0.080000000000000002,0.015857140403392683,0.092210393589394091
resnet1d,26,0.01204819277108434,0.015384615384615385,0.076923076923076927,0.01524800303708119,0.088788052539725229
resnet1d,27,0.012511584800741429,0.014814814814814815,0.07407407407407407,0.014683928822681406,0.085621056667232368
resnet1d,28,0.012974976830398518,0.014285714285714285,0.071428571428571425,0.014160146870150681,0.082682590079701093
resnet1d,29,0.013438368860055607,0.013793103448275864,0.068965517241379309,0.013672539664806275,0.079948931494006489
resnet1d,30,0.013901760889712697,0.013333333333333334,0.066666666666666666,0.01321748186529525,0.077398459602620664
resnet1d,31,0.014365152919369786,0.012903225806451613,0.064516129032258063,0.012791742529757852,0.075013096918177716
resnet1d,32,0.014828544949026877,0.012500000000000002,0.0625,0.012392693899745679,0.072777739782581119
resnet1d,33,0.015291936978683966,0.012121212121212121,0.060606060606060608,0.012017700896121392,0.070676946947564892
resnet1d,34,0.015755329008341055,0.011764705882352941,0.058823529411764698,0.011665002837733196,0.068706524286402851
resnet1d,35,0.016218721037998145,0.011428571428571429,0.057142857142857141,0.011332502324600971,0.066851391511891692
resnet1d,36,0.016682113067655237,0.011111111111111112,0.055555555555555552,0.011018362350926701,0.065098838937223
resnet1d,37,0.017145505097312327,0.010810810810810811,0.054054054054054057,0.010721167116986534,0.063440481274954275
resnet1d,38,0.017608897126969416,0.010526315789473684,0.052631578947368418,0.010439629244880158,0.061871186643622823
resnet1d,39,0.018072289156626505,0.010256410256410256,0.051282051282051287,0.010172546880163755,0.060384359112289142
resnet1d,40,0.018535681186283594,0.01,0.05000000000000001,0.0099188266521680283,0.058973792259264912
resnet1d,41,0.018999073215940687,0.0097560975609756097,0.048780487804878057,0.0096775989922320126,0.057635222642907706
resnet1d,42,0.019462465245597776,0.0095238095238095247,0.047619047619047616,0.0094478223903914204,0.056361785790255824
resnet1d,43,0.019925857275254866,0.0093023255813953487,0.046511627906976744,0.0092288040934018125,0.05514892660683534
resnet1d,44,0.020389249304911955,0.0090909090909090922,0.045454545454545449,0.0090196887125930918,0.053992522325614335
resnet1d,45,0.020852641334569044,0.0088888888888888889,0.044444444444444446,0.0088199279223534887,0.052888998179768117
resnet1d,46,0.021316033364226137,0.0086956521739130436,0.043478260869565216,0.0086293602456216246,0.051841698528749536
resnet1d,47,0.021779425393883226,0.0099290780141843976,0.049645390070921981,0.0098173673477632631,0.056608444277384616
resnet1d,48,0.022242817423540315,0.011111111111111113,0.055555555555555552,0.010957919046248718,0.061240514033258531
resnet1d,49,0.022706209453197405,0.0108843537414966,0.054421768707482998,0.010735110046578627,0.060086513999130897
resnet1d,50,0.023169601482854494,0.01066666666666667,0.053333333333333337,0.010521271386117678,0.058980939987091842
resnet1d,51,0.023632993512511583,0.01045751633986928,0.052287581699346407,0.01031558710301082,0.057915679435681773
resnet1d,52,0.024096385542168679,0.010256410256410256,0.051282051282051287,0.010118101281866965,0.056896344531896272
resnet1d,53,0.024559777571825769,0.010062893081761008,0.050314465408805041,0.0099278971293421375,0.055914151935433226
resnet1d,54,0.025023169601482858,0.0098765432098765447,0.049382716049382713,0.0097449107201170639,0.054970828656190719
resnet1d,55,0.025486561631139947,0.009696969696969697,0.048484848484848485,0.0095684516894515969,0.05406128949649059
resnet1d,56,0.025949953660797036,0.0095238095238095247,0.047619047619047616,0.0093982695970968467,0.053184802983934333
resnet1d,57,0.026413345690454126,0.0093567251461988323,0.046783625730994149,0.0092339942137753418,0.052339839650394265
resnet1d,58,0.026876737720111215,0.0091954022988505763,0.045977011494252873,0.0090754070765858928,0.051524419737546269
resnet1d,59,0.027340129749768304,0.0090395480225988704,0.04519774011299435,0.0089223566490893805,0.050741241431352634
resnet1d,60,0.027803521779425393,0.0088888888888888906,0.044444444444444453,0.0087743440897144493,0.04998364052674447
resnet1d,61,0.028266913809082483,0.0087431693989071038,0.043715846994535519,0.008631267899325586,0.049252882241984729
resnet1d,62,0.028730305838739572,0.0086021505376344103,0.04301075268817204,0.008492880932872449,0.048547075220831598
resnet1d,63,0.029193697868396665,0.0084656084656084662,0.042328042328042326,0.008358785636588888,0.047862692795480881
resnet1d,64,0.029657089898053754,0.010416666666666666,0.046875,0.010284231952070568,0.058355191935101934
resnet1d,65,0.030120481927710843,0.010256410256410256,0.046153846153846156,0.010126807217352235,0.057543791329881154
resnet1d,66,0.030583873957367932,0.010101010101010102,0.045454545454545449,0.0099740582966503354,0.056756220980178622
resnet1d,67,0.031047265987025022,0.009950248756218907,0.044776119402985072,0.0098261485398123301,0.055996973989564304
resnet1d,68,0.031510658016682111,0.0098039215686274508,0.044117647058823532,0.0096824055001903005,0.05525842045653561
resnet1d,69,0.0319740500463392,0.0096618357487922718,0.043478260869565216,0.0095428307295320289,0.054541626504745755
resnet1d,70,0.032437442075996289,0.0095238095238095247,0.042857142857142851,0.0094072215865171598,0.053845518632739807
resnet1d,71,0.032900834105653386,0.0093896713615023494,0.042253521126760563,0.0092754506940148449,0.053170661102419838
resnet1d,72,0.033364226135310475,0.0092592592592592605,0.041666666666666664,0.0091473255032902719,0.052514511366310024
resnet1d,73,0.033827618164967564,0.0091324200913242004,0.041095890410958902,0.0090228091262880162,0.051878825788247873
resnet1d,74,0.034291010194624653,0.0090090090090090089,0.040540540540540543,0.0089019750554423828,0.051264510820554769
resnet1d,75,0.034754402224281743,0.0088888888888888906,0.040000000000000001,0.0087841613586283271,0.050665221542531613
resnet1d,76,0.035217794253938832,0.0096491228070175444,0.043859649122807015,0.0095186745618235213,0.053694954953409486
resnet1d,77,0.035681186283595921,0.0095238095238095247,0.043290043290043288,0.0093960375654547224,0.053081541655599286
resnet1d,78,0.03614457831325301,0.0094017094017094013,0.042735042735042729,0.0092763174827808492,0.052481754229967925
resnet1d,79,0.0366079703429101,0.0092827004219409297,0.042194092827004225,0.0091599394806539305,0.051900851664545146
resnet1d,80,0.037071362372567189,0.0091666666666666667,0.041666666666666664,0.0090465448415737084,0.051334628111771419
resnet1d,81,0.037534754402224285,0.0090534979423868307,0.041152263374485597,0.0089358409186185393,0.050783178440652159
resnet1d,82,0.037998146431881374,0.01056910569105691,0.044715447154471545,0.010433023025053329,0.05901526936863194
resnet1d,83,0.038461538461538464,0.010441767068273091,0.044176706827309231,0.010308270656710798,0.058385507418151981
resnet1d,84,0.038924930491195553,0.010317460317460317,0.043650793650793641,0.010186544206706545,0.057772005303304792
resnet1d,85,0.039388322520852642,0.010196078431372548,0.043137254901960777,0.010067680085581841,0.057173946223070843
resnet1d,86,0.039851714550509731,0.010077519379844961,0.042635658914728682,0.009951352796541078,0.056587935539290347
resnet1d,87,0.040315106580166821,0.0099616858237547897,0.042145593869731802,0.0098377662408179745,0.056016446772157523
resnet1d,88,0.04077849860982391,0.0098484848484848495,0.041666666666666664,0.0097268231039990688,0.055458581513990683
resnet1d,89,0.041241890639480999,0.0097378277153558051,0.041198501872659173,0.0096184517703320951,0.054914719890780582
resnet1d,90,0.041705282669138088,0.0096296296296296286,0.040740740740740737,0.0095123565491874243,0.054381837301351342
resnet1d,91,0.042168674698795178,0.0095238095238095247,0.040293040293040296,0.00940934747464881,0.053868984318506528
resnet1d,92,0.042632066728452274,0.0094202898550724643,0.039855072463768119,0.0093079648968215217,0.053361930389829275
resnet1d,93,0.043095458758109363,0.0093189964157706102,0.039426523297491044,0.0092087931533459955,0.052866794467823698
resnet1d,94,0.043558850787766452,0.0092198581560283682,0.039007092198581561,0.0091118036768835821,0.052383128387133861
resnet1d,95,0.044022242817423542,0.010526315789473684,0.042105263157894736,0.010391235319241241,0.058317431903338511
resnet1d,96,0.044485634847080631,0.010416666666666666,0.041666666666666664,0.010283893922941344,0.057787037214058527
resnet1d,97,0.04494902687673772,0.010309278350515464,0.041237113402061855,0.010178863177054317,0.057269377546368544
resnet1d,98,0.045412418906394809,0.011564625850340135,0.044217687074829926,0.011403514670896923,0.062770339966636293
resnet1d,99,0.045875810936051899,0.011447811447811448,0.043771043771043773,0.011289183779203257,0.062212910137099932
resnet1d,100,0.046339202965708988,0.011333333333333334,0.043333333333333335,0.011177203331050775,0.061667677266540787
resnet1d,101,0.046802594995366077,0.011221122112211221,0.042904290429042903,0.011067431164706329,0.061133217618434453
resnet1d,102,0.047265987025023166,0.011111111111111113,0.042483660130718949,0.01095983094187384,0.060609470427836133
resnet1d,103,0.047729379054680256,0.011003236245954694,0.042071197411003236,0.010854258244849001,0.060095545255505332
resnet1d,104,0.048192771084337359,0.0108974358974359,0.041666666666666664,0.010750742117450871,0.059592663653676638
resnet1d,105,0.048656163113994434,0.010793650793650795,0.041269841269841269,0.010649165812282924,0.059098992033056109
resnet1d,106,0.049119555143651537,0.010691823899371072,0.040880503144654086,0.01054982904901821,0.058618103659701402
resnet1d,107,0.049582947173308613,0.01059190031152648,0.040498442367601244,0.010452209266077116,0.058145318836215647
resnet1d,108,0.050046339202965716,0.010493827160493829,0.040123456790123455,0.010356290695294612,0.057680895135444742
resnet1d,109,0.050509731232622791,0.010397553516819574,0.039755351681957186,0.01026266809482064,0.057231011850495304
resnet1d,110,0.050973123262279894,0.010303030303030303,0.039393939393939391,0.01017067724636157,0.056788524542686243
resnet1d,111,0.05143651529193697,0.010810810810810811,0.042042042042042038,0.010654594377936302,0.058633909078623092
resnet1d,112,0.051899907321594073,0.010714285714285716,0.041666666666666664,0.010560476150101106,0.058186005606244338
resnet1d,113,0.052363299351251148,0.010619469026548674,0.041297935103244837,0.010468175280496034,0.057748040767257092
resnet1d,114,0.052826691380908251,0.010526315789473684,0.040935672514619881,0.010377420678071769,0.057317031367644898
resnet1d,115,0.053290083410565341,0.010434782608695653,0.040579710144927533,0.010288576310481802,0.056896285597955863
resnet1d,116,0.05375347544022243,0.010344827586206898,0.040229885057471264,0.010200779364737463,0.056479130836015766
resnet1d,117,0.054216867469879519,0.010256410256410256,0.039886039886039885,0.010114679017764116,0.056071387819808784
resnet1d,118,0.054680259499536608,0.01016949152542373,0.03954802259887006,0.010029867103013327,0.055669398129622183
resnet1d,119,0.055143651529193698,0.010084033613445379,0.03921568627450981,0.0099465857498656652,0.055276378815881967
resnet1d,120,0.055607043558850787,0.010000000000000002,0.03888888888888889,0.0098646005693524812,0.054888231928216291
resnet1d,121,0.056070435588507876,0.0099173553719008271,0.038567493112947659,0.0097844743231925921,0.054511722482162711
resnet1d,122,0.056533827618164965,0.0098360655737704927,0.038251366120218573,0.0097057161048144016,0.054141575949787211
resnet1d,123,0.056997219647822055,0.0097560975609756097,0.037940379403794036,0.0096278450919078107,0.05377516011152484
resnet1d,124,0.057460611677479144,0.010215053763440861,0.040322580645161289,0.01006958415496498,0.055567337452081582
resnet1d,125,0.05792400370713624,0.010133333333333334,0.040000000000000001,0.0099901207438380119,0.055196874806709983
resnet1d,126,0.058387395736793329,0.010052910052910053,0.03968253968253968,0.0099121441525103476,0.054834632209827761
resnet1d,127,0.058850787766450419,0.0099737532808398966,0.03937007874015748,0.009835016509598624,0.054474640672056117
resnet1d,128,0.059314179796107508,0.010937500000000001,0.041666666666666664,0.01076910498576049,0.058508459474714093
resnet1d,129,0.059777571825764597,0.010852713178294573,0.041343669250645997,0.010687094734230096,0.058130436527839967
resnet1d,130,0.060240963855421686,0.010769230769230769,0.041025641025641026,0.010606889320562425,0.057761801025583363
resnet1d,131,0.060704355885078776,0.010687022900763359,0.040712468193384227,0.010527140301693142,0.057394768574353473
resnet1d,132,0.061167747914735865,0.011111111111111113,0.042929292929292928,0.010938276728842372,0.059146005374689871
resnet1d,133,0.061631139944392954,0.011027568922305766,0.042606516290726815,0.010857159551748777,0.058773520320311114
resnet1d,134,0.062094531974050043,0.010945273631840795,0.042288557213930343,0.010777223265438785,0.058407458530959279
resnet1d,135,0.062557924003707133,0.010864197530864199,0.041975308641975302,0.010699159754817019,0.058051503927492011
resnet1d,136,0.063021316033364222,0.010784313725490198,0.041666666666666664,0.010622935742724776,0.057703602659381632
resnet1d,137,0.063484708063021311,0.010705596107055961,0.041362530413625302,0.010546940783652372,0.057357654223769323
resnet1d,138,0.0639481000926784,0.0106280193236715,0.041062801932367152,0.010471871162461675,0.057015288518161233
resnet1d,139,0.06441149212233549,0.010551558752997603,0.040767386091127095,0.01039775219859386,0.05667749528558147
resnet1d,140,0.064874884151992579,0.010476190476190477,0.040476190476190478,0.010324618946765283,0.056345108239219836
resnet1d,141,0.065338276181649682,0.011347517730496455,0.042553191489361701,0.011160003737359751,0.059706250116405714
resnet1d,142,0.065801668211306771,0.011267605633802818,0.042253521126760563,0.01108247431042214,0.059357444732339525
resnet1d,143,0.066265060240963861,0.011188811188811189,0.04195804195804196,0.011006278123544426,0.059015785692181709
resnet1d,144,0.06672845227062095,0.011111111111111112,0.041666666666666664,0.010931054775603868,0.058678512814133173
resnet1d,145,0.067191844300278039,0.011034482758620692,0.041379310344827586,0.010856674558526291,0.05834398409052003
resnet1d,146,0.067655236329935128,0.010958904109589043,0.041095890410958902,0.010783477932644467,0.058015682975187333
resnet1d,147,0.068118628359592218,0.0108843537414966,0.040816326530612242,0.010711520150786545,0.057694041763436232
resnet1d,148,0.068582020389249307,0.010810810810810811,0.040540540540540543,0.010640243237376402,0.057374233331931923
resnet1d,149,0.069045412418906396,0.011633109619686799,0.042505592841163314,0.011438414789986509,0.060869709284807783
resnet1d,150,0.069508804448563485,0.011555555555555555,0.042222222222222223,0.011363802005554119,0.06053783609468194
resnet1d,151,0.069972196478220575,0.011479028697571744,0.04194260485651214,0.011289590836578959,0.060206960645078168
resnet1d,152,0.070435588507877664,0.011403508771929825,0.041666666666666664,0.011216352465025317,0.059880247751848747
resnet1d,153,0.070898980537534753,0.01132897603485839,0.041394335511982572,0.011145368435499847,0.05956629121647599
resnet1d,154,0.071362372567191842,0.011255411255411255,0.041125541125541128,0.011074439403482295,0.059251696560740752
resnet1d,155,0.071825764596848932,0.011182795698924733,0.040860215053763443,0.011004101746559415,0.058939255822712401
resnet1d,156,0.072289156626506021,0.011111111111111113,0.0405982905982906,0.01093463665288342,0.058630846667829306
resnet1d,157,0.07275254865616311,0.011040339702760088,0.040339702760084924,0.010866575118105203,0.058329975554557656
resnet1d,158,0.073215940685820199,0.010970464135021098,0.040084388185654012,0.010799677473623717,0.058034774211679706
resnet1d,159,0.073679332715477289,0.010901467505241092,0.039832285115303984,0.010733334979621307,0.057742650559488323
resnet1d,160,0.074142724745134378,0.010833333333333334,0.039583333333333338,0.010667945260463054,0.057453903750316511
resnet1d,161,0.074606116774791467,0.010766045548654244,0.039337474120082809,0.010603386423649068,0.057170117892967533
resnet1d,162,0.07506950880444857,0.010699588477366255,0.039094650205761312,0.010538943969452796,0.056885181661469462
resnet1d,163,0.07553290083410566,0.010633946830265849,0.038854805725971366,0.010475957270007394,0.056609322607001404
resnet1d,164,0.075996292863762749,0.01056910569105691,0.038617886178861791,0.010413365099099481,0.056334684862926254
resnet1d,165,0.076459684893419838,0.010505050505050505,0.038383838383838381,0.010351972661138542,0.056065588376929348
resnet1d,166,0.076923076923076927,0.010441767068273093,0.038152610441767064,0.010290878924632008,0.055797517267719234
resnet1d,167,0.077386468952734017,0.01037924151696607,0.037924151696606782,0.010230414801289084,0.05553216491710148
resnet1d,168,0.077849860982391106,0.010317460317460317,0.037698412698412696,0.010171597704262051,0.055275034189517493
resnet1d,169,0.078313253012048195,0.010256410256410256,0.037475345167652857,0.01011368773403004,0.055022654118962601
resnet1d,170,0.078776645041705284,0.01019607843137255,0.037254901960784313,0.010055304282387309,0.054766698397962325
resnet1d,171,0.079240037071362374,0.0101364522417154,0.037037037037037035,0.0099977774678381807,0.054515085524395913
resnet1d,172,0.079703429101019463,0.010077519379844961,0.036821705426356592,0.0099411420692493476,0.05426813557950614
resnet1d,173,0.080166821130676552,0.010404624277456647,0.038535645472061654,0.010240127548434249,0.055246321697894472
resnet1d,174,0.080630213160333641,0.010344827586206896,0.038314176245210725,0.010182626297752176,0.054997997974525148
resnet1d,175,0.081093605189990731,0.010285714285714287,0.038095238095238099,0.010125571955203696,0.054750964627947894
resnet1d,176,0.08155699721964782,0.010227272727272729,0.03787878787878788,0.010069173093735189,0.054506618539772039
resnet1d,177,0.082020389249304909,0.01016949152542373,0.037664783427495296,0.010014093571002605,0.054270098201363227
resnet1d,178,0.082483781278961998,0.010861423220973783,0.039325842696629212,0.01068897786322612,0.057564630274723749
resnet1d,179,0.082947173308619088,0.01080074487895717,0.039106145251396648,0.010631519121443023,0.057315628080640522
resnet1d,180,0.083410565338276177,0.01074074074074074,0.03888888888888889,0.010573535149355539,0.057063180970119622
resnet1d,181,0.08387395736793328,0.011418047882136281,0.040515653775322284,0.011216655448145811,0.059522562577896704
resnet1d,182,0.084337349397590355,0.011355311355311357,0.040293040293040289,0.011156122980549139,0.059261537548827868
resnet1d,183,0.084800741427247431,0.011293260473588343,0.040072859744990891,0.011097034332654377,0.059009158462671442
resnet1d,184,0.085264133456904548,0.011231884057971014,0.039855072463768119,0.011037880037187335,0.058754540410884015
resnet1d,185,0.085727525486561637,0.01117117117117117,0.039639639639639644,0.010979205119241922,0.058501678903923639
resnet1d,186,0.086190917516218726,0.011111111111111113,0.039426523297491037,0.010921273527430227,0.058252622468419855
resnet1d,187,0.086654309545875816,0.011051693404634582,0.039215686274509803,0.01086435307960322,0.058009091601283425
resnet1d,188,0.087117701575532905,0.01099290780141844,0.039007092198581554,0.010807880732217818,0.057767691620950558
resnet1d,189,0.087581093605189994,0.010934744268077603,0.038800705467372132,0.010752196779004963,0.057530149771559548
resnet1d,190,0.088044485634847083,0.01087719298245614,0.038596491228070177,0.010696701651616106,0.05729229369140857
resnet1d,191,0.088507877664504173,0.011169284467713788,0.040139616055846421,0.010976776946430114,0.058413195235473662
resnet1d,192,0.088971269694161262,0.011111111111111112,0.039930555555555559,0.010921252063880947,0.058177463780200833
resnet1d,193,0.089434661723818351,0.011053540587219343,0.039723661485319514,0.01086593461791586,0.057942471533340138
resnet1d,194,0.08989805375347544,0.010996563573883159,0.03951890034364261,0.010812398564286493,0.057715732525776699
resnet1d,195,0.09036144578313253,0.011623931623931626,0.041025641025641026,0.011397251179199777,0.059815608435501676
resnet1d,196,0.090824837812789619,0.011564625850340135,0.040816326530612242,0.011341055413597603,0.059580073809773315
resnet1d,197,0.091288229842446708,0.011505922165820644,0.040609137055837567,0.011284724282705383,0.059343396172062378
resnet1d,198,0.091751621872103797,0.011447811447811448,0.040404040404040407,0.011229189544592212,0.059110647109759294
resnet1d,199,0.092215013901760887,0.011390284757118929,0.040201005025125629,0.011175022111502878,0.058884953168537951
resnet1d,200,0.092678405931417976,0.011333333333333334,0.040000000000000001,0.011121376098418392,0.05866176697289649
resnet1d,201,0.093141797961075065,0.011608623548922059,0.041459369817578771,0.011367207447304762,0.059424680116364849
resnet1d,202,0.093605189990732154,0.011551155115511552,0.041254125412541254,0.01131243554929917,0.05919765984412307
resnet1d,203,0.094068582020389244,0.011494252873563218,0.041050903119868636,0.011258625066370554,0.058974694463572737
resnet1d,204,0.094531974050046333,0.011437908496732027,0.04084967320261438,0.011205776746371209,0.058757521500199701
resnet1d,205,0.094995366079703422,0.011382113821138212,0.04065040650406504,0.011152708797023394,0.058538714798099571
resnet1d,206,0.095458758109360511,0.011326860841423947,0.040453074433656956,0.011099892571116481,0.058319960501038277
resnet1d,207,0.095922150139017615,0.011272141706924315,0.040257648953301126,0.011047914630501405,0.058106044901409644
resnet1d,208,0.096385542168674718,0.01121794871794872,0.040064102564102567,0.010996578347249026,0.057895416803144639
resnet1d,209,0.096848934198331793,0.011164274322169059,0.039872408293460927,0.010945365125753314,0.057684952472265218
resnet1d,210,0.097312326227988868,0.011111111111111113,0.039682539682539687,0.010894699341146777,0.057477398869581336
resnet1d,211,0.097775718257645972,0.011058451816745656,0.039494470774091628,0.010845723703669338,0.057278085218998638
resnet1d,212,0.098239110287303075,0.011635220125786166,0.040880503144654086,0.01140759885534968,0.059731634856605785
resnet1d,213,0.09870250231696015,0.012206572769953053,0.042253521126760563,0.011940373600451941,0.06164394245366716
resnet1d,214,0.099165894346617225,0.012149532710280374,0.042056074766355138,0.011885715680470617,0.061419740525161935
resnet1d,215,0.099629286376274329,0.012093023255813953,0.041860465116279076,0.011832251829936946,0.061202538927000616
resnet1d,216,0.10009267840593143,0.012037037037037039,0.041666666666666664,0.011778834904055213,0.060984986827709066
resnet1d,217,0.10055607043558851,0.011981566820276499,0.041474654377880185,0.011726722894412655,0.060773613726440544
resnet1d,218,0.10101946246524558,0.011926605504587157,0.041284403669724773,0.01167423135851927,0.060560122258143632
resnet1d,219,0.10148285449490269,0.011872146118721462,0.041095890410958902,0.011622414997484891,0.060349867428473786
resnet1d,220,0.10194624652455979,0.012121212121212121,0.04242424242424242,0.011859741454934535,0.061271538471396665
resnet1d,221,0.10240963855421686,0.01266968325791855,0.043740573152337862,0.012384081075933783,0.063331921890032103
resnet1d,222,0.10287303058387394,0.012612612612612614,0.043543543543543541,0.012330047062828876,0.063114040602295959
resnet1d,223,0.10333642261353104,0.012556053811659194,0.043348281016442447,0.012276286678588809,0.062897571598590565
resnet1d,224,0.10379981464318815,0.012499999999999999,0.043154761904761911,0.012223029724125705,0.062683274025850902
resnet1d,225,0.10426320667284522,0.012444444444444445,0.04296296296296296,0.01217020031359041,0.062471010671598687
resnet1d,226,0.1047265987025023,0.012389380530973451,0.042772861356932146,0.012117769783574041,0.062260182745926797
resnet1d,227,0.10518999073215941,0.012334801762114538,0.042584434654919241,0.012066437025164833,0.062055358830273334
resnet1d,228,0.1056533827618165,0.012280701754385967,0.042397660818713455,0.012015420958914558,0.061852395013599813
resnet1d,229,0.10611677479147359,0.012227074235807862,0.042212518195050945,0.01196443483241714,0.061648648194203827
resnet1d,230,0.10658016682113068,0.012173913043478262,0.042028985507246375,0.011914858858459026,0.061451934365332438
resnet1d,231,0.10704355885078777,0.012121212121212121,0.041847041847041848,0.011864729833717946,0.061252186071279711
resnet1d,232,0.10750695088044486,0.012068965517241381,0.041666666666666664,0.01181527961452364,0.061056294486191702
resnet1d,233,0.10797034291010195,0.012017167381974251,0.041487839771101577,0.011766842118466054,0.060865016201958638
resnet1d,234,0.10843373493975904,0.011965811965811965,0.041310541310541314,0.011718280713949513,0.06067335640570657
resnet1d,235,0.10889712696941613,0.012482269503546098,0.042553191489361708,0.012214183408644377,0.06268417210085421
resnet1d,236,0.10936051899907322,0.012429378531073447,0.042372881355932202,0.012164060838154925,0.062486375483280947
resnet1d,237,0.10982391102873031,0.012376933895921238,0.042194092827004225,0.012114493702309451,0.062291343339061001
resnet1d,238,0.1102873030583874,0.012605042016806725,0.043417366946778717,0.012296071887230288,0.062749519500869183
resnet1d,239,0.11075069508804448,0.012552301255230125,0.043235704323570434,0.012246500366306133,0.062556321149737359
resnet1d,240,0.11121408711770157,0.012500000000000002,0.043055555555555548,0.012197210226305792,0.062363909952476627
resnet1d,241,0.11167747914735866,0.01244813278008299,0.042876901798063617,0.012148217618281422,0.062172219728327212
resnet1d,242,0.11214087117701575,0.012396694214876033,0.042699724517906344,0.012100984990212402,0.061989081572449534
resnet1d,243,0.11260426320667284,0.012894375857338819,0.043895747599451307,0.012584549192448363,0.064180265387673172
resnet1d,244,0.11306765523632993,0.013387978142076503,0.045081967213114749,0.01306158238237172,0.066153230649085334
resnet1d,245,0.11353104726598702,0.013333333333333334,0.044897959183673473,0.013009616086706421,0.065948520427214372
resnet1d,246,0.11399443929564411,0.013279132791327914,0.044715447154471545,0.012958536683923758,0.065748779455286885
resnet1d,247,0.1144578313253012,0.013765182186234818,0.045883940620782722,0.013421436148144101,0.06752196751787351
resnet1d,248,0.11492122335495829,0.013709677419354839,0.04569892473118279,0.013369160102272756,0.067317916497832322
resnet1d,249,0.11538461538461538,0.013654618473895583,0.045515394912985278,0.013317721174529777,0.067117997307674912
resnet1d,250,0.11584800741427248,0.013600000000000001,0.045333333333333337,0.01326606121277831,0.06691606911633674
resnet1d,251,0.11631139944392958,0.013545816733067729,0.045152722443559092,0.013215041024110844,0.066717673114589857
resnet1d,252,0.11677479147358666,0.013492063492063491,0.044973544973544971,0.013165476351233338,0.066524684778687254
resnet1d,253,0.11723818350324373,0.013438735177865611,0.044795783926218712,0.013115031900039884,0.066327977732381041
resnet1d,254,0.11770157553290084,0.013385826771653543,0.044619422572178484,0.013064784974311022,0.066131656510929338
resnet1d,255,0.11816496756255794,0.013856209150326799,0.045751633986928109,0.013501614662993601,0.067673900692436076
resnet1d,256,0.11862835959221502,0.013802083333333333,0.045572916666666664,0.013450965455877104,0.067478405885049594
resnet1d,257,0.11909175162187209,0.013748378728923476,0.04539559014267186,0.013400305239886556,0.067282066134048746
resnet1d,258,0.11955514365152919,0.013953488372093023,0.046511627906976744,0.013592662340716538,0.067978564793480981
resnet1d,259,0.1200185356811863,0.013899613899613901,0.04633204633204633,0.013541580751017421,0.067781245278538044
resnet1d,260,0.12048192771084337,0.014102564102564103,0.047435897435897434,0.013727291477377593,0.068403502487409784
resnet1d,261,0.12094531974050045,0.0140485312899106,0.047254150702426563,0.013676647913295514,0.068209854252957433
resnet1d,262,0.12140871177015755,0.014249363867684479,0.048346055979643761,0.013852417492449434,0.068733521927575925
resnet1d,263,0.12187210379981465,0.014195183776932829,0.048162230671736368,0.013801951523961319,0.068541555421689215
resnet1d,264,0.12233549582947173,0.014141414141414141,0.047979797979797977,0.01375149759785213,0.068349631412505385
resnet1d,265,0.12279888785912881,0.01408805031446541,0.04779874213836479,0.013701688051802654,0.0681609106165353
resnet1d,266,0.12326227988878591,0.014035087719298248,0.047619047619047616,0.01365221051521791,0.067973595024251918
resnet1d,267,0.12372567191844301,0.013982521847690388,0.047440699126092389,0.013603566660730338,0.06779052844051793
resnet1d,268,0.12418906394810009,0.013930348258706468,0.047263681592039801,0.013554849584267939,0.067606410601570119
resnet1d,269,0.12465245597775716,0.013878562577447337,0.047087980173482036,0.013509051511703419,0.067434250087281836
resnet1d,270,0.12511584800741427,0.01382716049382716,0.046913580246913576,0.013460577674296023,0.067250527075216268
resnet1d,271,0.12557924003707135,0.014268142681426815,0.047970479704797044,0.013883361432085491,0.068952860612884512
resnet1d,272,0.12604263206672844,0.015441176470588236,0.050245098039215695,0.014993378683428224,0.073360201996276686
resnet1d,273,0.12650602409638553,0.015384615384615385,0.050061050061050071,0.014940801690106233,0.073161248472617055
resnet1d,274,0.12696941612604262,0.015328467153284673,0.049878345498783457,0.014887840403628729,0.072960125105637333
resnet1d,275,0.12743280815569971,0.015757575757575758,0.050909090909090904,0.015300220251165611,0.074652266976127937
resnet1d,276,0.1278962001853568,0.015700483091787443,0.050724637681159417,0.015246604015871372,0.07444908603007154
resnet1d,277,0.12835959221501389,0.015643802647412757,0.050541516245487361,0.015193574622017992,0.07424836449168469
resnet1d,278,0.12882298424467098,0.015587529976019185,0.050359712230215826,0.015142213831756769,0.074054829757134802
resnet1d,279,0.12928637627432807,0.015531660692951019,0.050179211469534052,0.015091028055826926,0.073861698525238342
resnet1d,280,0.12974976830398516,0.015476190476190478,0.049999999999999996,0.01503897572135607,0.073664850300165854
resnet1d,281,0.13021316033364227,0.01542111506524318,0.049822064056939501,0.014987534885521445,0.073471475412485998
resnet1d,282,0.13067655236329936,0.015839243498817965,0.050827423167848697,0.015383595755289239,0.074986999562348056
resnet1d,283,0.13113994439295645,0.015783274440518261,0.050647820965842173,0.015331139962588737,0.074789232125148472
resnet1d,284,0.13160333642261354,0.015727699530516434,0.050469483568075124,0.015279725722637106,0.074596212186061842
resnet1d,285,0.13206672845227063,0.016140350877192983,0.05146198830409357,0.015679532434573509,0.07645166262388875
resnet1d,286,0.13253012048192772,0.016083916083916086,0.051282051282051287,0.015628855426650937,0.07625975736373522
resnet1d,287,0.13299351251158481,0.016260162601626018,0.052264808362369332,0.015787388578884336,0.076764421216637721
resnet1d,288,0.1334569045412419,0.016203703703703706,0.052083333333333336,0.015734650079330739,0.076566444525976454
resnet1d,289,0.13392029657089899,0.016147635524798157,0.051903114186851208,0.015682034192810095,0.076368824955700645
resnet1d,290,0.13438368860055608,0.016091954022988506,0.051724137931034482,0.01562975616928387,0.076172481067281014
resnet1d,291,0.13484708063021317,0.016265750286368844,0.052691867124856816,0.015793606380961816,0.076774318930363586
resnet1d,292,0.13531047265987026,0.016666666666666666,0.05365296803652967,0.016165410666797938,0.078083121051511106
resnet1d,293,0.13577386468952735,0.017064846416382253,0.054607508532423209,0.016539870751004649,0.079454084285585397
resnet1d,294,0.13623725671918444,0.017006802721088437,0.054421768707482998,0.016487889860277122,0.079261284186370379
resnet1d,295,0.13670064874884152,0.017175141242937855,0.055367231638418078,0.016653363125290879,0.080021264053989169
resnet1d,296,0.13716404077849861,0.017342342342342346,0.056306306306306307,0.016802319961352178,0.080482477934468152
resnet1d,297,0.1376274328081557,0.017283950617283956,0.056116722783389451,0.016748216037694677,0.080280601909269875
resnet1d,298,0.13809082483781279,0.017673378076062642,0.057046979865771813,0.017123516960633287,0.082072746898827834
resnet1d,299,0.13855421686746988,0.017614269788182837,0.056856187290969896,0.017068498192500534,0.081866707539803962
resnet1d,300,0.13901760889712697,0.01755555555555556,0.056666666666666671,0.017013287641442564,0.081659412328195166
resnet1d,301,0.13948100092678406,0.017940199335548176,0.057585825027685493,0.017378003205424142,0.083118539953915591
resnet1d,302,0.13994439295644115,0.017880794701986759,0.057395143487858714,0.017322673240268122,0.082912048662632964
resnet1d,303,0.14040778498609824,0.017821782178217827,0.057205720572057202,0.017267859976226894,0.082707831159241574
resnet1d,304,0.14087117701575533,0.017763157894736845,0.057017543859649127,0.017214941366074137,0.082511496347517158
resnet1d,305,0.14133456904541242,0.017704918032786888,0.056830601092896171,0.017163123251112512,0.082319151043958025
resnet1d,306,0.14179796107506951,0.017647058823529418,0.056644880174291944,0.017111834957361457,0.082127811362517775
resnet1d,307,0.1422613531047266,0.018241042345276876,0.058631921824104233,0.017663725272959317,0.084132071909418682
resnet1d,308,0.14272474513438368,0.018181818181818184,0.05844155844155844,0.017608193970644816,0.083925920114689745
resnet1d,309,0.14318813716404077,0.01812297734627832,0.058252427184466014,0.017553037252566617,0.083721191267786696
resnet1d,310,0.14365152919369786,0.018064516129032263,0.058064516129032261,0.017498888358881963,0.083521707433073245
resnet1d,311,0.14411492122335495,0.01843515541264738,0.058949624866023571,0.017850834515517226,0.084884021222820127
resnet1d,312,0.14457831325301204,0.018803418803418809,0.059829059829059818,0.018203418106183259,0.086511251822235916
resnet1d,313,0.14504170528266913,0.018743343982960601,0.059637912673056438,0.018147295553729778,0.086302723949417806
resnet1d,314,0.14550509731232622,0.018683651804670919,0.059447983014862003,0.018092416492654636,0.086099531903757798
resnet1d,315,0.14596848934198331,0.01862433862433863,0.059259259259259255,0.018037253755088047,0.085895234991448688
resnet1d,316,0.1464318813716404,0.018776371308016886,0.060126582278481021,0.018191371190432837,0.086670647438861728
resnet1d,317,0.14689527340129749,0.018927444794952685,0.060988433228180865,0.018326445478794376,0.087091447501455851
resnet1d,318,0.14735866543095458,0.018867924528301893,0.060796645702306085,0.018271858748233002,0.086890197983237202
resnet1d,319,0.14782205746061167,0.018808777429467089,0.060606060606060608,0.01821650520093597,0.086684609829629319
resnet1d,320,0.14828544949026876,0.018750000000000006,0.060416666666666674,0.018162195082615486,0.086484288667023235
resnet1d,321,0.14874884151992585,0.018691588785046735,0.060228452751817228,0.018109502899924659,0.086289955711971664
resnet1d,322,0.14921223354958293,0.018633540372670811,0.060041407867494824,0.018056639127122288,0.086096209588788677
resnet1d,323,0.14967562557924002,0.018575851393188861,0.05985552115583076,0.018003338968033647,0.085900353869670168
resnet1d,324,0.15013901760889714,0.018518518518518524,0.059670781893004114,0.017950648271900117,0.085706919599343456
resnet1d,325,0.15060240963855423,0.018666666666666672,0.06051282051282051,0.018086237329387873,0.086161207448823982
resnet1d,326,0.15106580166821132,0.018609406952965243,0.060327198364008183,0.018033133332670457,0.085966002274051725
resnet1d,327,0.15152919369786841,0.018552497451580028,0.060142711518858305,0.017979787843446757,0.085769561751187814
resnet1d,328,0.1519925857275255,0.018495934959349598,0.059959349593495935,0.017927875298112236,0.085580321302990051
resnet1d,329,0.15245597775718259,0.01864235055724418,0.060790273556230991,0.018068623087523345,0.086116955129758921
resnet1d,330,0.15291936978683968,0.018585858585858591,0.060606060606060608,0.018016015151524841,0.085924188413544211
resnet1d,331,0.15338276181649677,0.018529707955689836,0.060422960725075525,0.017963748725806514,0.08573306900777361
resnet1d,332,0.15384615384615385,0.018875502008032136,0.06124497991967872,0.018273642101716087,0.086727288092748475
resnet1d,333,0.15430954587581094,0.019219219219219225,0.062062062062062058,0.018594497971304271,0.087948194670555091
resnet1d,334,0.15477293790546803,0.019161676646706594,0.061876247504990024,0.018541585544385227,0.087756055888616
resnet1d,335,0.15523632993512512,0.019303482587064682,0.062686567164179099,0.018663869584025283,0.0881049380999539
resnet1d,336,0.15569972196478221,0.019246031746031751,0.0625,0.018612351757200194,0.08791860558048982
resnet1d,337,0.1561631139944393,0.019188921859545013,0.062314540059347175,0.018563032782090625,0.087739541972510229
resnet1d,338,0.15662650602409639,0.01952662721893492,0.063116370808678504,0.018871322271805938,0.088778610286524617
resnet1d,339,0.15708989805375348,0.01946902654867257,0.062930186823992137,0.018818015733578278,0.088586585018070443
resnet1d,340,0.15755329008341057,0.019607843137254912,0.063725490196078427,0.018914569923935011,0.088785836266494347
resnet1d,341,0.15801668211306766,0.019550342130987299,0.063538611925708699,0.018862047990730199,0.088597615383284381
resnet1d,342,0.15848007414272475,0.019493177387914236,0.063352826510721244,0.018809659414818328,0.088410022629517013
resnet1d,343,0.15894346617238184,0.019436345966958219,0.063168124392614197,0.018757240686476332,0.088221938785712981
resnet1d,344,0.15940685820203893,0.019379844961240317,0.062984496124031009,0.018705220278618997,0.08803567135463071
resnet1d,345,0.15987025023169602,0.019710144927536238,0.063768115942028983,0.018996065323686896,0.088930989487126813
resnet1d,346,0.1603336422613531,0.020231213872832377,0.065510597302504817,0.019449403111304331,0.090377415125181451
resnet1d,347,0.16079703429101019,0.020172910662824211,0.065321805955811718,0.019396309912536672,0.090188870826035064
resnet1d,348,0.16126042632066728,0.020114942528735639,0.065134099616858246,0.019342699100328455,0.0899977601997239
resnet1d,349,0.16172381835032437,0.020439350525310419,0.065902578796561598,0.019649797760675655,0.091199081399623419
resnet1d,350,0.16218721037998146,0.02076190476190477,0.066666666666666666,0.019944867702382782,0.092204919262739785
resnet1d,351,0.16265060240963855,0.020702754036087376,0.066476733143399816,0.019890350097703634,0.092010684258174755
resnet1d,352,0.16311399443929564,0.020643939393939405,0.066287878787878785,0.019836371117975565,0.091819005956075214
resnet1d,353,0.16357738646895273,0.020585457979225692,0.066100094428706332,0.019784561928980884,0.091635292311815372
resnet1d,354,0.16404077849860982,0.020527306967984941,0.065913370998116769,0.019731039809454981,0.091445240881437281
resnet1d,355,0.16450417052826691,0.020469483568075125,0.065727699530516437,0.019679305479212688,0.091262985176952791
resnet1d,356,0.164967562557924,0.020411985018726601,0.065543071161048683,0.019628010943341396,0.091081700628062021
resnet1d,357,0.16543095458758109,0.020354808590102715,0.06535947712418301,0.019575521503725837,0.090896055034758061
resnet1d,358,0.16589434661723818,0.020484171322160159,0.066108007448789571,0.019699677866562234,0.091351274523030865
resnet1d,359,0.16635773864689526,0.02079851439182916,0.066852367688022288,0.020002615781124788,0.092605204086688486
resnet1d,360,0.16682113067655235,0.021111111111111119,0.067592592592592593,0.020277399140884705,0.093486004990227134
resnet1d,361,0.16728452270620944,0.021052631578947378,0.067405355493998162,0.020224911875522788,0.093302149877790785
resnet1d,362,0.16774791473586656,0.020994475138121554,0.067219152854511979,0.020172101301612962,0.093116209706946063
resnet1d,363,0.16821130676552362,0.021303948576675859,0.067952249770431586,0.020451984631137326,0.094040393162566446
resnet1d,364,0.16867469879518071,0.021245421245421253,0.067765567765567761,0.020398480225400327,0.093853133991184626
resnet1d,365,0.1691380908248378,0.021369863013698639,0.068493150684931503,0.020498996714483322,0.094114124960823276
resnet1d,366,0.16960148285449486,0.021311475409836075,0.068306010928961755,0.020445744993614179,0.093928148310776963
resnet1d,367,0.17006487488415201,0.02179836512261581,0.069028156221616718,0.020905171788633325,0.095646781887313556
resnet1d,368,0.1705282669138091,0.022101449275362325,0.069746376811594193,0.021185881241869976,0.096694663789713517
resnet1d,369,0.17099165894346621,0.022402890695573632,0.070460704607046065,0.021452899964112423,0.097530512695799085
resnet1d,370,0.17145505097312327,0.02234234234234235,0.070270270270270274,0.021399350889372625,0.097344403155511947
resnet1d,371,0.17191844300278036,0.022641509433962273,0.070979335130278529,0.021684744331879446,0.098479091223596812
resnet1d,372,0.17238183503243745,0.022939068100358433,0.071684587813620068,0.021947698864907716,0.099313783930880015
resnet1d,373,0.17284522706209451,0.022877569258266315,0.071492403932082213,0.021891713920005069,0.099118940534971833
resnet1d,374,0.17330861909175163,0.022816399286987532,0.07130124777183601,0.021837705840469433,0.098931452009671281
resnet1d,375,0.17377201112140872,0.02311111111111112,0.071999999999999995,0.022114234041949943,0.099967578714385455
resnet1d,376,0.17423540315106581,0.023049645390070927,0.071808510638297865,0.022060255287766062,0.099780757573120257
resnet1d,377,0.17469879518072293,0.022988505747126447,0.07161803713527852,0.022004691088729347,0.099588214754804325
resnet1d,378,0.17516218721037999,0.02328042328042329,0.072310405643738973,0.02226846524492837,0.10046015105526633
resnet1d,379,0.17562557924003708,0.023570800351802996,0.072999120492524189,0.022528424977208836,0.10129977813359613
resnet1d,380,0.17608897126969417,0.023508771929824573,0.072807017543859653,0.022471711150954202,0.10110352444254626
resnet1d,381,0.17655236329935123,0.023447069116360464,0.072615923009623787,0.022415489647975739,0.10090868633077431
resnet1d,382,0.17701575532900835,0.023734729493891809,0.073298429319371736,0.022678081854147797,0.10177734691762992
resnet1d,383,0.17747914735866543,0.023672758920800705,0.073107049608355082,0.02262138948319244,0.10158092891871344
resnet1d,384,0.17794253938832252,0.023958333333333342,0.073784722222222224,0.022883878315201448,0.1025004719035804
resnet1d,385,0.17840593141797964,0.023896103896103905,0.073593073593073585,0.022828349422427795,0.10230988411042213
resnet1d,386,0.1788693234476367,0.02383419689119172,0.073402417962003461,0.022771957966778691,0.10211611311364861
resnet1d,387,0.17933271547729379,0.023772609819121455,0.073212747631352285,0.022716505311211155,0.10192553020417627
resnet1d,388,0.17979610750695088,0.023711340206185576,0.073024054982817874,0.022660406858456616,0.1017321730748187
resnet1d,389,0.18025949953660794,0.023650385604113117,0.072836332476435298,0.022607050002853377,0.10154836181600525
resnet1d,390,0.18072289156626506,0.023589743589743598,0.072649572649572655,0.022553394589470335,0.10136553807237254
resnet1d,391,0.18118628359592215,0.023699914748508105,0.07331628303495312,0.022640253338109779,0.10157730087553037
resnet1d,392,0.18164967562557924,0.023979591836734704,0.073979591836734693,0.022895094353334228,0.10249529567591172
resnet1d,393,0.18211306765523635,0.023918575063613241,0.073791348600508899,0.022839470351513822,0.10230439198426428
resnet1d,394,0.18257645968489342,0.024534686971235203,0.075296108291032157,0.023390435781616079,0.10410589105871458
resnet1d,395,0.18303985171455051,0.024472573839662459,0.075105485232067518,0.023334332464666572,0.10391508174546847
resnet1d,396,0.18350324374420759,0.024410774410774421,0.074915824915824922,0.023278232809036358,0.10372432573616774
resnet1d,397,0.18396663577386466,0.02468513853904283,0.075566750629722915,0.023535805102883722,0.10474281003288856
resnet1d,398,0.18443002780352177,0.024958123953098835,0.076214405360134005,0.023771458775045117,0.10545280496540294
resnet1d,399,0.18489341983317886,0.024895572263993328,0.076023391812865493,0.02371546334565422,0.10526250248415886
resnet1d,400,0.18535681186283595,0.024833333333333343,0.075833333333333322,0.023662146350721409,0.10508095482309095
resnet1d,401,0.18582020389249307,0.025103906899418132,0.07647547797173733,0.023908274088632067,0.10587708789559584
resnet1d,402,0.18628359592215013,0.025041459369817592,0.076285240464344942,0.023851468645544858,0.10568388546540962
resnet1d,403,0.18674698795180722,0.025144747725392897,0.076923076923076927,0.023956724011810177,0.1062147785129814
resnet1d,404,0.18721037998146431,0.025247524752475256,0.077557755775577553,0.024056056243845051,0.10660686115248612
resnet1d,405,0.18767377201112137,0.025185185185185196,0.077366255144032919,0.023999945648290621,0.10641619278020605
resnet1d,406,0.18813716404077849,0.025451559934318566,0.077996715927750412,0.024235947754720478,0.10715752004660622
resnet1d,407,0.18860055607043558,0.025389025389025394,0.077805077805077796,0.024182195967464692,0.10697564083773492
resnet1d,408,0.18906394810009267,0.025326797385620922,0.077614379084967308,0.024126154612067175,0.10678620977899027
resnet1d,409,0.18952734012974978,0.025264873675631631,0.077424612876935625,0.024073627707402349,0.1066080976356651
resnet1d,410,0.18999073215940684,0.025528455284552855,0.078048780487804878,0.02429416702065873,0.10723229136450863
resnet1d,411,0.19045412418906396,0.025466342254663432,0.07785888077858881,0.024238619744585816,0.10704587840892778
resnet1d,412,0.19091751621872102,0.025728155339805835,0.078478964401294496,0.024486787955231144,0.10803422643804968
resnet1d,413,0.19138090824837814,0.025665859564164659,0.078288942695722355,0.02443035524979642,0.10784408174572575
resnet1d,414,0.19184430027803523,0.025603864734299524,0.078099838969404187,0.024375069537259861,0.10765872682179262
resnet1d,415,0.19230769230769232,0.025863453815261051,0.078714859437751014,0.024619023387257997,0.10856425531970122
resnet1d,416,0.19277108433734944,0.02580128205128206,0.078525641025641038,0.024563786246563944,0.10837832228481901
resnet1d,417,0.1932344763670065,0.025899280575539575,0.079136690647482008,0.024642870670682909,0.10858476837611275
resnet1d,418,0.19369786839666359,0.026156299840510377,0.079744816586921841,0.024864085482884147,0.10924083223865266
resnet1d,419,0.19416126042632068,0.026571201272871926,0.080350039777247417,0.025251459294043141,0.11065703675029327
resnet1d,420,0.19462465245597774,0.026507936507936519,0.080158730158730152,0.025195525339765584,0.11047030692484659
resnet1d,421,0.19508804448563485,0.026444972288202698,0.079968329374505154,0.025139260237239853,0.11028225980714824
resnet1d,422,0.19555143651529194,0.026540284360189584,0.080568720379146919,0.025220788259514838,0.11051904862121691
resnet1d,423,0.19601482854494903,0.026477541371158403,0.080378250591016553,0.025166689771998031,0.1103379867751475
resnet1d,424,0.19647822057460615,0.026729559748427681,0.080974842767295593,0.02540279152892427,0.11125177010262761
resnet1d,425,0.19694161260426321,0.027137254901960794,0.082352941176470587,0.025780397419088746,0.11260188312676685
resnet1d,426,0.1974050046339203,0.027073552425665112,0.082159624413145546,0.025724709688135144,0.11241543243605033
resnet1d,427,0.19786839666357739,0.027010148321623739,0.081967213114754092,0.025667986357455954,0.11222635444317781
resnet1d,428,0.19833178869323445,0.027258566978193153,0.082554517133956382,0.025883376674741752,0.11287765748489249
resnet1d,429,0.19879518072289157,0.027505827505827515,0.083139083139083136,0.02611106734770767,0.11366438975743338
resnet1d,430,0.19925857275254866,0.027751937984496131,0.083720930232558152,0.026336076281265653,0.11444416928053582
resnet1d,431,0.19972196478220575,0.027687548337200319,0.083526682134570762,0.026282556281799759,0.11426425777517668
resnet1d,432,0.20018535681186286,0.027623456790123461,0.083333333333333329,0.026236942694660769,0.11410559297578167
resnet1d,433,0.20064874884151992,0.027867590454195543,0.08391070053887606,0.026447028454692201,0.11472435671732649
resnet1d,434,0.20111214087117701,0.02780337941628265,0.083717357910906301,0.026394980263100696,0.11455072704824942
resnet1d,435,0.2015755329008341,0.027739463601532576,0.083524904214559381,0.026342811297278199,0.11437742525815509
resnet1d,436,0.20203892493049116,0.02782874617737004,0.084097859327217125,0.026419478121589762,0.11460131948041423
resnet1d,437,0.20250231696014828,0.027765064836003061,0.083905415713196041,0.026362867110655667,0.11441476471994259
resnet1d,438,0.20296570898980537,0.02800608828006089,0.084474885844748868,0.026576623484586889,0.11509222024361583
resnet1d,439,0.20342910101946246,0.027942293090356878,0.084282460136674245,0.026519623093800262,0.11490447174858327
resnet1d,440,0.20389249304911958,0.027878787878787888,0.084090909090909091,0.026463887802001599,0.11472216674571173
resnet1d,441,0.20435588507877664,0.027815570672713539,0.08390022675736962,0.02641235642882141,0.1145511710033057
resnet1d,442,0.20481927710843373,0.028054298642533945,0.084464555052790338,0.026625201279158284,0.11523285101151555
resnet1d,443,0.20528266913809082,0.027990970654627551,0.084273890142964644,0.026573875596016761,0.11506353314432005
resnet1d,444,0.20574606116774788,0.027927927927927938,0.08408408408408409,0.02652633345825807,0.11490135794179222
resnet1d,445,0.206209453197405,0.027865168539325847,0.083895131086142327,0.026472431007066671,0.11472450571329314
resnet1d,446,0.20667284522706209,0.027802690582959647,0.083707025411061287,0.026419707459754787,0.11455178292696321
resnet1d,447,0.20713623725671917,0.028038777032065632,0.084265473527218485,0.026621156427279576,0.11513533537317956
resnet1d,448,0.20759962928637629,0.027976190476190484,0.084077380952380945,0.02657010950906848,0.11496802449331639
resnet1d,449,0.20806302131603335,0.028062360801781747,0.084632516703786201,0.026656106704602573,0.11529671682516131
resnet1d,450,0.20852641334569044,0.028000000000000008,0.084444444444444447,0.026601719222280894,0.11512031487027136
resnet1d,451,0.20898980537534753,0.027937915742793803,0.084257206208425708,0.026546600189096353,0.11494183038602664
resnet1d,452,0.20945319740500459,0.027876106194690276,0.084070796460176969,0.026492155007830212,0.11476603550312801
resnet1d,453,0.20991658943466171,0.027814569536423851,0.083885209713024281,0.026447887238119194,0.11461651363309371
resnet1d,454,0.21037998146431883,0.027900146842878129,0.084434654919236407,0.02653424929224828,0.11499741405681428
resnet1d,455,0.21084337349397594,0.027838827838827847,0.084249084249084241,0.02648375349024874,0.11483288611416469
resnet1d,456,0.21130676552363301,0.028216374269005858,0.085526315789473686,0.026776425999774769,0.11570266281130658
resnet1d,457,0.21177015755329009,0.028154631655725754,0.085339168490153175,0.026721332879673682,0.11552500106603601
resnet1d,458,0.21223354958294718,0.028093158660844258,0.085152838427947589,0.02667032047302742,0.11535933343238924
resnet1d,459,0.21269694161260425,0.02803195352214961,0.084967320261437898,0.026617250716452736,0.11518946443731569
resnet1d,460,0.21316033364226136,0.028115942028985513,0.085507246376811577,0.02670257041974625,0.11557991789300671
resnet1d,461,0.21362372567191845,0.028633405639913238,0.086767895878524945,0.027165014641774635,0.11708014255275356
resnet1d,462,0.21408711770157554,0.028715728715728722,0.087301587301587311,0.027229088548492059,0.11723761194843564
resnet1d,463,0.21455050973123266,0.028797696184305263,0.087832973362131028,0.027309470193982988,0.1175412981621845
resnet1d,464,0.21501390176088972,0.029022988505747135,0.088362068965517238,0.027505023218520278,0.11813472744441443
resnet1d,465,0.21547729379054681,0.028960573476702514,0.088172043010752696,0.027452026226161247,0.11796455803053574
resnet1d,466,0.2159406858202039,0.029184549356223183,0.088698140200286144,0.0276437559292293,0.11853303386885665
resnet1d,467,0.21640407784986096,0.02912205567451821,0.088508208422555315,0.027587969168867119,0.11835435918537791
resnet1d,468,0.21686746987951808,0.029059829059829068,0.088319088319088315,0.027535837432180781,0.11818706132019907
resnet1d,469,0.21733086190917517,0.028997867803837962,0.088130774697938882,0.027484496300239959,0.11802252023608582
resnet1d,470,0.21779425393883226,0.029078014184397167,0.088652482269503549,0.027570410271809811,0.11846965081264831
resnet1d,471,0.21825764596848937,0.02915782024062279,0.089171974522292988,0.027577466210479365,0.11842663672010832
resnet1d,472,0.21872103799814643,0.029096045197740117,0.088983050847457612,0.027522915664367379,0.11825300697888802
resnet1d,473,0.21918443002780352,0.029457364341085274,0.09020436927413672,0.027831751589560961,0.11919433556068167
resnet1d,474,0.21964782205746061,0.029817158931082985,0.091420534458509131,0.028167004030349215,0.12040534549109544
resnet1d,475,0.22011121408711767,0.029754385964912283,0.091228070175438589,0.028113088057019963,0.12023511616228277
resnet1d,476,0.22057460611677479,0.029691876750700286,0.09103641456582634,0.028058483413360407,0.12006211479200922
resnet1d,477,0.22103799814643188,0.029629629629629634,0.090845562543675748,0.028006294497304008,0.11989605234183238
resnet1d,478,0.22150139017608897,0.029567642956764298,0.090655509065550921,0.027953166448772909,0.1197273585447332
resnet1d,479,0.22196478220574609,0.029505915100904667,0.090466249130132223,0.027900283439309757,0.11956020041712591
resnet1d,480,0.22242817423540315,0.02944444444444445,0.090277777777777776,0.027852055683802945,0.11940529532751032
resnet1d,481,0.22289156626506024,0.029521829521829523,0.090783090783090784,0.027931969515990099,0.11977988643501021
resnet1d,482,0.22335495829471733,0.029460580912863073,0.090594744121715087,0.027880099159821852,0.1196145772829718
resnet1d,483,0.22381835032437439,0.02939958592132506,0.09040717736369909,0.027828756111785674,0.11945204870157206
resnet1d,484,0.2242817423540315,0.029614325068870528,0.090909090909090898,0.028010983938557044,0.11998484688836512
resnet1d,485,0.22474513438368859,0.029965635738831622,0.092096219931271484,0.028308206141562865,0.12085095270167649
resnet1d,486,0.22520852641334568,0.029903978052126207,0.091906721536351155,0.02825896020834771,0.12069251060568255
resnet1d,487,0.2256719184430028,0.029842573579739906,0.091718001368925384,0.028205673416053598,0.12052500407526123
resnet1d,488,0.22613531047265986,0.029781420765027326,0.091530054644808748,0.028153251173616167,0.12035981524781482
resnet1d,489,0.22659870250231695,0.029993183367416503,0.092024539877300596,0.028337705242835017,0.12090106418613911
resnet1d,490,0.22706209453197404,0.030068027210884359,0.092517006802721083,0.028397331293154804,0.12105103401382798
resnet1d,491,0.2275254865616311,0.030006788866259338,0.092328581126951803,0.028343054784697026,0.12088018480325896
resnet1d,492,0.22798887859128822,0.029945799457994582,0.092140921409214094,0.028290308650173932,0.12071477940174045
resnet1d,493,0.22845227062094531,0.029885057471264371,0.091954022988505746,0.028239458608708624,0.12055518805430047
resnet1d,494,0.2289156626506024,0.029959514170040488,0.09244264507422402,0.028305988239277501,0.12077082991960419
resnet1d,495,0.22937905468025951,0.029898989898989901,0.092255892255892258,0.028254508903210601,0.12060957793885226
resnet1d,496,0.22984244670991658,0.029838709677419358,0.092069892473118295,0.028202396579655589,0.12044584011752603
resnet1d,497,0.23030583873957369,0.02977867203219316,0.091884641180415838,0.028154218846101645,0.12029537893969589
resnet1d,498,0.23076923076923075,0.029718875502008035,0.091700133868808556,0.028103434053314075,0.12013632574232404
resnet1d,499,0.23123262279888787,0.029792919171676688,0.092184368737474945,0.028160280144538034,0.12027589953766406
resnet1d,500,0.23169601482854496,0.029733333333333334,0.092000000000000012,0.028108593543396652,0.1201149313117108
resnet1d,501,0.23215940685820205,0.029673985362608121,0.091816367265469059,0.028058972173903015,0.11996064701223007
resnet1d,502,0.23262279888785917,0.02961487383798141,0.091633466135458155,0.028013049997086092,0.11981545850979695
resnet1d,503,0.23308619091751623,0.029953611663353214,0.093439363817097429,0.028193418557884254,0.12026037674503044
resnet1d,504,0.23354958294717332,0.030026455026455026,0.09391534391534391,0.028211495890036551,0.12025317159349229
resnet1d,505,0.23401297497683041,0.029966996699669967,0.093729372937293734,0.028160022993505718,0.12009317758238397
resnet1d,506,0.23447636700648747,0.030039525691699608,0.094202898550724626,0.028196035380955008,0.12014117296260707
resnet1d,507,0.23493975903614459,0.029980276134122286,0.094017094017094016,0.028145620809902697,0.11998549345957088
resnet1d,508,0.23540315106580167,0.029921259842519685,0.093832020997375323,0.028096806397707088,0.11983448169440064
resnet1d,509,0.23586654309545876,0.029862475442043224,0.093647675180091691,0.028048243124958669,0.11968526848055271
resnet1d,510,0.23632993512511588,0.029803921568627451,0.0934640522875817,0.027997975731654873,0.1195298801333692
resnet1d,511,0.23679332715477294,0.029876060013046313,0.09393346379647749,0.027997075347275038,0.11947903432631861
resnet1d,512,0.23725671918443003,0.030078125000000001,0.094401041666666671,0.028138994324836099,0.11986908651328254
resnet1d,513,0.23772011121408712,0.030019493177387915,0.09421702404158544,0.028157551505297959,0.11986644814225043
resnet1d,514,0.23818350324374418,0.030350194552529183,0.095330739299610889,0.02837726686113784,0.12045816877582527
resnet1d,515,0.2386468952734013,0.030291262135922328,0.095145631067961159,0.028328181504195877,0.12030793133433515
resnet1d,516,0.23911028730305839,0.03036175710594315,0.095607235142118871,0.028355362752832625,0.12033055449343322
resnet1d,517,0.23957367933271548,0.030303030303030304,0.095422308188265623,0.028304970101032972,0.12017646524420723
resnet1d,518,0.24003707136237259,0.030501930501930497,0.09588159588159588,0.028488652325298954,0.1208049865401742
resnet1d,519,0.24050046339202966,0.030700064226075786,0.096339113680154131,0.028659482347278737,0.12132579461669313
resnet1d,520,0.24096385542168675,0.030641025641025638,0.096153846153846145,0.02861245769314712,0.12118308094808233
resnet1d,521,0.24142724745134383,0.030582213691618676,0.095969289827255277,0.028562988728076721,0.12103222095488381
resnet1d,522,0.2418906394810009,0.030779054916985949,0.096424010217113665,0.028724117643782854,0.12148165239709495
resnet1d,523,0.24235403151065801,0.030720203951561498,0.09623964308476736,0.028675420457929018,0.12133261340734526
resnet1d,524,0.2428174235403151,0.030661577608142487,0.096055979643765901,0.028638574425132558,0.12121432223966148
resnet1d,525,0.24328081556997219,0.030603174603174601,0.095873015873015874,0.028589038448716835,0.1210642014064628
resnet1d,526,0.24374420759962931,0.030798479087452469,0.096324461343472764,0.028755597603615696,0.12154144862292186
resnet1d,527,0.24420759962928637,0.030993042378241614,0.096774193548387108,0.028933206379513604,0.1221517466460349
resnet1d,528,0.24467099165894346,0.030934343434343436,0.096590909090909102,0.028884064777575505,0.12200280302563472
resnet1d,529,0.24513438368860055,0.030875866414618775,0.096408317580340255,0.02883389876188934,0.12185099133236028
resnet1d,530,0.24559777571825761,0.030817610062893078,0.096226415094339643,0.028798429648112661,0.12173548945441105
resnet1d,531,0.24606116774791473,0.030759573132454487,0.096045197740112997,0.028751308793474418,0.1215921894065292
resnet1d,532,0.24652455977757182,0.031077694235588968,0.097117794486215533,0.029022369864503406,0.12246361430377972
resnet1d,533,0.24698795180722891,0.03114446529080675,0.097560975609756115,0.029031545149291575,0.12244193996412754
resnet1d,534,0.24745134383688602,0.031086142322097374,0.097378277153558054,0.028983197656656287,0.12229607911184988
resnet1d,535,0.24791473586654308,0.031028037383177567,0.09719626168224299,0.028935926216952745,0.12215221707621098
resnet1d,536,0.24837812789620017,0.03097014925373134,0.097014925373134331,0.028886438202698192,0.12200312268583308
resnet1d,537,0.24884151992585726,0.03103662321539416,0.097454996896337687,0.028911406815235009,0.12202207403951713
resnet1d,538,0.24930491195551432,0.03097893432465923,0.097273853779429986,0.028863305690347358,0.12187777600445694
resnet1d,539,0.24976830398517144,0.030921459492888062,0.097093382807668507,0.028819213512577668,0.1217441359649702
resnet1d,540,0.25023169601482853,0.030864197530864192,0.096913580246913586,0.028770173810299702,0.12159694613654409
resnet1d,541,0.25069508804448565,0.031053604436229201,0.097350585335797921,0.028920290514243632,0.12200154082784842
resnet1d,542,0.25115848007414271,0.030996309963099627,0.097170971709717099,0.028873221394866536,0.1218611361544114
resnet1d,543,0.25162187210379983,0.03106200122774708,0.097605893186003698,0.028833936832669188,0.121738274358123
resnet1d,544,0.25208526413345689,0.031372549019607836,0.098651960784313722,0.029036068943729228,0.12232985961747056
resnet1d,545,0.252548656163114,0.031314984709480111,0.098470948012232426,0.028995543699407933,0.12220483089513474
resnet1d,546,0.25301204819277107,0.031379731379731372,0.098901098901098897,0.029027501772887227,0.12225116649123378
resnet1d,547,0.25347544022242818,0.031322364411943929,0.098720292504570373,0.02898266560756348,0.12211712460224113
resnet1d,548,0.25393883225208524,0.031386861313868607,0.099148418491484189,0.028998879311867093,0.1221151094071552
resnet1d,549,0.25440222428174236,0.031572556162720089,0.10018214936247723,0.029105428049859439,0.12242775936148875
resnet1d,550,0.25486561631139942,0.031636363636363629,0.10060606060606063,0.029174721532981725,0.12276297502564686
resnet1d,551,0.25532900834105654,0.031820931639443432,0.10102843315184513,0.029326701588707076,0.1231889845762143
resnet1d,552,0.2557924003707136,0.031763285024154576,0.10084541062801933,0.02927806574101724,0.12304404154030474
resnet1d,553,0.25625579240037072,0.031705846895720306,0.10066305003013865,0.029231643618348607,0.12290646837850112
resnet1d,554,0.25671918443002778,0.031648616125150415,0.10048134777376654,0.029185181643860528,0.12276919379661239
resnet1d,555,0.2571825764596849,0.031831831831831824,0.10090090090090091,0.029345894158622491,0.12322908860425176
resnet1d,556,0.25764596848934196,0.03189448441247001,0.10131894484412469,0.029408462687163937,0.12345048336094627
resnet1d,557,0.25810936051899908,0.031837223219628952,0.10113704368641534,0.029362194115351837,0.12331430147841925
resnet1d,558,0.25857275254865614,0.03178016726403822,0.10095579450418161,0.02931457067982313,0.12317361192113792
resnet1d,559,0.25903614457831325,0.031961836612999395,0.10137149672033392,0.029468319214744302,0.12361611977849279
resnet1d,560,0.25949953660797032,0.032142857142857133,0.1017857142857143,0.029624144261026612,0.12407980335091549
resnet1d,561,0.25996292863762743,0.032085561497326186,0.10160427807486631,0.029577116236086821,0.12394145825809559
resnet1d,562,0.26042632066728455,0.032147093712930001,0.10201660735468565,0.029636945697428446,0.12414709321817712
resnet1d,563,0.26088971269694161,0.032089994079336874,0.10183540556542332,0.029588896007556844,0.12400546567152042
resnet1d,564,0.26135310472659873,0.03215130023640661,0.10224586288416075,0.029630001975767303,0.12408117381896029
resnet1d,565,0.26181649675625579,0.032094395280235978,0.10206489675516224,0.029583448088281627,0.12394475075751112
resnet1d,566,0.26227988878591291,0.032037691401648985,0.10188457008244994,0.02954781852245858,0.12383371213722884
resnet1d,567,0.26274328081556997,0.032216343327454426,0.10229276895943562,0.029714676644172613,0.12450264606185391
resnet1d,568,0.26320667284522709,0.032276995305164306,0.10269953051643192,0.029710404827587345,0.12445604008491706
resnet1d,569,0.26367006487488415,0.032220269478617447,0.10251903925014645,0.029664236969325731,0.12432076254897317
resnet1d,570,0.26413345690454126,0.032163742690058464,0.10233918128654972,0.02961818259493346,0.12418637309485908
resnet1d,571,0.26459684893419833,0.032340922358435477,0.10274372446001168,0.029755240116407344,0.12454299858137093
resnet1d,572,0.26506024096385544,0.032517482517482509,0.10314685314685314,0.029907637389491568,0.12499707541242551
resnet1d,573,0.2655236329935125,0.033042466550319942,0.10413030831879,0.030367421850546725,0.12644536503162052
resnet1d,574,0.26598702502316962,0.032984901277584189,0.10394889663182345,0.030320580710839817,0.12630965831873034
resnet1d,575,0.26645041705282668,0.033159420289855059,0.10434782608695652,0.030489917092424667,0.12701544662097222
resnet1d,576,0.2669138090824838,0.033217592592592569,0.10474537037037036,0.030558098560347868,0.12738488814931848
resnet1d,577,0.26737720111214086,0.03339110340843441,0.10514153668399769,0.030708223793148446,0.12776360616101412
resnet1d,578,0.26784059314179798,0.033333333333333319,0.104959630911188,0.030661118163417499,0.12762703296014943
resnet1d,579,0.26830398517145504,0.033506044905008615,0.10535405872193437,0.030808195629609691,0.12805015921379967
resnet1d,580,0.26876737720111216,0.033448275862068944,0.10517241379310345,0.030759784920661722,0.12790888281304699
resnet1d,581,0.26923076923076922,0.03362019506597818,0.10556511761331039,0.030905185287862236,0.12832302264864046
resnet1d,582,0.26969416126042633,0.03356242840778921,0.10538373424971363,0.030860497769466786,0.12819293809379603
resnet1d,583,0.2701575532900834,0.033504859919954243,0.10520297312750143,0.030824052362186063,0.12808349171658207
resnet1d,584,0.27062094531974051,0.033561643835616418,0.10559360730593607,0.030885855854976444,0.12828640403389369
resnet1d,585,0.27108433734939757,0.033732193732193709,0.10598290598290599,0.031033956974129681,0.12873054575533302
resnet1d,586,0.27154772937905469,0.03390216154721272,0.10637087599544938,0.031167838104804769,0.12908695821972138
resnet1d,587,0.27201112140871175,0.034071550255536605,0.10675752413401478,0.031318472860168742,0.12956862268576017
resnet1d,588,0.27247451343836887,0.034013605442176853,0.10657596371882087,0.031273082543348957,0.12943668383285567
resnet1d,589,0.27293790546802593,0.033955857385398962,0.10639501980758348,0.031227431124254065,0.1293050278973992
resnet1d,590,0.27340129749768305,0.034011299435028224,0.10677966101694915,0.031277847395036494,0.12945556156248328
resnet1d,591,0.27386468952734011,0.034292160180485032,0.10772701635645798,0.031522861747057658,0.13023912009703006
resnet1d,592,0.27432808155699723,0.034459459459459434,0.10810810810810811,0.031651678879693342,0.13060024616296276
resnet1d,593,0.27479147358665429,0.034401349072512626,0.10792580101180438,0.031604418509114177,0.13046398438521364
resnet1d,594,0.27525486561631141,0.034343434343434322,0.10774410774410774,0.031557911856693127,0.13032962200283046
resnet1d,595,0.27571825764596847,0.03428571428571426,0.10756302521008404,0.031511601695702794,0.13019655744599226
resnet1d,596,0.27618164967562558,0.034340044742729281,0.10794183445190157,0.031479131316479184,0.13009278442764113
resnet1d,597,0.27664504170528265,0.034394193188163016,0.10831937465103293,0.031449828948078545,0.12999448876324035
resnet1d,598,0.27710843373493976,0.034336677814938661,0.10813823857302118,0.031403327101889651,0.12986084608278303
resnet1d,599,0.27757182576459682,0.03427935447968835,0.10795770728992765,0.031367796380060382,0.12975272344014985
resnet1d,600,0.27803521779425394,0.034333333333333306,0.10833333333333334,0.031403962670731179,0.12983257319447017
resnet1d,601,0.278498609823911,0.034608985024958377,0.10926234054353855,0.03161036108069492,0.13053266425240487
resnet1d,602,0.27896200185356812,0.034551495016611269,0.10908084163898117,0.031565986135529946,0.13040541631592947
resnet1d,603,0.27942539388322518,0.03449419568822551,0.10889994472084025,0.031527678099049571,0.13029118968658979
resnet1d,604,0.2798887859128823,0.034657836644591579,0.10927152317880795,0.031653948538952967,0.13061984527554679
resnet1d,605,0.28035217794253942,0.034820936639118429,0.10964187327823692,0.031800182982717022,0.13108966127536292
resnet1d,606,0.28081556997219648,0.034763476347634735,0.10946094609460945,0.031754589824753231,0.13095834047658086
resnet1d,607,0.28127896200185359,0.034816035145524414,0.10982976386600769,0.031778456360132573,0.13099088278461024
resnet1d,608,0.28174235403151066,0.034758771929824531,0.10964912280701755,0.03173484978614495,0.13086597626868549
resnet1d,609,0.28220574606116777,0.03470169677066226,0.10946907498631638,0.031694389697361054,0.13074880994275589
resnet1d,610,0.28266913809082483,0.034972677595628388,0.11038251366120218,0.031842830655052355,0.1312891327680695
resnet1d,611,0.28313253012048195,0.034915439170758289,0.11020185488270595,0.031796567707476443,0.13115723747362204
resnet1d,612,0.28359592215013901,0.034858387799564239,0.11002178649237472,0.031751135616135955,0.13102835072913682
resnet1d,613,0.28405931417979613,0.034801522566612259,0.10984230560087004,0.03170851011523227,0.13090627294131943
resnet1d,614,0.28452270620945319,0.034744842562432113,0.10966340933767643,0.031663459404571416,0.13077831974852963
resnet1d,615,0.28498609823911031,0.034688346883468807,0.10948509485094853,0.031622543768325566,0.13066030850142263
resnet1d,616,0.28544949026876737,0.034848484848484816,0.10984848484848485,0.031764579267476098,0.13109788019837457
resnet1d,617,0.28591288229842449,0.034792004321988083,0.10967044840626687,0.031722420781955397,0.13097629803125985
resnet1d,618,0.28637627432808155,0.034735706580366739,0.10949298813376485,0.031681708510580324,0.13085924074894062
resnet1d,619,0.28683966635773867,0.034679590737749032,0.10931610123855683,0.031641919138047425,0.1307438525291722
resnet1d,620,0.28730305838739573,0.034623655913978472,0.10913978494623655,0.03159758046497229,0.1306185452894503
resnet1d,621,0.28776645041705284,0.03456790123456787,0.10896403650026838,0.031568558871983864,0.13052761244612934
resnet1d,622,0.28822984244670991,0.034512325830653778,0.10878885316184352,0.031523953508912045,0.13040215045883624
resnet1d,623,0.28869323447636702,0.034456928838951281,0.10861423220973783,0.031479180046479462,0.13027579645346918
resnet1d,624,0.28915662650602408,0.03440170940170937,0.10844017094017094,0.031435758764414908,0.13015389311362571
resnet1d,625,0.2896200185356812,0.034453333333333308,0.10879999999999999,0.03145306565402891,0.13016672641597526
resnet1d,626,0.29008341056533826,0.034611288604898795,0.10915867944621938,0.031579912440201204,0.13050648524855277
resnet1d,627,0.29054680259499538,0.035194045720361479,0.11057947900053162,0.032049395057422693,0.13181878305540937
resnet1d,628,0.29101019462465244,0.035244161358811005,0.11093418259023353,0.032095025406382843,0.13193553766904606
resnet1d,629,0.29147358665430956,0.035506094329623705,0.11128775834658187,0.032313095225447813,0.13258923796519914
resnet1d,630,0.29193697868396662,0.035449735449735419,0.1111111111111111,0.032268479957002612,0.13246414286274763
resnet1d,631,0.29240037071362374,0.035393555203380847,0.11093502377179081,0.032225538975653424,0.13234309390846652
resnet1d,632,0.2928637627432808,0.035337552742615998,0.11075949367088607,0.032181691318530367,0.13222013881468561
resnet1d,633,0.29332715477293791,0.035492364402316977,0.1111111111111111,0.032303286649656149,0.13254081146266264
resnet1d,634,0.29379054680259498,0.035541535226077781,0.11146161934805469,0.032403526148176355,0.13293475573087651
resnet1d,635,0.29425393883225209,0.035485564304461904,0.11128608923884514,0.032360990955586838,0.13281642831484949
resnet1d,636,0.29471733086190915,0.03542976939203351,0.11111111111111112,0.032319882341816437,0.13270108839867786
resnet1d,637,0.29518072289156627,0.035374149659863914,0.11093668236525379,0.032275571576780841,0.13257734502479337
resnet1d,638,0.29564411492122333,0.035736677115987429,0.11180773249738767,0.032553732130170217,0.13341443135911282
resnet1d,639,0.29610750695088045,0.035785080855503359,0.1121544079290558,0.032579855398063635,0.13346066551379299
resnet1d,640,0.29657089898053751,0.035729166666666638,0.11197916666666667,0.032535621205471037,0.13333777922592974
resnet1d,641,0.29703429101019463,0.035881435257410256,0.11232449297971918,0.032681013473800431,0.13391988872828975
resnet1d,642,0.29749768303985169,0.035825545171339533,0.11214953271028037,0.032637651840018787,0.13379863870261588
resnet1d,643,0.29796107506950881,0.035873509590461344,0.11249351995852774,0.032704506719571654,0.1340197819178848
resnet1d,644,0.29842446709916587,0.036024844720496857,0.11283643892339545,0.032827300935518583,0.13435129577957067
resnet1d,645,0.29888785912882299,0.035968992248061986,0.11266149870801034,0.032791498924970942,0.1342478227022561
resnet1d,646,0.29935125115848005,0.036326109391124829,0.11351909184726522,0.033049619811528576,0.13496398812188828
resnet1d,647,0.29981464318813716,0.036269963936115368,0.11334363730036064,0.033009803921599752,0.13485240275551422
resnet1d,648,0.30027803521779428,0.036213991769547288,0.11316872427983539,0.032966680349211797,0.1347330748592617
resnet1d,649,0.30074142724745134,0.036260914227015884,0.11350796096558809,0.032973289635552606,0.13472046480165556
resnet1d,650,0.30120481927710846,0.036410256410256372,0.11384615384615386,0.033129583616103117,0.13536264837947046
resnet1d,651,0.30166821130676552,0.03635432667690728,0.11367127496159753,0.033085567844219906,0.13524048306527925
resnet1d,652,0.30213160333642264,0.036400817995909981,0.11400817995910022,0.033103150524723679,0.1352590617128834
resnet1d,653,0.3025949953660797,0.036345074017355754,0.11383358856559471,0.033093136923698932,0.13520794981752374
resnet1d,654,0.30305838739573682,0.036289500509683957,0.11365953109072376,0.033051096877231512,0.1350925238036311
resnet1d,655,0.30352177942539388,0.03633587786259538,0.1139949109414758,0.033102217629786157,0.13525517633258807
resnet1d,656,0.303985171455051,0.036382113821138172,0.11432926829268293,0.033107859842042925,0.13524099448095148
resnet1d,657,0.30444856348470806,0.036732623033992856,0.11516996448503297,0.033393358270742309,0.13607806824281557
resnet1d,658,0.30491195551436517,0.036676798378925998,0.11499493414387031,0.033348368203487501,0.1359546980462516
resnet1d,659,0.30537534754402224,0.036823469903894741,0.11532625189681335,0.033476536672204377,0.13631034943210629
resnet1d,660,0.30583873957367935,0.036767676767676727,0.11515151515151516,0.033435811141989548,0.13619873626171652
resnet1d,661,0.30630213160333641,0.036712052445789164,0.11497730711043874,0.033405798070435019,0.13610994578265023
resnet1d,662,0.30676552363299353,0.036656596173212451,0.11480362537764351,0.033364837212815864,0.13599838756770899
resnet1d,663,0.30722891566265059,0.036601307189542444,0.11463046757164404,0.033324794268760706,0.13588795409697976
resnet1d,664,0.30769230769230771,0.036546184738955788,0.1144578313253012,0.03329754684290704,0.13580692075864995
resnet1d,665,0.30815569972196477,0.036491228070175401,0.11428571428571428,0.033253556924316613,0.13568654351011844
resnet1d,666,0.30861909175162189,0.036636636636636598,0.1146146146146146,0.033375220017533562,0.13601909286792138
resnet1d,667,0.30908248378127895,0.036581709145427244,0.11444277861069464,0.033335177105123119,0.13590962661852746
resnet1d,668,0.30954587581093607,0.03662674650698599,0.11477045908183632,0.033349784305044074,0.13592056970049241
resnet1d,669,0.31000926784059313,0.036671649227703003,0.11509715994020926,0.033328532015671576,0.13585016957367568
resnet1d,670,0.31047265987025024,0.036815920398009905,0.11542288557213931,0.033469794289700344,0.13622277701324234
resnet1d,671,0.31093605189990731,0.036959761549925446,0.11574764033780427,0.033595836021874527,0.13661678641335226
resnet1d,672,0.31139944392956442,0.037003968253968213,0.11607142857142856,0.033625872842429544,0.13668203559946182
resnet1d,673,0.31186283595922148,0.036948984645864248,0.11589895988112926,0.033589267420408554,0.1365800661448697
resnet1d,674,0.3123262279888786,0.037289812067260092,0.11671612265084075,0.033873016810065375,0.13746431500592174
resnet1d,675,0.31278962001853566,0.037629629629629582,0.11753086419753085,0.034154824225103568,0.13832359938680014
resnet1d,676,0.31325301204819278,0.037573964497041375,0.11735700197238659,0.03411354224007089,0.13821240829260537
resnet1d,677,0.31371640407784984,0.037616937469226931,0.11767602166420482,0.034102546196290794,0.13816228654387505
resnet1d,678,0.31417979610750696,0.037758112094395231,0.11799410029498525,0.034215876488402665,0.13847599348306616
resnet1d,679,0.31464318813716402,0.037702503681885081,0.11782032400589103,0.034172936860058671,0.13835947348401043
resnet1d,680,0.31510658016682114,0.037843137254901911,0.11862745098039217,0.034365502609352956,0.13907765133293151
resnet1d,681,0.3155699721964782,0.037787567302985756,0.11845325501713166,0.034321293594149475,0.13895832865733651
resnet1d,682,0.31603336422613532,0.037732160312805428,0.11827956989247312,0.034285481993794047,0.13886110475447364
resnet1d,683,0.31649675625579238,0.037676915568569988,0.11810639336261591,0.034249532144455037,0.1387633397909612
resnet1d,684,0.31696014828544949,0.037816764132553561,0.11842105263157894,0.034347475425835737,0.1390020388152626
resnet1d,685,0.31742354031510656,0.037761557177615528,0.11824817518248175,0.034305807404716247,0.13888941949998621
resnet1d,686,0.31788693234476367,0.03790087463556846,0.1185617103984451,0.034466455083998003,0.13943548491537278
resnet1d,687,0.31835032437442073,0.038039786511402184,0.11887433284813198,0.034578102478921714,0.13973738834820262
resnet1d,688,0.31881371640407785,0.037984496124030959,0.1187015503875969,0.034533412910331344,0.13961643788887534
resnet1d,689,0.31927710843373491,0.037929366231252974,0.11852926947266569,0.034506131423609983,0.13953389142406458
resnet1d,690,0.31974050046339203,0.038067632850241499,0.11884057971014493,0.034619014830819875,0.13984433145848144
resnet1d,691,0.32020389249304915,0.038398456343463533,0.1196333815726001,0.034819212211416178,0.14039737541813593
resnet1d,692,0.32066728452270621,0.0383429672447013,0.11946050096339113,0.034778242650597764,0.14028753649970802
resnet1d,693,0.32113067655236333,0.038480038480038427,0.11976911976911976,0.034880962203758949,0.1405643053978394
resnet1d,694,0.32159406858202039,0.038424591738712724,0.11959654178674352,0.034853732508202805,0.14048509010557156
resnet1d,695,0.3220574606116775,0.038369304556354865,0.11942446043165468,0.034812855062838495,0.14037545119869083
resnet1d,696,0.32252085264133457,0.038601532567049755,0.12021072796934866,0.03493178884134035,0.1406887191581879
resnet1d,697,0.32298424467099168,0.038641798182687655,0.1205164992826399,0.034976273173978965,0.14084375368037116
resnet1d,698,0.32344763670064874,0.038681948424068718,0.12082139446036295,0.034964320434977443,0.14079315189089395
resnet1d,699,0.32391102873030586,0.038817358130662803,0.12160228898426324,0.034946720978526684,0.14073240459448955
resnet1d,700,0.32437442075996292,0.038761904761904706,0.12142857142857144,0.034903453489962842,0.14061684219302678
resnet1d,701,0.32483781278962004,0.038706609605325674,0.12125534950071326,0.034867847779259019,0.14052074928315683
resnet1d,702,0.3253012048192771,0.038841405508072122,0.12155745489078823,0.034987123307950049,0.14091871934781261
resnet1d,703,0.32576459684893422,0.038880986249407251,0.12185870080606924,0.035015652652710387,0.14098884111482254
resnet1d,704,0.32622798887859128,0.03882575757575752,0.12168560606060606,0.034973451053812131,0.14087580374334754
resnet1d,705,0.3266913809082484,0.038865248226950304,0.12198581560283689,0.034945460035475197,0.1407939912996414
resnet1d,706,0.32715477293790546,0.038904627006609953,0.12228517469310669,0.035028451239886516,0.14099656795800822
resnet1d,707,0.32761816496756258,0.0388495992456388,0.12211221122112211,0.035002641510276655,0.14092108481596102
resnet1d,708,0.32808155699721964,0.038983050847457575,0.1224105461393597,0.035069296263346157,0.14112174783637363
resnet1d,709,0.32854494902687675,0.039116125999059649,0.12317818523742359,0.035102793670143052,0.14118160731155413
resnet1d,710,0.32900834105653382,0.039154929577464741,0.12347417840375587,0.035145213429534618,0.14129991847092127
resnet1d,711,0.32947173308619093,0.039099859353023854,0.123300515705579,0.035112404058311279,0.14121120786784644
resnet1d,712,0.32993512511584799,0.039232209737827657,0.12406367041198502,0.035131126040267115,0.14123637580021578
resnet1d,713,0.33039851714550511,0.039177185600747955,0.12388966806919122,0.035090691034222181,0.14112985887558127
resnet1d,714,0.33086190917516217,0.039122315592903772,0.12371615312791784,0.035067470874872976,0.14105964145411087
resnet1d,715,0.33132530120481929,0.039067599067599011,0.12354312354312354,0.035034113962478769,0.14097098871416716
resnet1d,716,0.33178869323447635,0.039013035381750411,0.12337057728119181,0.034997143225067695,0.1408730617102609
resnet1d,717,0.33225208526413347,0.039144583914458332,0.12366341236634122,0.035079336648434323,0.14107176999201657
resnet1d,718,0.33271547729379053,0.039182915506035226,0.12395543175487467,0.035119386117233031,0.14116282711427239
resnet1d,719,0.33317886932344765,0.039128419100602628,0.12378303198887342,0.035080347332595824,0.14106054252587
resnet1d,720,0.33364226135310471,0.039074074074074018,0.12361111111111112,0.035071159489101056,0.14102056013656281
resnet1d,721,0.33410565338276182,0.039019879796578776,0.12343966712898752,0.035030621911505029,0.14091460940934533
resnet1d,722,0.33456904541241889,0.039150507848568737,0.12373037857802401,0.035130006819744888,0.14116677485286622
resnet1d,723,0.33503243744207606,0.039280774550484038,0.12402028584601199,0.035257556580382744,0.14167142801773702
resnet1d,724,0.33549582947173312,0.039226519337016513,0.12384898710865562,0.035222355896288721,0.14157918166664776
resnet1d,725,0.33595922150139018,0.039448275862068907,0.1245977011494253,0.035381569809197655,0.14197819655649843
resnet1d,726,0.33642261353104724,0.039393939393939335,0.12442607897153352,0.035356096716653025,0.14190430204455448
resnet1d,727,0.33688600556070436,0.039614855570838998,0.12517193947730398,0.035543435076644266,0.14250341148341658
resnet1d,728,0.33734939759036142,0.039743589743589686,0.12591575091575091,0.035687946908741823,0.14312652279966412
resnet1d,729,0.33781278962001854,0.039871970736168209,0.12620027434842249,0.03582116518287444,0.14358607999058862
resnet1d,730,0.3382761816496756,0.039908675799086697,0.12648401826484021,0.035796187245551163,0.14351136597165559
resnet1d,731,0.33873957367933266,0.039854081167350598,0.12631098951208389,0.035758461194166341,0.14341134471772674
resnet1d,732,0.33920296570898972,0.039799635701274982,0.12613843351548271,0.035718828805375059,0.14330662985008483
resnet1d,733,0.3396663577386469,0.039927239654388297,0.12687585266030013,0.035712836541731983,0.14327193243488123
resnet1d,734,0.34012974976830401,0.039872842870118018,0.12670299727520437,0.035674294529582262,0.14317215781320944
resnet1d,735,0.34059314179796107,0.039818594104308332,0.12653061224489795,0.035636921384718911,0.14307480532848327
resnet1d,736,0.34105653382761819,0.039764492753623128,0.12635869565217392,0.035594677303337104,0.14296409869711368
resnet1d,737,0.34151992585727525,0.039891451831750281,0.12663952962460423,0.035679917943637861,0.14316435729014587
resnet1d,738,0.34198331788693243,0.040018066847335075,0.12691960252935863,0.035824413128116663,0.1436743026968812
resnet1d,739,0.34244670991658949,0.039963915200721636,0.12674785746504286,0.035792742485360449,0.14358859316954262
resnet1d,740,0.34291010194624655,0.040180180180180117,0.12747747747747748,0.03591543344292495,0.14395852962503045
resnet1d,741,0.34337349397590361,0.040125955915429536,0.12730544309491676,0.035875759004948687,0.14385576866581209
resnet1d,742,0.34383688600556073,0.040161725067385384,0.12758310871518419,0.035872158347437712,0.14382923772177492
resnet1d,743,0.34430027803521779,0.040466576940331928,0.12875729026469271,0.036082998296758088,0.14439825634999101
resnet1d,744,0.34476367006487491,0.040412186379928251,0.12858422939068101,0.036043807747011651,0.14429733578649884
resnet1d,745,0.34522706209453197,0.040536912751677791,0.12930648769574943,0.036081038376230556,0.14435124488855169
resnet1d,746,0.34569045412418903,0.040571939231456598,0.12957998212689903,0.036109983525215487,0.14442745899423823
resnet1d,747,0.34615384615384609,0.04051762605979467,0.12940651494868363,0.036107767138120056,0.14440354021100485
resnet1d,748,0.34661723818350326,0.040463458110516874,0.12923351158645277,0.03606761129697094,0.14430030695988671
resnet1d,749,0.34708063021316032,0.040409434801958105,0.12906097018246551,0.036028104622027067,0.1441987831659752
resnet1d,750,0.34754402224281744,0.040355555555555492,0.12888888888888889,0.035991348925710043,0.14410216662752109
resnet1d,751,0.3480074142724745,0.040479360852197006,0.12916111850865511,0.036066594943761222,0.14427467497356575
resnet1d,752,0.34847080630213162,0.040425531914893557,0.12898936170212763,0.036028820443412678,0.14417740852890518
resnet1d,753,0.34893419833178868,0.040548915449313792,0.12926073483842407,0.036126946037632675,0.1444265794410784
resnet1d,754,0.34939759036144585,0.040671971706454396,0.129973474801061,0.036244777871940324,0.14472992974986873
resnet1d,755,0.34986098239110291,0.040971302428256001,0.13068432671081678,0.036470501681192896,0.14530111309275995
resnet1d,756,0.35032437442075998,0.040917107583774183,0.13051146384479717,0.03643528162352002,0.14520988525038481
resnet1d,757,0.35078776645041704,0.040951122853368493,0.13077939233817701,0.036404060425955925,0.14512891636569034
resnet1d,758,0.35125115848007415,0.040897097625329754,0.13060686015831136,0.036366456172608294,0.14503293866352432
resnet1d,759,0.35171455050973122,0.040843214756258163,0.13043478260869565,0.036328509518546437,0.14493719436320418
resnet1d,760,0.35217794253938833,0.041140350877192915,0.131140350877193,0.036577748209923266,0.14567763041629625
resnet1d,761,0.35264133456904539,0.041349102058694631,0.13184406482698205,0.036720628978900237,0.14603634328807999
resnet1d,762,0.35310472659870246,0.041294838145231778,0.13167104111986003,0.0366852810127139,0.14594630095849137
resnet1d,763,0.35356811862835952,0.041240716470074205,0.13149847094801223,0.036648635186071192,0.14585374749402513
resnet1d,764,0.35403151065801669,0.041535776614310578,0.13219895287958114,0.036859411240832092,0.14638741898209059
resnet1d,765,0.35449490268767375,0.041481481481481418,0.13202614379084965,0.036824276311908093,0.14629822819716379
resnet1d,766,0.35495829471733087,0.041514360313315866,0.13228894691035684,0.03686488961831421,0.14646312347937768
resnet1d,767,0.35542168674698793,0.041720990873533183,0.13342025206431984,0.036996305758289931,0.14688178908713653
resnet1d,768,0.35588507877664505,0.041840277777777712,0.13411458333333334,0.037079804767896636,0.14714361918980035
resnet1d,769,0.35634847080630211,0.041959254442999507,0.13437364542696142,0.03713255183116395,0.14739558514876999
resnet1d,770,0.35681186283595928,0.041904761904761841,0.13419913419913418,0.037101437508480599,0.14731436092450487
resnet1d,771,0.35727525486561634,0.042109814094249826,0.13445741461305663,0.037265694937399813,0.14777030625604923
resnet1d,772,0.3577386468952734,0.042141623488773684,0.13471502590673576,0.037292912042500299,0.14783040627979227
resnet1d,773,0.35820203892493047,0.042087106511427275,0.13454075032341525,0.037288773951115163,0.14780419589420987
resnet1d,774,0.35866543095458758,0.042204995693367726,0.13479758828596036,0.037375298507486075,0.1480069979257311
resnet1d,775,0.35912882298424464,0.042150537634408541,0.13462365591397848,0.037344786562536335,0.14792800647343771
resnet1d,776,0.35959221501390176,0.042182130584192373,0.13487972508591065,0.037368530144385181,0.14797754854141015
resnet1d,777,0.36005560704355882,0.042213642213642155,0.13513513513513511,0.037421155547653441,0.14811802308111918
resnet1d,778,0.36051899907321588,0.04241645244215933,0.1358183376178235,0.037498882567359192,0.14830815070390257
resnet1d,779,0.36098239110287306,0.042533162173726935,0.13649978605049209,0.037560473706721713,0.14844513218405006
resnet1d,780,0.36144578313253012,0.042478632478632421,0.13632478632478634,0.037526518378888013,0.14835903321259458
resnet1d,781,0.36190917516218724,0.0425096030729833,0.1365770379854887,0.037563907169925019,0.14850205424120813
resnet1d,782,0.3623725671918443,0.042540494458652968,0.13682864450127877,0.037579277233161366,0.14853143558917259
resnet1d,783,0.36283595922150141,0.04265644955300122,0.13707960834397614,0.037673265794027029,0.14878803368657764
resnet1d,784,0.36329935125115848,0.042772108843537354,0.13732993197278912,0.037776763372460671,0.14911557754246099
resnet1d,785,0.36376274328081565,0.042972399150743044,0.13800424628450106,0.037918263494215197,0.14949042999942166
resnet1d,786,0.36422613531047271,0.043087362171331578,0.13825275657336725,0.038028716126629336,0.14987686985785845
resnet1d,787,0.36468952734012977,0.043032613299449331,0.13807708598051674,0.03799210757805712,0.14978608507696856
resnet1d,788,0.36515291936978683,0.043147208121827353,0.1383248730964467,0.038081809636858414,0.1500244388322545
resnet1d,789,0.36561631139944395,0.043346007604562677,0.13899450781580058,0.038203187902896722,0.15041702649663188
resnet1d,790,0.36607970342910101,0.043291139240506281,0.13881856540084389,0.038166343770848619,0.15032442183838432
resnet1d,791,0.36654309545875813,0.043404972608512372,0.1390644753476612,0.038245317178028961,0.15052154175612217
resnet1d,792,0.36700648748841519,0.043350168350168285,0.13888888888888887,0.038205477328092138,0.15042191034194374
resnet1d,793,0.36746987951807225,0.043295502311895696,0.13871374527112232,0.038181776436102877,0.15035697507019571
resnet1d,794,0.36793327154772931,0.043408900083963003,0.13895885810243491,0.038270744558444598,0.15058943009850531
resnet1d,795,0.36839666357738649,0.043438155136268287,0.13920335429769393,0.038303198696287545,0.1506967410450763
resnet1d,796,0.36886005560704355,0.043551088777219367,0.13944723618090452,0.03836972685644327,0.15085156778869566
resnet1d,797,0.36932344763670066,0.043496445002091121,0.13927227101631115,0.038341070301848405,0.15077597264295739
resnet1d,798,0.36978683966635773,0.043441938178780226,0.13909774436090225,0.03830673776673052,0.15069011052663042
resnet1d,799,0.37025023169601484,0.043387567793074622,0.13892365456821024,0.038281479801275116,0.1506225220619537
resnet1d,800,0.3707136237256719,0.043416666666666603,0.13916666666666669,0.038283917979713679,0.15061508463238588
resnet1d,801,0.37117701575532908,0.04352892218060752,0.13940907199334165,0.038357782817689423,0.15079122707986373
resnet1d,802,0.37164040778498614,0.043474646716541922,0.13923524522028263,0.038319156197041272,0.1506956501124396
resnet1d,803,0.3721037998146432,0.043503528435035223,0.13947696139476962,0.038353212641685869,0.15077916375333897
resnet1d,804,0.37256719184430026,0.043532338308457659,0.13971807628524047,0.038410754466721993,0.15101978035391092
resnet1d,805,0.37303058387395738,0.043643892339544459,0.13995859213250519,0.038518691932678706,0.15132605329735438
resnet1d,806,0.37349397590361444,0.043589743589743539,0.13978494623655913,0.03848984535187628,0.15125170911458172
resnet1d,807,0.37395736793327156,0.043535729037587727,0.1396117306897976,0.038463261434386227,0.15118420256566298
resnet1d,808,0.37442075996292862,0.043646864686468591,0.14026402640264027,0.038552232032183921,0.1513789084938445
resnet1d,809,0.37488415199258568,0.043592913061392617,0.14009064688916359,0.038516817011007738,0.15129047006238586
resnet1d,810,0.37534754402224274,0.043703703703703654,0.14074074074074072,0.038514007229472347,0.15126939192345049
resnet1d,811,0.37581093605189991,0.043649815043156549,0.14056720098643652,0.038485954716075715,0.15119790206268061
resnet1d,812,0.37627432808155697,0.04376026272577991,0.14080459770114942,0.038554218359776689,0.15135681183607519
resnet1d,813,0.37673772011121409,0.0437064370643706,0.14063140631406312,0.038519315816991771,0.15127108421633481
resnet1d,814,0.37720111214087115,0.043652743652743603,0.14045864045864045,0.03849865214948104,0.15121728197817874
resnet1d,815,0.37766450417052827,0.043762781186094023,0.1411042944785276,0.038546958284020209,0.15134912179363871
resnet1d,816,0.37812789620018533,0.043954248366013027,0.14174836601307192,0.038716274227826232,0.15191230964880559
resnet1d,817,0.3785912882298425,0.043900448796409586,0.14157486740106079,0.038689923630228287,0.15184692402183009
resnet1d,818,0.37905468025949957,0.043846780766096126,0.14140179299103503,0.038660096321277961,0.15177126112902797
resnet1d,819,0.37951807228915663,0.043793243793243751,0.14122914122914124,0.038622764462260144,0.15167980569902775
resnet1d,820,0.37998146431881369,0.043821138211382067,0.14146341463414636,0.038604672671880703,0.15162730251896459
resnet1d,821,0.38044485634847081,0.043848964677222858,0.14169711733658141,0.038593404460138911,0.15159035821962133
resnet1d,822,0.38090824837812792,0.043876723438767196,0.14193025141930252,0.038625405207164544,0.15167110415290699
resnet1d,823,0.38137164040778498,0.044066423653300886,0.14256784123126773,0.038740476177293148,0.15193689044411957
resnet1d,824,0.38183503243744205,0.044012944983818726,0.14239482200647249,0.038704960747142525,0.15184994361784768
resnet1d,825,0.38229842446709911,0.043959595959595921,0.14222222222222222,0.038667269918791741,0.15175831638147702
resnet1d,826,0.38276181649675628,0.044067796610169442,0.14245359160613399,0.0387481248503024,0.15196858975812352
resnet1d,827,0.38322520852641334,0.044336960902861711,0.14349052801289802,0.038950528959601348,0.15259013377361921
resnet1d,828,0.38368860055607046,0.044283413848631194,0.14331723027375201,0.03891592331159336,0.15250498153514347
resnet1d,829,0.38415199258572752,0.044471250502613552,0.14354644149577803,0.039065198812649499,0.15290900963168338
resnet1d,830,0.38461538461538464,0.044658634538152574,0.14457831325301207,0.039123911049956474,0.15305227990722411
resnet1d,831,0.3850787766450417,0.044685118331327683,0.14480545527476935,0.039098180545818602,0.15298638094819664
resnet1d,832,0.38554216867469887,0.044711538461538435,0.14503205128205129,0.039104319446204329,0.15299109793584256
resnet1d,833,0.38600556070435593,0.044737895158063194,0.14525810324129651,0.03913976707522962,0.15312395708093499
resnet1d,834,0.38646895273401299,0.044764188649080695,0.14548361310951238,0.039180842415125629,0.15332689907344496
resnet1d,835,0.38693234476367006,0.0448702594810379,0.14570858283433133,0.039260993634825707,0.1535389605848215
resnet1d,836,0.38739573679332717,0.044896331738436969,0.145933014354067,0.039244910679884192,0.15349144522903105
resnet1d,837,0.38785912882298423,0.044922341696535216,0.14615690959776981,0.039273816329149495,0.15357583717523662
resnet1d,838,0.38832252085264135,0.045186953062848027,0.14717581543357203,0.039443537206686641,0.1540818781866071
resnet1d,839,0.38878591288229841,0.045371473976956671,0.14779499404052443,0.039577057251212355,0.15451694838852362
resnet1d,840,0.38924930491195547,0.045396825396825373,0.14801587301587302,0.039569187355244444,0.15448708647020368
resnet1d,841,0.38971269694161254,0.045342845818470041,0.14783987316686484,0.039540668567243913,0.15441725092656702
resnet1d,842,0.39017608897126971,0.045368171021377642,0.1480601741884402,0.039556898339940978,0.15445138274197437
resnet1d,843,0.39063948100092677,0.045472518782127297,0.14827995255041518,0.039615573751279352,0.15458000585430903
resnet1d,844,0.39110287303058389,0.045655608214849895,0.14889415481832544,0.039773133928878796,0.15508868127987863
resnet1d,845,0.39156626506024095,0.045601577909270191,0.14871794871794872,0.039755331900456166,0.15503979813532134
resnet1d,846,0.39202965708989806,0.045547675334909353,0.14854215918045705,0.039719597507448169,0.15495459911151716
resnet1d,847,0.39249304911955513,0.045493900039354558,0.14836678473042109,0.039686182822881597,0.15487294518530578
resnet1d,848,0.3929564411492123,0.045597484276729543,0.14897798742138366,0.039767715703103557,0.15516086503070659
resnet1d,849,0.39341983317886936,0.045700824499411048,0.14958775029446406,0.039799289309887381,0.15524237176404457
resnet1d,850,0.39388322520852642,0.045882352941176457,0.14980392156862746,0.039959145388674747,0.15567204863832543
resnet1d,851,0.39434661723818348,0.045828437132784942,0.14962788875832353,0.039943831657175487,0.15562731632135735
resnet1d,852,0.3948100092678406,0.046087636932707343,0.1506259780907668,0.040163976792172061,0.15630574644470993
resnet1d,853,0.39527340129749766,0.046424384525205142,0.15123094958968347,0.04040938526819559,0.15697686676724207
resnet1d,854,0.39573679332715478,0.046604215456674453,0.15183450429352066,0.040557434438123922,0.15742336855926456
resnet1d,855,0.39620018535681184,0.046549707602339167,0.15165692007797271,0.040520397836942806,0.15733458082823856
resnet1d,856,0.3966635773864689,0.046651090342679113,0.15186915887850463,0.040602825123358735,0.15755499670291684
resnet1d,857,0.39712696941612596,0.046674445740956805,0.15208090237261765,0.040638616058405845,0.15767229460488047
resnet1d,858,0.39759036144578314,0.046775446775446761,0.15229215229215229,0.040696247110235111,0.15780125625938299
resnet1d,859,0.3980537534754402,0.046720993403181976,0.15211486224291812,0.040660391892962215,0.15771491928109882
resnet1d,860,0.39851714550509731,0.046821705426356573,0.15232558139534885,0.040727374890268786,0.15790195120405162
resnet1d,861,0.39898053753475438,0.046844754161827318,0.15253581107239644,0.040748120449791266,0.157951760764791
resnet1d,862,0.39944392956441149,0.046867749419953586,0.15274555297757156,0.040811254993083912,0.15811870791705865
resnet1d,863,0.39990732159406855,0.046890691386635756,0.15295480880648901,0.040830129879807116,0.15817015851267502
resnet1d,864,0.40037071362372573,0.047067901234567888,0.15354938271604937,0.040962639912320895,0.15853645631046245
resnet1d,865,0.40083410565338279,0.04701348747591521,0.15337186897880539,0.040927925551643145,0.15845331024261886
resnet1d,866,0.40129749768303985,0.047113163972286369,0.15396458814472672,0.040968648182615329,0.1585415492386619
resnet1d,867,0.40176088971269697,0.047058823529411757,0.15378700499807765,0.040931648853600899,0.15845267043343583
resnet1d,868,0.40222428174235403,0.04715821812596005,0.15399385560675882,0.040985724843893144,0.15857197501449857
resnet1d,869,0.40268767377201115,0.04718066743383198,0.15420023014959724,0.040967061060122316,0.15852187167801304
resnet1d,870,0.40315106580166821,0.047356321839080451,0.15478927203065132,0.041056779080189426,0.15878109387684017
resnet1d,871,0.40361445783132527,0.04737849215461154,0.1549942594718714,0.041045871893954013,0.15874745755983286
resnet1d,872,0.40407784986098233,0.047553516819571852,0.15558103975535167,0.041106483276751558,0.15896839515301919
resnet1d,873,0.4045412418906395,0.047499045437189767,0.1554028255059183,0.041076348266066799,0.1588952872782852
resnet1d,874,0.40500463392029656,0.047520976353928296,0.15560640732265443,0.041093774914627262,0.15892039592927115
resnet1d,875,0.40546802594995368,0.047542857142857137,0.15580952380952381,0.041110323203007566,0.15895568597242446
resnet1d,876,0.40593141797961074,0.047869101978691014,0.15677321156773213,0.04130888689676241,0.15942605506570284
resnet1d,877,0.40639481000926786,0.04804256936526035,0.15735461801596351,0.041373854719934662,0.15956464372043644
resnet1d,878,0.40685820203892492,0.048139711465451783,0.15793470007593013,0.041410216108067777,0.15965435551583329
resnet1d,879,0.40732159406858209,0.048084945013272651,0.15775502464922261,0.041372797719548875,0.15956496549486596
resnet1d,880,0.40778498609823915,0.048030303030303027,0.15757575757575756,0.041335828848776929,0.15947753964793313
resnet1d,881,0.40824837812789622,0.048051456678017405,0.15777525539160045,0.041327245415486789,0.15944821940139109
resnet1d,882,0.40871177015755328,0.048148148148148141,0.15797430083144368,0.041414900622921844,0.1596614063157111
resnet1d,883,0.4091751621872104,0.048244620611551527,0.15855039637599097,0.041428288804215473,0.159683930411014
resnet1d,884,0.40963855421686746,0.048416289592760176,0.15912518853695326,0.041551017544472955,0.15999988165370713
resnet1d,885,0.41010194624652457,0.048512241054613936,0.1593220338983051,0.041619833916947631,0.16016377252389946
resnet1d,886,0.41056533827618164,0.048607975921745677,0.15989465763732127,0.041673085054635295,0.1603043852226789
resnet1d,887,0.4110287303058387,0.048778654641112362,0.16046599022923713,0.041811760758157339,0.16074777198324239
resnet1d,888,0.41149212233549576,0.048723723723723723,0.16028528528528529,0.041779352339942011,0.16067084024265324
resnet1d,889,0.41195551436515293,0.048818897637795282,0.16085489313835769,0.041785577333768309,0.16067454198019193
resnet1d,890,0.41241890639480999,0.049063670411985012,0.16142322097378278,0.041969410130064312,0.16116500494171701
resnet1d,891,0.41288229842446711,0.049083426861204649,0.16161616161616163,0.041997591411141767,0.16125891207879792
resnet1d,892,0.41334569045412417,0.049177877428998512,0.1618086696562033,0.042084254318695259,0.1615726090342908
resnet1d,893,0.41380908248378129,0.049122807017543867,0.1616274729376633,0.042051994270128769,0.16149563491917904
resnet1d,894,0.41427247451343835,0.049291573452647286,0.1621923937360179,0.042147317783114986,0.16171395662642715
resnet1d,895,0.41473586654309552,0.049310986964618254,0.16238361266294227,0.042124731180778675,0.16165843874305069
resnet1d,896,0.41519925857275258,0.049330357142857155,0.16257440476190474,0.042099519188245421,0.16159428035129642
resnet1d,897,0.41566265060240964,0.049349684132292827,0.16276477146042365,0.042128192626826377,0.16171330362034639
resnet1d,898,0.41612604263206671,0.049443207126948781,0.16332590942835931,0.04216478357138103,0.16179283238335923
resnet1d,899,0.41658943466172382,0.049388209121245835,0.16314423433444569,0.042131658414062599,0.16171433991731601
resnet1d,900,0.41705282669138088,0.04933333333333334,0.16296296296296298,0.042097782785953143,0.16163498877511151
resnet1d,901,0.417516218721038,0.049278579356270814,0.16278209396966334,0.042070571321853288,0.16156939384808733
resnet1d,902,0.41797961075069506,0.049445676274944582,0.16334072431633409,0.042131535239022737,0.16169034326182663
resnet1d,903,0.41844300278035212,0.049464747139165745,0.16352897748246584,0.042136080525628311,0.16169353462694652
resnet1d,904,0.41890639481000919,0.049557522123893812,0.16408554572271386,0.042160416574345529,0.16173616168618185
resnet1d,905,0.41936978683966636,0.04965009208103132,0.16427255985267034,0.042195215312317423,0.1618498984697623
resnet1d,906,0.41983317886932342,0.04959529065489332,0.16409124356144222,0.042164879117760394,0.1617786369610883
resnet1d,907,0.42029657089898054,0.049614112458654915,0.16427783902976847,0.04220644420937552,0.16193435986593638
resnet1d,908,0.42075996292863765,0.049706314243759188,0.16446402349486053,0.042258486296616486,0.16204878629818947
resnet1d,909,0.42122335495829472,0.049798313164649805,0.16464979831316465,0.042321964949375866,0.16220785715973637
resnet1d,910,0.42168674698795189,0.049890109890109911,0.16483516483516483,0.042386529928848622,0.16234409076443365
resnet1d,911,0.42215013901760895,0.049835345773874877,0.16465422612513722,0.042361357285377509,0.16228562690601123
resnet1d,912,0.42261353104726601,0.049780701754385981,0.1644736842105263,0.042330664469072014,0.16221391550546438
resnet1d,913,0.42307692307692307,0.049726177437020819,0.16429353778751368,0.042298049047623187,0.1621381469355303
resnet1d,914,0.42354031510658019,0.049744711889132036,0.16447848285922684,0.042343478800630531,0.16226140881437406
resnet1d,915,0.42400370713623725,0.049836065573770509,0.16502732240437157,0.042370419097282529,0.16231420971894589
resnet1d,916,0.42446709916589437,0.04992721979621545,0.16521106259097526,0.042438470551858849,0.1625546295124376
resnet1d,917,0.42493049119555143,0.049872773536895683,0.16503089785532535,0.042407624220474727,0.16248339788138624
resnet1d,918,0.42539388322520849,0.049818445896877284,0.16485112563543938,0.042377041086211265,0.16241200875618686
resnet1d,919,0.42585727525486555,0.049981864345302884,0.16539717083786723,0.042463600828312166,0.16264880251565825
resnet1d,920,0.42632066728452273,0.049927536231884069,0.16521739130434784,0.042454814076203877,0.16262292160569491
resnet1d,921,0.42678405931417979,0.049873326094824477,0.16503800217155265,0.042419395516548948,0.16254069126875809
resnet1d,922,0.4272474513438369,0.049963846710050629,0.16522053506869125,0.042493492325594455,0.16275522043532201
resnet1d,923,0.42771084337349397,0.050126399422174082,0.16612495485734924,0.042584321935699478,0.16294919711887779
resnet1d,924,0.42817423540315108,0.050144300144300158,0.16630591630591632,0.042614537615850538,0.16307556627930808
resnet1d,925,0.42863762743280814,0.05030630630630633,0.16684684684684684,0.042728859803829754,0.1633700206315038
resnet1d,926,0.42910101946246532,0.050251979841612691,0.16666666666666666,0.042694922206958606,0.16329167405953279
resnet1d,927,0.42956441149212238,0.050341603739662011,0.16684645810859403,0.042764757402565766,0.16347913418450769
resnet1d,928,0.43002780352177944,0.050502873563218399,0.16702586206896552,0.042872399415376884,0.16378234681277579
resnet1d,929,0.4304911955514365,0.050520272694653763,0.16720487979906709,0.042899236762015902,0.16387924057695338
resnet1d,930,0.43095458758109362,0.050537634408602171,0.16738351254480288,0.042902192098116181,0.16388148493829421
resnet1d,931,0.43141797961075068,0.050483351235230955,0.16720372359470104,0.042867558338165745,0.16380147556791336
resnet1d,932,0.4318813716404078,0.050429184549356243,0.16702432045779683,0.042853543809148527,0.16376377881755921
resnet1d,933,0.43234476367006486,0.05058949624866025,0.16755984280100036,0.042983014839020013,0.16415449962462733
resnet1d,934,0.43280815569972192,0.050606709493219153,0.16773733047822983,0.04297964676001393,0.16414000274471152
resnet1d,935,0.43327154772937898,0.050695187165775424,0.16791443850267376,0.043065928453272319,0.16442074891537981
resnet1d,936,0.43373493975903615,0.050783475783475807,0.16844729344729345,0.043152604980570865,0.16468348695396115
resnet1d,937,0.43419833178869321,0.050800426894343685,0.16862326574172892,0.0431767494893451,0.16476392933885523
resnet1d,938,0.43466172381835033,0.050746268656716442,0.16844349680170576,0.043160036024960248,0.16472057746464508
resnet1d,939,0.43512511584800739,0.050763223287184973,0.16861909833155839,0.043200736079244323,0.16485115980477544
resnet1d,940,0.43558850787766451,0.050992907801418463,0.16914893617021276,0.043385848911876225,0.16541724575605274
resnet1d,941,0.43605189990732157,0.05108041091037905,0.16932341480694299,0.043456170505808939,0.16561005116176944
resnet1d,942,0.43651529193697874,0.051096956829440932,0.16949752300070772,0.043459675258792206,0.16561365859464539
resnet1d,943,0.43697868396663581,0.051113467656415723,0.16967126193001061,0.043494337123521028,0.16569415201729384
resnet1d,944,0.43744207599629287,0.051129943502824883,0.16984463276836159,0.043499464252194774,0.16569570186703697
resnet1d,945,0.43790546802594993,0.051075837742504432,0.16966490299823633,0.043480824099482368,0.16564756002729389
resnet1d,946,0.43836886005560705,0.051021846370683605,0.16948555320648342,0.043448306820401426,0.16557131522151652
resnet1d,947,0.43883225208526411,0.050967969024991226,0.16930658218936992,0.043418511467023968,0.16550301057043115
resnet1d,948,0.43929564411492122,0.051125175808720141,0.16983122362869199,0.043531426970402715,0.16585607729422047
resnet1d,949,0.43975903614457829,0.051141552511415556,0.1700035124692659,0.04350554442946717,0.16579341243748116
resnet1d,950,0.44022242817423535,0.051228070175438623,0.17017543859649123,0.04358217586470866,0.16598214217013918
resnet1d,951,0.44068582020389252,0.051174202593760987,0.16999649491763058,0.043561288144143673,0.16593095941217442
resnet1d,952,0.44114921223354958,0.051260504201680705,0.17051820728291314,0.043594881595176667,0.16601128840848645
resnet1d,953,0.4416126042632067,0.051416579223504753,0.17103882476390345,0.043655026796916165,0.16614945734721073
resnet1d,954,0.44207599629286376,0.05157232704402518,0.1715583508036338,0.043773616580918162,0.16649603417879896
resnet1d,955,0.44253938832252088,0.051588132635253081,0.1717277486910995,0.043795109084668542,0.16656249030345099
resnet1d,956,0.44300278035217794,0.051673640167364053,0.17189679218967924,0.043869837673618302,0.16678140964841071
resnet1d,957,0.44346617238183511,0.051689306861720685,0.17206548241030997,0.043882498746538823,0.166802198392243
resnet1d,958,0.44392956441149217,0.051704940848990986,0.17223382045929017,0.043908377050206719,0.16689686828186293
resnet1d,959,0.44439295644114923,0.051929092805005239,0.17274939172749393,0.044056281750824343,0.16725411147606292
resnet1d,960,0.4448563484708063,0.051875000000000039,0.17256944444444444,0.044021963058560286,0.16717565310401464
resnet1d,961,0.44531974050046341,0.051821019771071834,0.17238987166146372,0.04399777598336943,0.16711783640306868
resnet1d,962,0.44578313253012047,0.051836451836451865,0.17255717255717259,0.043998152601276506,0.16711324470267944
resnet1d,963,0.44624652455977759,0.051782623745240598,0.17237798546209762,0.043965646609656385,0.16703867854083962
resnet1d,964,0.44670991658943465,0.051867219917012486,0.17289073305670818,0.043967864684769299,0.16703617557891062
resnet1d,965,0.44717330861909171,0.052020725388601065,0.17340241796200342,0.044020149031167445,0.16715476731312959
resnet1d,966,0.44763670064874878,0.052035886818495546,0.173567977915804,0.044008401818119776,0.16712504603867906
resnet1d,967,0.44810009267840595,0.052051016890727365,0.17373319544984489,0.04399158131609069,0.16708284788097147
resnet1d,968,0.44856348470806301,0.052203856749311328,0.17424242424242423,0.044086844154826811,0.16731519672059222
resnet1d,969,0.44902687673772013,0.052287581699346442,0.17475060199518402,0.044128257109283843,0.16747068130142317
resnet1d,970,0.44949026876737719,0.052233676975945054,0.17457044673539521,0.044095498599498663,0.16739636633697819
resnet1d,971,0.4499536607970343,0.052385856505321016,0.17507723995880534,0.044206912576841444,0.16767809928862076
resnet1d,972,0.45041705282669137,0.052537722908093325,0.17558299039780523,0.044251357319741204,0.1677703747262661
resnet1d,973,0.45088044485634854,0.052757793764988049,0.17643028434395344,0.044372028906235761,0.16806548019172607
resnet1d,974,0.4513438368860056,0.052703627652292993,0.17624914442162901,0.044353190177285388,0.1680216895295519
resnet1d,975,0.45180722891566266,0.052717948717948764,0.1764102564102564,0.044378593680170698,0.16813436027763559
resnet1d,976,0.45227062094531972,0.052868852459016437,0.1769125683060109,0.044410539287050348,0.16819656824755927
resnet1d,977,0.45273401297497684,0.052814738996929421,0.17673149095871712,0.0443848449109654,0.16813674095388231
resnet1d,978,0.4531974050046339,0.052828902522154102,0.17689161554192231,0.044420775308662321,0.16825887642520643
resnet1d,979,0.45366079703429102,0.052774940415389902,0.17671092951991829,0.044385634951452112,0.16817911579369746
resnet1d,980,0.45412418906394808,0.052789115646258544,0.1768707482993197,0.044401506452033508,0.16820660657369182
resnet1d,981,0.45458758109360514,0.05280326197757395,0.17703024125042474,0.044435113763009043,0.1683062024259521
resnet1d,982,0.4550509731232622,0.052953156822810633,0.17752885268160221,0.044538667823685645,0.1686445706815336
resnet1d,983,0.45551436515291938,0.053170566293658912,0.17836554764326892,0.044660410681104858,0.16893495691619329
resnet1d,984,0.45597775718257644,0.053319783197832031,0.17886178861788618,0.044727664309706837,0.16909532557421561
resnet1d,985,0.45644114921223355,0.053401015228426441,0.17935702199661588,0.044742915620364199,0.16913026704940573
resnet1d,986,0.45690454124189062,0.053549695740365166,0.17985125084516565,0.044871473638322217,0.16950966348818627
resnet1d,987,0.45736793327154773,0.053698074974670773,0.18034447821681865,0.044989940867664557,0.16984395572025482
resnet1d,988,0.45783132530120479,0.053643724696356331,0.18016194331983806,0.044954484104325489,0.16976382455909078
resnet1d,989,0.45829471733086197,0.053724300640377538,0.18065385911695317,0.044951422022884026,0.16974960352820409
resnet1d,990,0.45875810936051903,0.053737373737373785,0.18080808080808078,0.044931819469874568,0.16970216339682986
resnet1d,991,0.45922150139017609,0.053683148335015196,0.18062563067608475,0.04489660658350892,0.16962298350226823
resnet1d,992,0.45968489341983315,0.053696236559139833,0.18077956989247312,0.044872845836135627,0.16956877803446546
resnet1d,993,0.46014828544949027,0.053709298422289414,0.18093319906008729,0.044879636832587992,0.16958258479724866
resnet1d,994,0.46061167747914739,0.053722334004024201,0.18108651911468812,0.044864628881818809,0.16954785315645093
resnet1d,995,0.46107506950880445,0.053802345058626522,0.18123953098827472,0.044928981799919804,0.16971476116720771
resnet1d,996,0.46153846153846151,0.053815261044176756,0.18139223560910309,0.044955935159718928,0.16981396489583855
resnet1d,997,0.46200185356811857,0.053895018388498889,0.18187897024406552,0.044998569277032822,0.16991171370541944
resnet1d,998,0.46246524559777574,0.05404141616566472,0.18236472945891782,0.04513316226624723,0.17028782781360041
resnet1d,999,0.4629286376274328,0.053987320653987377,0.18218218218218218,0.045108713018365769,0.17023154902586771
resnet1d,1000,0.46339202965708992,0.054200000000000061,0.18299999999999997,0.045274067171906018,0.17074645455760895
resnet1d,1001,0.46385542168674698,0.054145854145854211,0.18281718281718282,0.045241960371174249,0.17067547153657073
resnet1d,1002,0.4643188137164041,0.05429141716566873,0.18330006653359945,0.045334901063219302,0.17093292575036045
resnet1d,1003,0.46478220574606116,0.054370222665337385,0.18378198737121967,0.045350553815064122,0.17095876385227235
resnet1d,1004,0.46524559777571833,0.054382470119521971,0.1839309428950863,0.045345380804693684,0.17094247314629807
resnet1d,1005,0.4657089898053754,0.054527363184079664,0.18441127694859039,0.045435084288124768,0.17116836093315943
resnet1d,1006,0.46617238183503246,0.05453943008614983,0.18455931080185553,0.045412967921217677,0.1711169979521292
resnet1d,1007,0.46663577386468952,0.054617676266137109,0.18470705064548162,0.045462033940358547,0.1712319776717677
resnet1d,1008,0.46709916589434664,0.054761904761904824,0.1851851851851852,0.045540071955436058,0.17140802983556325
resnet1d,1009,0.4675625579240037,0.054707631318136829,0.18500165180046249,0.04551221749848159,0.17134514177197657
resnet1d,1010,0.46802594995366081,0.054851485148514921,0.18580858085808583,0.045629021383921192,0.17180646549888237
resnet1d,1011,0.46848934198331788,0.054995054401582665,0.18628420705572038,0.045748072344970449,0.17216853742621371
resnet1d,1012,0.46895273401297494,0.054940711462450657,0.18610013175230566,0.045729641156324823,0.17212489574355669
resnet1d,1013,0.469416126042632,0.055149720302731235,0.18690358670615334,0.045815014531798377,0.17231045541679055
resnet1d,1014,0.46987951807228917,0.055095332018409014,0.18671926364234057,0.045789840922416301,0.1722532963341811
resnet1d,1015,0.47034291010194623,0.055041050903119941,0.18653530377668306,0.045758883454045975,0.17218502348246215
resnet1d,1016,0.47080630213160335,0.054986876640420013,0.18635170603674542,0.0457441994459735,0.17214850212623292
resnet1d,1017,0.47126969416126041,0.055063913470993181,0.18649623074401836,0.045826156038503464,0.17241258712691587
resnet1d,1018,0.47173308619091753,0.055140798952193905,0.18696791093647677,0.045854766737336482,0.17248764785972068
resnet1d,1019,0.47219647822057459,0.055217533529604255,0.18743866535819431,0.045842341907538386,0.17245618387905481
resnet1d,1020,0.47265987025023176,0.055163398692810527,0.18725490196078431,0.045808955384409412,0.1723824087814986
resnet1d,1021,0.47312326227988882,0.055370551746653673,0.18805093046033303,0.04592747067512238,0.17268652784219027
resnet1d,1022,0.47358665430954588,0.055512067840835032,0.18851924331376382,0.046008178523363918,0.17288450534276487
resnet1d,1023,0.47405004633920295,0.055522971652003983,0.18866080156402734,0.045992429735854622,0.17284637188297802
resnet1d,1024,0.47451343836886006,0.055598958333333413,0.18880208333333334,0.046041956380327709,0.17296475432895023
resnet1d,1025,0.47497683039851712,0.055804878048780558,0.18926829268292686,0.046191083569407841,0.17334924245348046
resnet1d,1026,0.47544022242817424,0.055815464587394482,0.18940870695256659,0.046176829316225881,0.17331300865226215
resnet1d,1027,0.4759036144578313,0.055890944498539506,0.18954884777669587,0.04625814990508597,0.17357129596522161
resnet1d,1028,0.47636700648748836,0.05596627756160838,0.19001297016861218,0.046322848779419223,0.1737215887637682
resnet1d,1029,0.47683039851714543,0.056171039844509309,0.19080012957563977,0.046428542655541978,0.17396245244210806
resnet1d,1030,0.4772937905468026,0.056310679611650559,0.1912621359223301,0.04652508211396069,0.17420058432232502
resnet1d,1031,0.47775718257645966,0.056320724215971618,0.19139993533785968,0.046544811120987385,0.17425559161673129
resnet1d,1032,0.47822057460611678,0.056395348837209376,0.19186046511627908,0.046569947566986063,0.17433004639017111
resnet1d,1033,0.47868396663577384,0.056534365924491847,0.19232010325911583,0.046643402253147719,0.17454763948844146
resnet1d,1034,0.47914735866543096,0.05660863958736307,0.19277885235332046,0.046627227467926448,0.17450925742150705
resnet1d,1035,0.47961075069508802,0.056553945249597504,0.19259259259259257,0.046608984606721082,0.1744675512549809
resnet1d,1036,0.48007414272474519,0.056563706563706649,0.19272844272844272,0.046603596510706301,0.17445147254718255
resnet1d,1037,0.48053753475440225,0.05650916104146584,0.19254259080681455,0.046569352770665769,0.17437600068813705
resnet1d,1038,0.48100092678405931,0.056647398843930719,0.19299935773924215,0.046642293125201371,0.1745433019855529
resnet1d,1039,0.48146431881371643,0.056657042027590719,0.19313442412576198,0.046639931638743186,0.17453557039788614
resnet1d,1040,0.48192771084337349,0.056730769230769314,0.19326923076923075,0.046686098707634439,0.17464360038718899
resnet1d,1041,0.48239110287303061,0.056740313800832616,0.19340377841818765,0.046708769459054285,0.17469286446793356
resnet1d,1042,0.48285449490268767,0.056749840051183699,0.19353806781829816,0.046732674614802551,0.1747454516894961
resnet1d,1043,0.48331788693234473,0.056759348034515905,0.19367209971236818,0.046772011062520248,0.17492082050114133
resnet1d,1044,0.48378127896200179,0.056832694763729326,0.19412515964240104,0.04682602556801186,0.17503282029253353
resnet1d,1045,0.48424467099165897,0.056905901116427522,0.19457735247208929,0.04686666125846406,0.17517934121380663
resnet1d,1046,0.48470806302131603,0.056915232632249929,0.19471000637348632,0.046882837355010198,0.17520961144970829
resnet1d,1047,0.48517145505097314,0.056924546322827209,0.1948424068767908,0.046904330875282334,0.17525212632959511
resnet1d,1048,0.48563484708063021,0.057061068702290163,0.19529262086513996,0.047029820025205303,0.17560552049599112
resnet1d,1049,0.48609823911028732,0.05700667302192574,0.19510645058786147,0.047015688837984716,0.17557100918285487
resnet1d,1050,0.48656163113994438,0.056952380952381039,0.19492063492063494,0.046999917202025697,0.17553529903923448
resnet1d,1051,0.48702502316960156,0.057025055502695932,0.19505233111322551,0.047027767171557211,0.1755929813660064
resnet1d,1052,0.48748841519925862,0.056970849176172456,0.19486692015209126,0.047005666381531107,0.17554295476268447
resnet1d,1053,0.48795180722891568,0.056916745805634779,0.19468186134852802,0.046977334551457618,0.17548146341938442
resnet1d,1054,0.48841519925857274,0.057052498418722418,0.19512966476913349,0.047044405667141222,0.17563474583785521
resnet1d,1055,0.48887859128822986,0.057124802527646214,0.19557661927330172,0.047045788474466672,0.17563189823906092
resnet1d,1056,0.48934198331788692,0.057260101010101101,0.19602272727272729,0.047127136804658999,0.17588257693953671
resnet1d,1057,0.48980537534754404,0.057269000315358025,0.19615263323872592,0.047133326336749826,0.17589359886065747
resnet1d,1058,0.4902687673772011,0.05740390674228113,0.19659735349716445,0.047218394134232455,0.1761089056838071
resnet1d,1059,0.49073215940685816,0.057412653446647872,0.19672647151400693,0.047204294571614354,0.17607595605042017
resnet1d,1060,0.49119555143651522,0.057421383647798842,0.19685534591194967,0.04718474470824844,0.1760319516717527
resnet1d,1061,0.49165894346617239,0.057492931196984072,0.19729814640276469,0.047193600032260724,0.17604487544646452
resnet1d,1062,0.49212233549582945,0.057627118644067894,0.1980539861895794,0.047247978916522639,0.1762546037488604
resnet1d,1063,0.49258572752548657,0.057635622452179465,0.19818124804013795,0.047224477071579708,0.17620150630426212
resnet1d,1064,0.49304911955514363,0.057769423558897352,0.19862155388471181,0.047333661320731378,0.17648780397737582
resnet1d,1065,0.49351251158480075,0.057902973395931236,0.1990610328638498,0.04741328737818673,0.17673688771482166
resnet1d,1066,0.49397590361445781,0.058036272670419116,0.19949968730456535,0.047545734223548741,0.17708960759070838
resnet1d,1067,0.49443929564411498,0.05798188066229313,0.19931271477663229,0.047530131488205951,0.17705367698308194
resnet1d,1068,0.49490268767377205,0.057990012484394615,0.199438202247191,0.047510198443506506,0.17701014692102082
resnet1d,1069,0.49536607970342911,0.058060492672279501,0.19956345494231367,0.047553932948030453,0.17710724102575401
resnet1d,1070,0.49582947173308617,0.058193146417445586,0.19999999999999998,0.047606514080367007,0.17729513639816921
resnet1d,1071,0.49629286376274329,0.058138811079987661,0.19981325863678809,0.047585101755079705,0.17724751511063128
resnet1d,1072,0.49675625579240035,0.058271144278607079,0.20024875621890548,0.047685102027841757,0.17751861793619261
resnet1d,1073,0.49721964782205746,0.058465361913637888,0.20068344206275243,0.047832217670246459,0.17793081660767185
resnet1d,1074,0.49768303985171453,0.058597144630664295,0.2011173184357542,0.047893886893360937,0.17807341384781392
resnet1d,1075,0.49814643188137159,0.058542635658914842,0.20093023255813955,0.047869561732178843,0.17802065737051354
resnet1d,1076,0.49860982391102865,0.058612143742255374,0.20105328376703838,0.047934958417583662,0.17817782294015858
resnet1d,1077,0.49907321594068582,0.058557722067471479,0.20086660476632623,0.047902795266954075,0.17810822367128787
resnet1d,1078,0.49953660797034288,0.058627087198515886,0.20129870129870131,0.047955823905068536,0.17821958758654541
resnet1d,1079,0.5,0.058634538152610556,0.20142106889094843,0.04798354793279766,0.17830231300192326
resnet1d,1080,0.50046339202965706,0.058703703703703813,0.20185185185185187,0.047973721002842397,0.17827856611100998
resnet1d,1081,0.50092678405931423,0.05889608387295725,0.20228183780450201,0.04809444325636527,0.17858031210699835
resnet1d,1082,0.5013901760889713,0.058964879852125805,0.20240295748613679,0.0481445214014408,0.17869832460678484
resnet1d,1083,0.50185356811862836,0.059156663588796676,0.20313942751615885,0.048235051367347549,0.17890279020422664
resnet1d,1084,0.50231696014828542,0.05922509225092263,0.20356703567035669,0.048262907269592779,0.17896019775526864
resnet1d,1085,0.50278035217794259,0.059231950844854192,0.20368663594470046,0.04826855801800594,0.17897457614304946
resnet1d,1086,0.50324374420759965,0.059300184162062737,0.20411295273173727,0.048281764492178914,0.1789996302710869
resnet1d,1087,0.50370713623725671,0.059306961054891257,0.2042318307267709,0.048258602814572615,0.17894886933260626
resnet1d,1088,0.50417052826691378,0.059313725490196201,0.20435049019607843,0.04827104295002934,0.1789725869466765
resnet1d,1089,0.50463392029657095,0.059504132231405084,0.20508111417202324,0.048365222426163569,0.17917459681548131
resnet1d,1090,0.50509731232622801,0.059571865443425208,0.20519877675840981,0.048405375755749179,0.17926957446625491
resnet1d,1091,0.50556070435588507,0.059578368469294353,0.20531622364802934,0.048414258461050297,0.17928376468484139
resnet1d,1092,0.50602409638554213,0.059523809523809652,0.20512820512820515,0.048384459354245367,0.17922018449367791
resnet1d,1093,0.50648748841519931,0.059652333028362446,0.20585544373284537,0.048503792306638982,0.17958151470952069
resnet1d,1094,0.50695088044485637,0.059841560024375517,0.20658135283363802,0.048656789739714469,0.17997206670234447
resnet1d,1095,0.50741427247451343,0.05978691019786924,0.20639269406392693,0.048626496158447795,0.17990630434507082
resnet1d,1096,0.50787766450417049,0.0600364963503651,0.20711678832116789,0.048724577993824132,0.18011765927930068
resnet1d,1097,0.50834105653382766,0.05998176845943496,0.20692798541476753,0.048695345782645956,0.18005476362654718
resnet1d,1098,0.50880444856348472,0.059927140255009247,0.20673952641165758,0.048660854220371356,0.17998100746211765
resnet1d,1099,0.50926784059314179,0.059993933879284332,0.20715802244464665,0.04866878996050427,0.17999629098828682
resnet1d,1100,0.50973123262279885,0.060000000000000137,0.20727272727272728,0.048669405086579832,0.17999769141517422
resnet1d,1101,0.51019462465245602,0.060066606115652586,0.20738722373599758,0.048709468734598797,0.18009038237328276
resnet1d,1102,0.51065801668211308,0.060072595281306852,0.2075015124016939,0.048740441568491333,0.18015584758957057
resnet1d,1103,0.51112140871177014,0.060139014808099266,0.20761559383499548,0.048755292347662758,0.18019191955367761
resnet1d,1104,0.5115848007414272,0.060084541062802067,0.20742753623188406,0.048728186338324431,0.18013379950099292
resnet1d,1105,0.51204819277108438,0.060271493212669829,0.20814479638009051,0.048876796248577159,0.18053343714492817
resnet1d,1106,0.51251158480074144,0.060397830018083326,0.20855937311633513,0.048961747843620347,0.18074777281046259
resnet1d,1107,0.5129749768303985,0.060343270099367803,0.2083709725986149,0.04895607851636178,0.18073381815377623
resnet1d,1108,0.51343836886005556,0.060469314079422527,0.20878459687123949,0.049021895880069853,0.18093184640975671
resnet1d,1109,0.51390176088971273,0.060595130748422155,0.20919747520288548,0.049092306187528419,0.18110999387949392
resnet1d,1110,0.51436515291936979,0.060600600600600761,0.20930930930930933,0.049110741662883879,0.18116908175020219
resnet1d,1111,0.51482854494902686,0.060606060606060753,0.20942094209420944,0.049143235027454706,0.18124519336176562
resnet1d,1112,0.51529193697868392,0.060671462829736365,0.20953237410071943,0.049173874165267285,0.1813160614100803
resnet1d,1113,0.51575532900834109,0.060676849356094797,0.20964360587002098,0.049158239265564896,0.18128123044836755
resnet1d,1114,0.51621872103799815,0.060682226211849349,0.20975463794135249,0.04917353419468759,0.1813112343379629
resnet1d,1115,0.51668211306765521,0.060687593423019583,0.20986547085201793,0.049202995891676905,0.18138948229925755
resnet1d,1116,0.51714550509731227,0.060692951015531814,0.20997610513739548,0.049220449941820975,0.18142337299689834
resnet1d,1117,0.51760889712696945,0.060757982691733971,0.21038495971351834,0.049245594166084615,0.18147578962113656
resnet1d,1118,0.51807228915662651,0.060703637447823651,0.21019677996422184,0.049237042130140518,0.18145694803366244
resnet1d,1119,0.51853568118628357,0.060708966338993309,0.21030682156687519,0.049226845762169145,0.18143372619569323
resnet1d,1120,0.51899907321594063,0.060833333333333489,0.21041666666666667,0.049323305609816952,0.18168424138657693
resnet1d,1121,0.5194624652455978,0.061016949152542542,0.21112102289622361,0.04940680115312629,0.18187054329310873
resnet1d,1122,0.51992585727525487,0.061200237670826073,0.21152703505644679,0.049512898207717086,0.18212410330364914
resnet1d,1123,0.52038924930491193,0.061264470169189837,0.21163550014841201,0.049568140966599471,0.18226990482831343
resnet1d,1124,0.5208526413345691,0.061269276393831722,0.21174377224199289,0.049575142680329171,0.18228470727971283
resnet1d,1125,0.52131603336422616,0.061214814814814979,0.21155555555555552,0.049548818053230199,0.18222903089857603
resnet1d,1126,0.52177942539388322,0.061160449970396852,0.21136767317939609,0.049516487463796117,0.18216091289059846
resnet1d,1127,0.52224281742354028,0.061106181603076182,0.21118012422360247,0.04948768016416575,0.18210066297509087
resnet1d,1128,0.52270620945319746,0.061111111111111276,0.2112884160756501,0.049491661745363923,0.18210758876145813
resnet1d,1129,0.52316960148285452,0.061175081192796153,0.21139651609093593,0.049563677829451973,0.18230242306351641
resnet1d,1130,0.52363299351251158,0.061356932153392496,0.21179941002949854,0.049664203887081558,0.18258860184750358
resnet1d,1131,0.52409638554216864,0.061597406424992805,0.21249631594459181,0.049828630248075191,0.18297904048015337
resnet1d,1132,0.52455977757182581,0.061660777385159182,0.21260306242638397,0.049880433097877437,0.18311142998244187
resnet1d,1133,0.52502316960148288,0.061782877316858074,0.21329802883200941,0.049913481782537232,0.18318117653980656
resnet1d,1134,0.52548656163113994,0.061963550852439923,0.21369782480893593,0.049977154446867927,0.18331586230808097
resnet1d,1135,0.525949953660797,0.06196769456681369,0.21380323054331865,0.049956949476877954,0.18327356001901104
resnet1d,1136,0.52641334569045417,0.06214788732394385,0.21449530516431925,0.050105173744356794,0.18378458672649903
resnet1d,1137,0.52687673772011123,0.062210495455878222,0.21489299325710934,0.050116587436722232,0.18380661165827092
resnet1d,1138,0.52734012974976829,0.062214411247803351,0.21499707088459286,0.050145726739407488,0.18390478923390749
resnet1d,1139,0.52780352177942536,0.062159789288850055,0.21480831138425519,0.050126175803357119,0.18386326695753552
resnet1d,1140,0.52826691380908253,0.062222222222222408,0.21491228070175439,0.050180211439792073,0.18399868890921026
resnet1d,1141,0.52873030583873959,0.062342973999415907,0.21530820917323987,0.050215677332374892,0.18411269283997886
resnet1d,1142,0.52919369786839665,0.062288382953882261,0.21511967308814942,0.050190725398657023,0.18405997519134901
resnet1d,1143,0.52965708989805371,0.062408865558472047,0.21551472732575094,0.050225021652837119,0.18413491144094665
resnet1d,1144,0.53012048192771088,0.062470862470862663,0.21561771561771562,0.050279417494197086,0.18428005740413264
resnet1d,1145,0.53058387395736795,0.062649199417758566,0.21601164483260551,0.050410648567219274,0.18464358559961755
resnet1d,1146,0.53104726598702501,0.062652705061082226,0.21611401977894126,0.050416489270451524,0.18465559244041138
resnet1d,1147,0.53151065801668207,0.062772449869224256,0.2165068294100552,0.050520280272151913,0.18498303323562573
resnet1d,1148,0.53197405004633924,0.062950058072009499,0.21718931475029035,0.050588212974008312,0.18517365052293966
resnet1d,1149,0.5324374420759963,0.062953292718305978,0.21729039744705539,0.050605182319066799,0.18521579589171464
resnet1d,1150,0.53290083410565336,0.062956521739130633,0.21739130434782608,0.050583975956198089,0.18517082372547641
resnet1d,1151,0.53336422613531043,0.062959745149145874,0.21749203591080221,0.050609121581340483,0.18523248973846237
resnet1d,1152,0.5338276181649676,0.06290509259259279,0.21730324074074073,0.050599644670478984,0.18521087980515594
resnet1d,1153,0.53429101019462466,0.063023995374385869,0.21769297484822203,0.050680423133205199,0.18540344181941612
resnet1d,1154,0.53475440222428172,0.063142692085499913,0.21837088388214906,0.050732047506323562,0.18551186097900932
resnet1d,1155,0.53521779425393878,0.063261183261183476,0.21904761904761905,0.050787955466623368,0.18563405452384441
resnet1d,1156,0.53568118628359596,0.063379469434832969,0.21943483275663209,0.050893393639229505,0.18592605880660015
resnet1d,1157,0.53614457831325302,0.063497551138000777,0.21953327571305095,0.050985591034928189,0.18618026094815174
resnet1d,1158,0.53660797034291008,0.063615428900403212,0.21991940126655152,0.051024996578221814,0.18626732215365749
resnet1d,1159,0.53707136237256714,0.063675582398619715,0.22030486051193557,0.051082647076928132,0.18647913162518884
resnet1d,1160,0.53753475440222431,0.063735632183908264,0.22040229885057472,0.051129303269107945,0.18660118246098531
resnet1d,1161,0.53799814643188137,0.063738156761412798,0.22049956933677861,0.051111548295985638,0.1865629151815924
resnet1d,1162,0.53846153846153844,0.063798049340218224,0.22088353413654618,0.051132850175606544,0.18661098658659783
resnet1d,1163,0.5389249304911955,0.063915161937518131,0.2212668386357122,0.0512222756567405,0.18687008440490771
resnet1d,1164,0.53938832252085267,0.063917525773196093,0.22136311569301259,0.051230816205462326,0.18689800590947725
resnet1d,1165,0.53985171455050973,0.063862660944206229,0.22117310443490701,0.05121024207349157,0.18685486107474
resnet1d,1166,0.54031510658016679,0.063865065751858421,0.22126929674099485,0.051241874115287578,0.18695608414591514
resnet1d,1167,0.54077849860982397,0.063981719508712023,0.22165095686946587,0.051305014648011814,0.18712992921907581
resnet1d,1168,0.54124189063948103,0.064041095890411195,0.22203196347031962,0.051316152354169899,0.18715091453028299
resnet1d,1169,0.54170528266913809,0.064043341887653496,0.22212717422298259,0.051340828623359071,0.1872702174329651
resnet1d,1170,0.54216867469879515,0.06415954415954439,0.22222222222222221,0.051446801503095135,0.18764044419964518
resnet1d,1171,0.54263206672845232,0.064332479362368564,0.22260176487332761,0.051556183026091294,0.18790278978142613
resnet1d,1172,0.54309545875810938,0.064334470989761319,0.22269624573378841,0.051548715020932112,0.18788659363976348
resnet1d,1173,0.54355885078776645,0.064336459221369935,0.22279056550156295,0.051537077648078002,0.18786123172269367
resnet1d,1174,0.54402224281742351,0.064395229982964444,0.22316865417376489,0.051548317228765982,0.18788946574053389
resnet1d,1175,0.54448563484708068,0.064510638297872569,0.22354609929078015,0.051625341913837768,0.18805843771190875
resnet1d,1176,0.54494902687673774,0.064512471655329029,0.22363945578231292,0.051635009534565707,0.18808609194728543
resnet1d,1177,0.5454124189063948,0.064514301897479698,0.2237326536391957,0.051644493508556967,0.18810504305280662
resnet1d,1178,0.54587581093605186,0.064629315223542969,0.22439162422184497,0.051732207378860667,0.18835833657113485
resnet1d,1179,0.54633920296570904,0.06468758835171072,0.22448402601074358,0.051755457991474969,0.18840834630443251
resnet1d,1180,0.5468025949953661,0.064858757062147124,0.22514124293785312,0.051798977030588889,0.18849622804350666
resnet1d,1181,0.54726598702502316,0.064803838554897228,0.22495060683036974,0.051772388763128264,0.18844108057002332
resnet1d,1182,0.54772937905468022,0.064974619289340341,0.22532430908065426,0.051870468177975644,0.1886777504910527
resnet1d,1183,0.54819277108433739,0.065145111298957697,0.22597914905607216,0.051977731853737254,0.18898978103351818
resnet1d,1184,0.54865616311399446,0.065202702702702953,0.2260698198198198,0.052018117353326641,0.18908616932287223
resnet1d,1185,0.54911955514365152,0.065203938115330776,0.22616033755274259,0.052015236061087357,0.18907923466327628
resnet1d,1186,0.54958294717330858,0.065148960089938424,0.22596964586846544,0.052013812146899568,0.18907535473265089
resnet1d,1187,0.55004633920296575,0.06520640269587219,0.22634091547318169,0.052013349516989736,0.18907432582074826
resnet1d,1188,0.55050973123262281,0.065263748597082186,0.22643097643097643,0.052074933320857698,0.18928680509394011
resnet1d,1189,0.55097312326227987,0.065264928511354334,0.22652088589851416,0.052088021963187493,0.18933950872356928
resnet1d,1190,0.55143651529193694,0.065322128851540859,0.22689075630252101,0.052119833070084269,0.18942095805231132
resnet1d,1191,0.55189990732159411,0.065379233137419779,0.22698012874335294,0.052155890676800022,0.18951026543583449
resnet1d,1192,0.55236329935125117,0.065380313199105408,0.22706935123042504,0.052157991237236932,0.18951929923948577
resnet1d,1193,0.55282669138090823,0.065325509918972027,0.22687901648505168,0.052135178707716757,0.18947319818088318
resnet1d,1194,0.55329008341056529,0.065326633165829401,0.22696817420435511,0.052121595940055478,0.18944359177394329
resnet1d,1195,0.55375347544022246,0.065383542538354503,0.22705718270571829,0.052172856585343187,0.18958442248242735
resnet1d,1196,0.55421686746987953,0.065384615384615638,0.22714604236343369,0.052188373746380544,0.18961734921697615
resnet1d,1197,0.55468025949953659,0.065385686438318269,0.22723475355054301,0.052196052509433134,0.18963195461801052
resnet1d,1198,0.55514365152919365,0.065331107401224511,0.22704507512520866,0.052181725609512432,0.18960171714977284
resnet1d,1199,0.55560704355885082,0.065332221295524295,0.22713372254656658,0.052181308071452832,0.18959924730858049
resnet1d,1200,0.55607043558850788,0.065388888888889149,0.22722222222222221,0.052211010948597904,0.18966826976573212
resnet1d,1201,0.55653382761816494,0.065334443519289728,0.22703302803219541,0.052204927705642917,0.18965439095366513
resnet1d,1202,0.55699721964782201,0.065280088740987507,0.22684414864115363,0.052181360582109447,0.18960632181869941
resnet1d,1203,0.55746061167747918,0.065392075367137967,0.22693266832917702,0.052234576730546746,0.18979121514407674
resnet1d,1204,0.55792400370713624,0.065559246954596043,0.22757475083056478,0.052347060928041846,0.19009774869124696
resnet1d,1205,0.5583873957367933,0.065615491009682142,0.22793914246196403,0.052404490590694054,0.19027560229124277
resnet1d,1206,0.55885078776645036,0.065671641791045024,0.22802653399668324,0.052472261598793542,0.19048603032425537
resnet1d,1207,0.55931417979610754,0.065838166252416716,0.2283899475283071,0.052617093519212128,0.19091804865467524
resnet1d,1208,0.5597775718257646,0.065894039735099608,0.22875275938189846,0.052629606000457928,0.19094651282648581
resnet1d,1209,0.56024096385542166,0.066060104769782454,0.22939068100358426,0.052748172588012433,0.19123316534234291
resnet1d,1210,0.56070435588507883,0.066170798898071911,0.22975206611570251,0.052836952323670333,0.19147629429459603
resnet1d,1211,0.56116774791473589,0.066281310211946318,0.23011285439031104,0.052921482805430541,0.19174445059343678
resnet1d,1212,0.56163113994439295,0.066226622662266491,0.22992299229922994,0.052897129911491252,0.19169487827925136
resnet1d,1213,0.56209453197405002,0.066391865897224789,0.2302830447925254,0.053009544203294588,0.1919798338792067
resnet1d,1214,0.56255792400370719,0.06639209225700192,0.23036792970895115,0.052995415469554108,0.19195046327241674
resnet1d,1215,0.56302131603336425,0.066447187928669688,0.23072702331961592,0.053028596665861738,0.19204640627875524
resnet1d,1216,0.56348470806302131,0.066502192982456423,0.23081140350877194,0.053085335834176683,0.19221978652560501
resnet1d,1217,0.56394810009267837,0.066557107641742261,0.23089564502875926,0.053129403656540376,0.19232193617321539
resnet1d,1218,0.56441149212233555,0.066557197591680647,0.23097974822112755,0.053149473376185551,0.19239152462194931
resnet1d,1219,0.56487488415199261,0.066502597757725199,0.23079026524473614,0.053142613627405057,0.19237722863286957
resnet1d,1220,0.56533827618164967,0.066666666666666943,0.23114754098360657,0.053228189713670958,0.19257409875769738
resnet1d,1221,0.56580166821130673,0.066775866775867054,0.23150423150423149,0.053290446584677749,0.19273145435427416
resnet1d,1222,0.5662650602409639,0.066884888161484191,0.23213311511183851,0.05335558097495996,0.19287642964693219
resnet1d,1223,0.56672845227062096,0.06683019896429572,0.23194330880348868,0.053331092898631222,0.19282620165363853
resnet1d,1224,0.56719184430027803,0.0667755991285406,0.23175381263616557,0.053303291215844567,0.19276943182365183
resnet1d,1225,0.56765523632993509,0.066775510204081914,0.23183673469387756,0.053289790750945899,0.19274094207021245
resnet1d,1226,0.56811862835959226,0.066775421424687606,0.23191952147906472,0.053307067397562809,0.19280317081382722
resnet1d,1227,0.56858202038924932,0.066829665851671036,0.23200217332246673,0.053336541284020898,0.19286762351231976
resnet1d,1228,0.56904541241890638,0.066829533116178355,0.23208469055374592,0.053330106539027249,0.19285472810672769
resnet1d,1229,0.56950880444856344,0.066937889883374305,0.23243829671819907,0.053354732009021966,0.19290942787289531
resnet1d,1230,0.56997219647822062,0.066937669376694056,0.23252032520325203,0.053342427958755712,0.19288484668052985
resnet1d,1231,0.57043558850787768,0.067045762252911201,0.23287300297860816,0.053395590419858231,0.19301628699769635
resnet1d,1232,0.57089898053753474,0.067153679653679951,0.23349567099567101,0.053450258965437612,0.19313435869359133
resnet1d,1233,0.5713623725671918,0.06731549067315519,0.23357664233576644,0.053588255605117319,0.19351951261548295
resnet1d,1234,0.57182576459684897,0.067314964883846876,0.23365748244192328,0.053586752408851586,0.19351931044064186
resnet1d,1235,0.57228915662650603,0.067422402159244554,0.2337381916329285,0.053647718756293483,0.19370045633148095
resnet1d,1236,0.5727525486561631,0.067475728155340101,0.23381877022653721,0.05367460377040472,0.19376431551690521
resnet1d,1237,0.57321594068582016,0.06747507410401539,0.23389921853947723,0.053713359871541889,0.19384921378194245
resnet1d,1238,0.57367933271547733,0.067528271405493029,0.23397953688745288,0.053723636800389919,0.1938718371097912
resnet1d,1239,0.57414272474513439,0.067581382835620415,0.23432875975248857,0.053765856087430515,0.19398382967725292
resnet1d,1240,0.57460611677479145,0.067526881720430407,0.23413978494623658,0.053740181008825404,0.19393268747964854
resnet1d,1241,0.57506950880444851,0.067579908675799383,0.23421971528337363,0.053798325494826348,0.19410436469730363
resnet1d,1242,0.57553290083410569,0.067686527106817274,0.23456790123456792,0.053808806289308758,0.19412660613066704
resnet1d,1243,0.57599629286376275,0.067685706623760014,0.23464735854116384,0.05381403414411149,0.19414456885079071
resnet1d,1244,0.57645968489341981,0.067792068595927416,0.234994640943194,0.053857717746100091,0.19424487256857423
resnet1d,1245,0.57692307692307687,0.06789825970548892,0.23534136546184739,0.053880570609563298,0.19429350103443754
resnet1d,1246,0.57738646895273404,0.067897271268058099,0.23542001070090957,0.053864379861510929,0.19426090679980892
resnet1d,1247,0.57784986098239111,0.067949746057204261,0.23549852980486499,0.053903767172865248,0.1943569286292729
resnet1d,1248,0.57831325301204817,0.068055555555555869,0.23584401709401712,0.053955983491486594,0.19447757366027649
resnet1d,1249,0.57877664504170523,0.068054443554844177,0.23592207099012544,0.053937839853266632,0.19444160789623841
resnet1d,1250,0.5792400370713624,0.068160000000000318,0.23653333333333335,0.05393632693633215,0.19443912974115488
resnet1d,1251,0.57970342910101946,0.068425259792166584,0.23714361843858248,0.05408063339391591,0.1948645315886787
resnet1d,1252,0.58016682113067652,0.068477103301384776,0.23722044728434502,0.054104626552531072,0.19492045095304267
resnet1d,1253,0.5806302131603337,0.068528864059590647,0.23729715349827082,0.054139432721344832,0.19504602948298758
resnet1d,1254,0.58109360518999076,0.068474215842637201,0.23710792131844763,0.054131923862636933,0.19503122648947605
resnet1d,1255,0.58155699721964782,0.068472775564409352,0.23718459495351926,0.054116205856137828,0.19499969421501995
resnet1d,1256,0.58202038924930488,0.068471337579618166,0.23726114649681529,0.054110103119770957,0.19498745164094511
resnet1d,1257,0.58248378127896205,0.068469901882790021,0.23733757623972421,0.054101962787705092,0.19497302796240415
resnet1d,1258,0.58294717330861912,0.06852146263911002,0.23741388447270798,0.054140134272682806,0.19507398429411818
resnet1d,1259,0.58341056533827618,0.068625893566322801,0.23775483187715118,0.054201101903876246,0.19523199085943921
resnet1d,1260,0.58387395736793324,0.068783068783069098,0.23809523809523811,0.054303034425151366,0.19549838341517578
resnet1d,1261,0.58433734939759041,0.068781390430875292,0.23817076394395983,0.054287252602384505,0.19546740333050039
resnet1d,1262,0.58480074142724747,0.068938193343898904,0.23877443211833072,0.054360386208246826,0.19565033400692286
resnet1d,1263,0.58526413345690453,0.069041963578781007,0.23884930060702034,0.054473601054129302,0.19605896606989304
resnet1d,1264,0.5857275254865616,0.069092827004219745,0.23892405063291142,0.054492360088318571,0.19610491983098466
resnet1d,1265,0.58619091751621877,0.069143610013175552,0.23926218708827404,0.054544384001475606,0.19626005482110331
resnet1d,1266,0.58665430954587583,0.069194312796208871,0.23933649289099526,0.054581645779439358,0.19635817458765348
resnet1d,1267,0.58711770157553289,0.069192317811102674,0.23941068139963165,0.054603832666357266,0.19640988336538226
resnet1d,1268,0.58758109360518995,0.069295478443743772,0.24001051524710829,0.05464124213861888,0.19650777855346857
resnet1d,1269,0.58804448563484712,0.069345941686367554,0.24008405568689253,0.054702961372127358,0.19671116351914097
resnet1d,1270,0.58850787766450419,0.069343832020997698,0.24015748031496062,0.054704597402651683,0.1967156609788181
resnet1d,1271,0.58897126969416125,0.069289273537897003,0.23996852871754526,0.054680950050557113,0.19666869872427117
resnet1d,1272,0.58943466172381831,0.069287211740042265,0.240041928721174,0.054674189246886939,0.19665665786263939
resnet1d,1273,0.58989805375347548,0.069389892642053239,0.24037706205813039,0.054726745995620114,0.19677187197162929
resnet1d,1274,0.59036144578313254,0.069492412349555541,0.24071166928309787,0.054810654043597952,0.19700591968549067
resnet1d,1275,0.5908248378127896,0.069490196078431724,0.24078431372549022,0.054812319130467219,0.19701062618837908
resnet1d,1276,0.59128822984244667,0.069487983281087073,0.24085684430512014,0.054806008466640438,0.19699877826199033
resnet1d,1277,0.59175162187210384,0.069485773949360827,0.24092926128948056,0.054786432737620204,0.19695998050187705
resnet1d,1278,0.5922150139017609,0.069535732916014947,0.24100156494522693,0.054809228215068423,0.1970150593508406
resnet1d,1279,0.59267840593141796,0.069533489705499441,0.24107375553818086,0.05479004312464747,0.19697733927558012
resnet1d,1280,0.59314179796107502,0.069687500000000346,0.24166666666666667,0.05489339775550036,0.19728524699470126
resnet1d,1281,0.5936051899907322,0.069789227166276682,0.24225865209471764,0.054902589470034215,0.19730337668709852
resnet1d,1282,0.59406858202038926,0.069890795631825625,0.24258970358814355,0.054974028396641728,0.19748541506496631
resnet1d,1283,0.59453197405004632,0.069836321122369802,0.24240062353858147,0.05494846236197435,0.19743535107095223
resnet1d,1284,0.59499536607970338,0.069833852544133268,0.24247144340602281,0.054970749630997358,0.1974864781483123
resnet1d,1285,0.59545875810936055,0.069935149156939394,0.24280155642023346,0.055052108776849629,0.19773702683464789
resnet1d,1286,0.59592215013901761,0.069932607568688784,0.24287195438050801,0.055051475102331,0.19774156379898675
resnet1d,1287,0.59638554216867468,0.070085470085470433,0.24294224294224295,0.055177663914413949,0.19809382680068455
resnet1d,1288,0.59684893419833174,0.070031055900621475,0.24275362318840579,0.05515095879807904,0.19804104940352041
resnet1d,1289,0.59731232622798891,0.070183604861650206,0.24308249288854408,0.055235927004355007,0.19825980897762108
resnet1d,1290,0.59777571825764597,0.070180878552971934,0.24315245478036177,0.055250008141212691,0.19830089410483651
resnet1d,1291,0.59823911028730303,0.070333075135554188,0.24373870384714691,0.055296518476709862,0.19839821285304007
resnet1d,1292,0.59870250231696009,0.070485036119711408,0.24432404540763675,0.05540374386320359,0.19870562350412782
resnet1d,1293,0.59916589434661727,0.070482083011085703,0.24439288476411447,0.055426239286012959,0.19875852125600613
resnet1d,1294,0.59962928637627433,0.07047913446677008,0.24446161772282327,0.055444174876732512,0.19884666962742004
resnet1d,1295,0.60009267840593139,0.070579150579150929,0.24478764478764478,0.055483575207022982,0.19893708836879884
resnet1d,1296,0.60055607043558856,0.070627572016461262,0.24511316872427982,0.055516061958983558,0.19900781247444557
resnet1d,1297,0.60101946246524562,0.070675918786944583,0.24518118735543562,0.055538665504641808,0.19906137112277386
resnet1d,1298,0.60148285449490269,0.070672829994864253,0.24524910118130458,0.055537335240046483,0.19905899580159972
resnet1d,1299,0.60194624652455975,0.070823710546574659,0.24583012573774699,0.0556163521722031,0.19927253596869887
resnet1d,1300,0.60240963855421692,0.070820512820513187,0.24589743589743587,0.055620881157761565,0.19928670685860625
resnet1d,1301,0.60287303058387398,0.070817320010248888,0.24596464258262873,0.05562293971819212,0.19929109192159164
resnet1d,1302,0.60333642261353104,0.070762928827445323,0.24577572964669736,0.055604632652647278,0.19925638610111973
resnet1d,1303,0.6037998146431881,0.070708621130724347,0.24558710667689945,0.055605097390483992,0.1992589225399235
resnet1d,1304,0.60426320667284528,0.070756646216769289,0.24565439672801634,0.055636785601841827,0.19933101381281745
resnet1d,1305,0.60472659870250234,0.070804597701149788,0.24572158365261812,0.055666230760189228,0.19941120261709341
resnet1d,1306,0.6051899907321594,0.071005615109750245,0.24604389994895356,0.055833135610011582,0.19998351253324853
resnet1d,1307,0.60565338276181646,0.071002295332823623,0.24611068604947717,0.05586561569092293,0.20008424223031376
resnet1d,1308,0.60611677479147363,0.071100917431193025,0.24668705402650357,0.05589752519893728,0.2001564016433538
resnet1d,1309,0.6065801668211307,0.071097529921059707,0.24675324675324675,0.05589095100572803,0.20014462672502945
resnet1d,1310,0.60704355885078776,0.071043256997455839,0.24656488549618319,0.055869088663192727,0.20010213403046051
resnet1d,1311,0.60750695088044482,0.071192473938469739,0.24688532926519199,0.055927647697083992,0.20023878724904867
resnet1d,1312,0.60797034291010199,0.071189024390244271,0.24695121951219512,0.055966767242265847,0.20033104824114922
resnet1d,1313,0.60843373493975905,0.071134805788271513,0.24676313785224679,0.055959022908876811,0.20031708707229279
resnet1d,1314,0.60889712696941611,0.071283612379503161,0.24708269913749367,0.056083125740018669,0.2006497918724115
resnet1d,1315,0.60936051899907318,0.071432192648923074,0.2476552598225602,0.056108596747513562,0.2007062115692119
resnet1d,1316,0.60982391102873035,0.071479229989868678,0.24797365754812564,0.056114925637054773,0.20072299003237051
resnet1d,1317,0.61028730305838741,0.071424955707416235,0.2477853707922045,0.056097841124251181,0.2006900877080775
resnet1d,1318,0.61075069508804447,0.07157309054122446,0.24810318664643397,0.056181633403608544,0.20088604931649265
resnet1d,1319,0.61121408711770153,0.071721000758150508,0.24842052059641143,0.056313340927978885,0.20131820342534748
resnet1d,1320,0.6116774791473587,0.071767676767677147,0.24873737373737373,0.056353439524902876,0.20141285099383702
resnet1d,1321,0.61214087117701577,0.071814282109513378,0.24880141307090589,0.056428481594979173,0.20160393990236627
resnet1d,1322,0.61260426320667283,0.071860816944024589,0.24886535552193645,0.056450972491441237,0.20165364935383071
resnet1d,1323,0.61306765523632989,0.071856890904510348,0.2489292013101537,0.056451525659821367,0.20166433813866505
resnet1d,1324,0.61353104726598706,0.071953675730111175,0.24924471299093656,0.056477486059510411,0.20172225679507214
resnet1d,1325,0.61399443929564412,0.072050314465409201,0.24955974842767295,0.056518446311729385,0.20181018437774334
resnet1d,1326,0.61445783132530118,0.072096530920060728,0.24962292609351433,0.056543639360462437,0.20186960445412802
resnet1d,1327,0.61492122335495825,0.072142677719166423,0.24993720170811354,0.056576352014433097,0.20193927269751102
resnet1d,1328,0.61538461538461542,0.072289156626506423,0.25025100401606426,0.0566534816113533,0.20210984806470098
resnet1d,1329,0.61584800741427248,0.072435415099072378,0.25056433408577877,0.056781654412210746,0.20258995459236526
resnet1d,1330,0.61631139944392954,0.072581453634085621,0.2511278195488722,0.056896616645626681,0.2028993832412305
resnet1d,1331,0.6167747914735866,0.072627097420486245,0.25144002003506133,0.056884129780301856,0.20287636242365248
resnet1d,1332,0.61723818350324378,0.072722722722723121,0.25175175175175174,0.056927023060807415,0.20297146326052437
resnet1d,1333,0.61770157553290084,0.072918229557389747,0.25231307826956745,0.057040292143890003,0.20327404003797553
resnet1d,1334,0.6181649675625579,0.07301349325337371,0.25262368815592207,0.057052253910833677,0.20329995751358451
resnet1d,1335,0.61862835959221496,0.073108614232210142,0.25293383270911363,0.057093410607811285,0.20338654834099254
resnet1d,1336,0.61909175162187213,0.07305389221556928,0.2527445109780439,0.0570688800193207,0.20333934437824755
resnet1d,1337,0.61955514365152919,0.073098977811020108,0.25280478683620045,0.057106320555957012,0.20343493257738868
resnet1d,1338,0.62001853568118626,0.0731938216243153,0.25286497259591428,0.057183655840177372,0.20364710699760291
resnet1d,1339,0.62048192771084343,0.07328852377396107,0.25292506845904905,0.057262362373389691,0.20397961560723099
resnet1d,1340,0.62094531974050049,0.07323383084577155,0.25273631840796024,0.057234096820483325,0.20392432444508082
resnet1d,1341,0.62140871177015755,0.073228933631618601,0.25279642058165547,0.057226283801212197,0.20390978520935274
resnet1d,1342,0.62187210379981461,0.073273720814704832,0.25310481867858914,0.057232822090045966,0.20392499238023354
resnet1d,1343,0.62233549582947179,0.073268801191363031,0.25316455696202533,0.057253090815467582,0.20399509069908273
resnet1d,1344,0.62279888785912885,0.07321428571428612,0.25297619047619047,0.057226273546675539,0.20394305544083258
resnet1d,1345,0.62326227988878591,0.073308550185874011,0.25328376703841388,0.057284910067276588,0.20408434997290059
resnet1d,1346,0.62372567191844297,0.073353145121347607,0.25359088657751361,0.057298557043941316,0.20412717129495109
resnet1d,1347,0.62418906394810014,0.073496659242762108,0.25414501361049247,0.057317969716337298,0.20416868189218371
resnet1d,1348,0.6246524559777572,0.073491592482690812,0.25420375865479722,0.057339910429077177,0.20422271993394106
resnet1d,1349,0.62511584800741427,0.073585371880405648,0.25450951321966886,0.057361677484549033,0.20427253599879405
resnet1d,1350,0.62557924003707133,0.073679012345679432,0.25506172839506175,0.057391848711876102,0.2043411776767842
resnet1d,1351,0.6260426320667285,0.073624475697014982,0.25487293362941027,0.057374035999297225,0.20430849862132547
resnet1d,1352,0.62650602409638556,0.073767258382643419,0.25542406311637084,0.057428957349855002,0.20450695862670698
resnet1d,1353,0.62696941612604262,0.073860556787386469,0.25597437792559746,0.05748393387169054,0.204630236734929
resnet1d,1354,0.62743280815569968,0.0740521910388975,0.25652387986213693,0.05756666427142626,0.20490127447635476
resnet1d,1355,0.62789620018535686,0.074095940959410009,0.25658056580565808,0.05755872447411578,0.20488704862940346
resnet1d,1356,0.62835959221501392,0.074041297935103667,0.25639134709931172,0.057558252024854324,0.20488862058868751
resnet1d,1357,0.62882298424467098,0.074084991402604203,0.25669368705477774,0.057587229583828392,0.20496727445769389
resnet1d,1358,0.62928637627432804,0.074030436917035272,0.25650466372115854,0.057561390007342783,0.20491703966357702
resnet1d,1359,0.62974976830398521,0.0740740740740745,0.25680647534952172,0.057560396561663119,0.20491577695191787
resnet1d,1360,0.63021316033364227,0.074264705882353385,0.25710784313725488,0.057656015599972153,0.20518458033691558
resnet1d,1361,0.63067655236329934,0.074259123193730528,0.25716385011021309,0.057670933341102459,0.20521778940091159
resnet1d,1362,0.6311399443929564,0.074351443954968621,0.25746451297112088,0.057688145892814686,0.20526421965116262
resnet1d,1363,0.63160333642261357,0.074394717534850038,0.2575201760821717,0.057727736421167207,0.20536256165344832
resnet1d,1364,0.63206672845227063,0.074389051808407075,0.25757575757575757,0.057723304291293742,0.20535767937330418
resnet1d,1365,0.63253012048192769,0.074432234432234859,0.25787545787545785,0.057756571683326041,0.20542774992599763
resnet1d,1366,0.63299351251158475,0.074426549536359632,0.25793069790141532,0.057772994745604128,0.20546589987514219
resnet1d,1367,0.63345690454124193,0.074615947329919968,0.25847354303828335,0.057870253261178867,0.20573378597339068
resnet1d,1368,0.63392029657089899,0.074658869395711924,0.25877192982456143,0.057917454565029412,0.20584141770498263
resnet1d,1369,0.63438368860055605,0.074653031409788614,0.25882639396152912,0.057901153109731117,0.20581052174361505
resnet1d,1370,0.63484708063021311,0.074695863746959079,0.25912408759124089,0.05789259012588386,0.20579538625919272
resnet1d,1371,0.63531047265987028,0.074787259907610468,0.25942134694869928,0.057930352881200936,0.2058889936521594
resnet1d,1372,0.63577386468952735,0.074927113702624337,0.2597181729834791,0.058036643634892388,0.20617989889727714
resnet1d,1373,0.63623725671918441,0.075066763777616355,0.26001456664238892,0.058111581834128789,0.20636294826260518
resnet1d,1374,0.63670064874884147,0.075157690441533684,0.26031052886948086,0.058189402005498291,0.20660084396164324
resnet1d,1375,0.63716404077849864,0.075200000000000447,0.26060606060606062,0.058198927486706686,0.20662168449067839
resnet1d,1376,0.6376274328081557,0.075339147286822158,0.26090116279069769,0.058265792857494891,0.20678368629953578
resnet1d,1377,0.63809082483781276,0.075526506899056378,0.26143790849673204,0.058333838140758092,0.20694087141224773
resnet1d,1378,0.63855421686746983,0.075471698113208002,0.26124818577648767,0.058328778451553404,0.20693293042881936
resnet1d,1379,0.639017608897127,0.07556200145032678,0.26154218032390619,0.058351751987796165,0.20698498021981168
resnet1d,1380,0.63948100092678406,0.075652173913043921,0.26183574879227056,0.05837449737729894,0.20703483319521498
resnet1d,1381,0.63994439295644112,0.075838764180545956,0.26237026309437605,0.058485268157470238,0.20734301657615758
resnet1d,1382,0.64040778498609829,0.075928605885191,0.26266280752532561,0.058515366112414639,0.20741189762386694
resnet1d,1383,0.64087117701575536,0.075921908893709783,0.26271390696553382,0.058498724207743526,0.20738061831178031
resnet1d,1384,0.64133456904541242,0.075963391136801992,0.2627649325626204,0.058502182559303374,0.20739146141271536
resnet1d,1385,0.64179796107506948,0.076052948255114786,0.26305655836341751,0.058536641557354968,0.2074799752327342
resnet1d,1386,0.64226135310472665,0.076190476190476655,0.26358826358826359,0.058608088706302984,0.20763924033522288
resnet1d,1387,0.64272474513438371,0.076231675078106687,0.26387887527036769,0.058619589881688861,0.20766512628084235
resnet1d,1388,0.64318813716404077,0.076368876080692108,0.26440922190201727,0.05869813408657077,0.20785684116000214
resnet1d,1389,0.64365152919369784,0.076361891048716574,0.26445884329253661,0.058733141887088898,0.20796218513353873
resnet1d,1390,0.64411492122335501,0.076354916067146741,0.26450839328537173,0.058730000720737523,0.20795904552818381
resnet1d,1391,0.64457831325301207,0.076395878265037617,0.26479750778816197,0.058732431875781976,0.20797248511266139
resnet1d,1392,0.64504170528266913,0.07643678160919587,0.26508620689655166,0.058761810161118942,0.20809632800099956
resnet1d,1393,0.64550509731232619,0.076477626226370415,0.26537449150514481,0.058800783015114794,0.2082216656634287
resnet1d,1394,0.64596848934198337,0.076614060258250113,0.26590148254423718,0.058839878397188315,0.20830717221405903
resnet1d,1395,0.64643188137164043,0.076702508960573942,0.26618876941457587,0.058858958164495288,0.20834864817731144
resnet1d,1396,0.64689527340129749,0.076743075453677645,0.26623686723973256,0.058895086568797633,0.20843875443115689
resnet1d,1397,0.64735866543095455,0.076831305177762335,0.26652350274397518,0.058945228089154957,0.20857263436688658
resnet1d,1398,0.64782205746061172,0.076871721506915111,0.26657129232236526,0.058962232167544572,0.20861283045612108
resnet1d,1399,0.64828544949026878,0.076912080057184182,0.26685727900881578,0.058972963473852925,0.20863726154115461
resnet1d,1400,0.64874884151992585,0.077047619047619531,0.26714285714285713,0.059045817530438173,0.2087977303356392
resnet1d,1401,0.64921223354958291,0.077135379490840358,0.26742802759933387,0.059089413386405193,0.20889733513882777
resnet1d,1402,0.64967562557924008,0.077127912505944377,0.26747503566333813,0.059079333463308466,0.2088799776198916
resnet1d,1403,0.65013901760889714,0.077167973390354486,0.26775956284153007,0.05914666324362583,0.20903013079838162
resnet1d,1404,0.6506024096385542,0.077160493827160975,0.26780626780626782,0.059150393168958003,0.20904796693348629
resnet1d,1405,0.65106580166821126,0.077200474495848645,0.26785290628706998,0.059187438360700041,0.20912987420355589
resnet1d,1406,0.65152919369786844,0.077192982456140827,0.2678994784257942,0.059209285920465343,0.20918182309821878
resnet1d,1407,0.6519925857275255,0.077185501066098575,0.26794598436389477,0.059198896278093834,0.20916478053684129
resnet1d,1408,0.65245597775718256,0.07717803030303079,0.26799242424242425,0.059233661498343748,0.20924575179392091
resnet1d,1409,0.65291936978683962,0.077217885024840796,0.2682753726046842,0.059289201610390085,0.20940912728206273
resnet1d,1410,0.65338276181649679,0.077352245862884653,0.26879432624113475,0.059329967398498912,0.2094981402088133
resnet1d,1411,0.65384615384615385,0.077486416253248772,0.26907630522088355,0.059421746358903217,0.20973569194270966
resnet1d,1412,0.65430954587581092,0.077573182247403713,0.26935788479697825,0.059464531607309246,0.20985050732873189
resnet1d,1413,0.65477293790546798,0.077565463552725186,0.26940316112290635,0.059460134098171684,0.20984727727808128
resnet1d,1414,0.65523632993512515,0.077557755775578066,0.26944837340876943,0.059444517559453347,0.20982010574199492
resnet1d,1415,0.65569972196478221,0.077597173144876838,0.26949352179034158,0.059465875981234456,0.20987194256446817
resnet1d,1416,0.65616311399443927,0.077683615819209531,0.26977401129943496,0.059500131024618159,0.20997640881165405
resnet1d,1417,0.65662650602409633,0.077722888732063553,0.26981886614914141,0.059527988970167249,0.21005507466741688
resnet1d,1418,0.65708989805375351,0.077762106252938903,0.27009873060648798,0.059543527912643945,0.21009264657617735
resnet1d,1419,0.65755329008341057,0.077895231383603977,0.27061310782241016,0.059565488763007622,0.21013918631371034
resnet1d,1420,0.65801668211306763,0.077887323943662476,0.27065727699530517,0.059560769729503638,0.21013409770013389
resnet1d,1421,0.65848007414272469,0.077879427633122722,0.27070138400187665,0.059570303827862499,0.21016131258920892
resnet1d,1422,0.65894346617238186,0.077824660103141624,0.27051101734646038,0.059548166324687811,0.21012032930221891
resnet1d,1423,0.65940685820203893,0.077863668306395448,0.27055516514406186,0.059588870827711228,0.21023303876206112
resnet1d,1424,0.65987025023169599,0.077949438202247701,0.27106741573033705,0.059654943763698141,0.21040035780935065
resnet1d,1425,0.66033364226135316,0.07789473684210578,0.27087719298245611,0.059630235695330221,0.21035489556213663
resnet1d,1426,0.66079703429101022,0.077933613838242669,0.27115474520804111,0.05963890246063186,0.2103772507200149
resnet1d,1427,0.66126042632066728,0.07797243634664848,0.27143190843260923,0.059673506806203251,0.21047601725401141
resnet1d,1428,0.66172381835032434,0.078104575163399206,0.27194211017740427,0.059736161682537647,0.21062329671879962
resnet1d,1429,0.66218721037998152,0.078283181712153524,0.27245159785397716,0.059905460177741621,0.21114379939131259
resnet1d,1430,0.66265060240963858,0.078275058275058776,0.27249417249417252,0.059907714989510051,0.21115296748419243
resnet1d,1431,0.66311399443929564,0.078313533659446113,0.27276962497088286,0.059927315965258542,0.21119576512238006
resnet1d,1432,0.6635773864689527,0.078351955307263091,0.27281191806331467,0.059954687523140142,0.21127048955374153
resnet1d,1433,0.66404077849860987,0.078436845778088446,0.27308676436380558,0.05998818039004563,0.21135621233695309
resnet1d,1434,0.66450417052826694,0.078521617852162287,0.27359367735936774,0.060017065606746578,0.211424095724182
resnet1d,1435,0.664967562557924,0.078466898954704337,0.27340301974448317,0.059992971195803386,0.21137985197442791
resnet1d,1436,0.66543095458758106,0.078458681522748888,0.2734447539461467,0.060003679648152092,0.21140700404450916
resnet1d,1437,0.66589434661723823,0.078682440269079612,0.27395035954534913,0.060155867372166751,0.2117873799495622
resnet1d,1438,0.66635773864689529,0.078766805748725605,0.27422345850718588,0.06019723578702444,0.21189043552578182
resnet1d,1439,0.66682113067655235,0.078758397034978514,0.27426453555709984,0.060199965135963061,0.21190345363851323
resnet1d,1440,0.66728452270620942,0.078842592592593116,0.27476851851851847,0.060240352989351147,0.21200090873339958
resnet1d,1441,0.66774791473586659,0.078834142956280884,0.27480916030534353,0.060246085032951861,0.21202598063697961
resnet1d,1442,0.66821130676552365,0.078871937124364841,0.27508090614886732,0.060281965058294619,0.21210275183034752
resnet1d,1443,0.66867469879518071,0.079002079002079534,0.27535227535227536,0.060357042123159003,0.21228197077693309
resnet1d,1444,0.66913809082483777,0.079039704524469581,0.27539242843951989,0.060369160595817171,0.21230977960802164
resnet1d,1445,0.66960148285449483,0.079077277970012072,0.27566320645905423,0.060383732279281697,0.21235423075889356
resnet1d,1446,0.67006487488415212,0.079068695251268403,0.27570308898109724,0.060371153866891736,0.21233322919415576
resnet1d,1447,0.67052826691380896,0.079060124395301148,0.27574291637871456,0.060387056353230439,0.21237340024970011
resnet1d,1448,0.67099165894346624,0.079143646408840307,0.27601289134438306,0.060453003081322614,0.21259233168089131
resnet1d,1449,0.6714550509731233,0.079181044398436221,0.27628249367379804,0.060458362653911989,0.21260880321142683
resnet1d,1450,0.67191844300278036,0.079218390804598235,0.27632183908045976,0.060471158660580455,0.2126392435334096
resnet1d,1451,0.67238183503243742,0.07934757638410346,0.27659085688031243,0.060582246181293542,0.21293167443136651
resnet1d,1452,0.67284522706209449,0.079476584022039096,0.27685950413223143,0.06062094994812664,0.21304493732603327
resnet1d,1453,0.67330861909175166,0.079559532002753466,0.27712778160128471,0.060690989511481865,0.2132418766714185
resnet1d,1454,0.67377201112140872,0.079642365887208244,0.27739569005043557,0.060765452255769979,0.21344651058634059
resnet1d,1455,0.67423540315106578,0.079679266895762282,0.27766323024054984,0.060770896935811947,0.213464362298044
resnet1d,1456,0.67469879518072284,0.079716117216117752,0.27793040293040294,0.060768456340236414,0.21346358048826489
resnet1d,1457,0.67516218721038002,0.079752916952642958,0.27796842827728208,0.060781383831946013,0.21349515836294361
resnet1d,1458,0.67562557924003708,0.079972565157750877,0.27846364883401925,0.060856379053986477,0.21369355692369663
resnet1d,1459,0.67608897126969414,0.080009138679461356,0.27850125656842584,0.060889112019131157,0.21377587714855525
resnet1d,1460,0.6765523632993512,0.080091324200913791,0.27853881278538811,0.060973968630705082,0.21397411446836756
resnet1d,1461,0.67701575532900848,0.080127766370066703,0.27857631759069129,0.060982305497391261,0.21399608994565758
resnet1d,1462,0.67747914735866532,0.080164158686731046,0.27861377108983126,0.061012728957986977,0.21408124444739265
resnet1d,1463,0.67794253938832261,0.080154932786512284,0.27865117338801554,0.06099669739444822,0.21405272343619322
resnet1d,1464,0.67840593141797945,0.08023679417122094,0.27891621129326044,0.061045900379676887,0.21417471075181752
resnet1d,1465,0.67886932344763673,0.08027303754266267,0.27895335608646188,0.061047900120638245,0.21418556878451334
resnet1d,1466,0.67933271547729379,0.080309231468850023,0.27899045020463847,0.061099222659952941,0.21431762709685934
resnet1d,1467,0.67979610750695085,0.08039082026812143,0.27925471483753689,0.06110271813643664,0.21432898953927104
resnet1d,1468,0.68025949953660803,0.080381471389646339,0.279291553133515,0.061085176472354452,0.21429828946718874
resnet1d,1469,0.68072289156626509,0.080553664624461632,0.27978216473791701,0.061190210417047662,0.21454419411572778
resnet1d,1470,0.68118628359592215,0.08054421768707537,0.27981859410430837,0.061195664281570326,0.21456139481811223
resnet1d,1471,0.68164967562557921,0.080489462950374444,0.27962837072286423,0.061190419326216362,0.2145551825079727
resnet1d,1472,0.68211306765523638,0.080570652173913584,0.27989130434782611,0.061211486674874464,0.21460641849816561
resnet1d,1473,0.68257645968489344,0.08078750848608339,0.28038017651052272,0.061319591637669722,0.21488290835174415
resnet1d,1474,0.68303985171455051,0.080823156942560481,0.28064224332881055,0.061333297911796807,0.21491340276415771
resnet1d,1475,0.68350324374420757,0.080813559322034448,0.28067796610169488,0.061329365423575394,0.21491017485089414
resnet1d,1476,0.68396663577386485,0.080803974706414289,0.28071364046973807,0.061321016167199587,0.21489709918271802
resnet1d,1477,0.68443002780352169,0.080749266531257621,0.28052358384111936,0.061316417092945837,0.21489464074396034
resnet1d,1478,0.68489341983317897,0.080875056382499436,0.28101037437979248,0.061381864303113848,0.21508496189454482
resnet1d,1479,0.68535681186283581,0.080955600631057584,0.28127112914131169,0.061395321614612586,0.21511863237188353
resnet1d,1480,0.6858202038924931,0.081126126126126685,0.28175675675675677,0.061461917182095871,0.21530992838497562
resnet1d,1481,0.68628359592215016,0.08125140670718041,0.28201665541300924,0.061498857781277887,0.21539007288562195
resnet1d,1482,0.68674698795180722,0.081196581196581755,0.28182636077372919,0.06148612495578637,0.21536883807375931
resnet1d,1483,0.68721037998146428,0.081321645313554181,0.2820858619914588,0.061536540026701621,0.21547685808359818
resnet1d,1484,0.68767377201112145,0.081311769991015845,0.28212039532794247,0.061519037897658758,0.21544622165154956
resnet1d,1485,0.68813716404077852,0.081391694725028621,0.28237934904601575,0.061576203111849914,0.21557777601292941
resnet1d,1486,0.68860055607043558,0.081426648721400305,0.28241363840287126,0.061612418976873938,0.21569354724383297
resnet1d,1487,0.68906394810009264,0.0814167227079136,0.28244788164088769,0.061595655788251429,0.21566476374332488
resnet1d,1488,0.68952734012974981,0.081496415770609898,0.28293010752688175,0.061650631247155245,0.21580671290882139
resnet1d,1489,0.68999073215940687,0.081486456234609941,0.28296395791358853,0.061647317044400206,0.21580727587370319
resnet1d,1490,0.69045412418906393,0.081521252796421154,0.28322147651006713,0.061718374771829204,0.21597796745981901
resnet1d,1491,0.690917516218721,0.08155600268276382,0.28325508607198752,0.061706477186120913,0.21595898845063047
resnet1d,1492,0.69138090824837806,0.081635388739946954,0.28351206434316356,0.061772646541633447,0.2161319306964653
resnet1d,1493,0.69184430027803534,0.081803974101362489,0.28399196249162761,0.061811307877581101,0.21621651104961051
resnet1d,1494,0.69230769230769218,0.081838464970995672,0.28402498884426597,0.061850997239550232,0.21630983475545251
resnet1d,1495,0.69277108433734946,0.081917502787068594,0.28428093645484953,0.061883053873495332,0.21638418114982852
resnet1d,1496,0.69323447636700652,0.081907308377897198,0.28431372549019612,0.061881532066558498,0.21638482071114643
resnet1d,1497,0.69369786839666359,0.081986194611445698,0.28479180583389002,0.061903823861432762,0.2164369692697965
resnet1d,1498,0.69416126042632065,0.082064975522920039,0.28504672897196265,0.061987564995612539,0.21668244227618497
resnet1d,1499,0.69462465245597771,0.082143651323104874,0.2853013119857683,0.062058425682035477,0.21686965336369837
resnet1d,1500,0.69508804448563488,0.082266666666667265,0.28555555555555556,0.062124949412005137,0.21706900345135652
resnet1d,1501,0.69555143651529194,0.082433932933600407,0.28603153453253388,0.062237951273501978,0.21736613605305344
resnet1d,1502,0.696014828544949,0.082556591211718308,0.28628495339547272,0.062303124897611174,0.21751579124926637
resnet1d,1503,0.69647822057460607,0.08272344200487973,0.28675981370592146,0.062340441997064483,0.21761916999245176
resnet1d,1504,0.69694161260426324,0.082712765957447407,0.28679078014184395,0.062331195414748429,0.21760549427780992
resnet1d,1505,0.6974050046339203,0.08270210409745353,0.2868217054263566,0.062343718616875744,0.21764333698987459
resnet1d,1506,0.69786839666357736,0.082779991146525608,0.28729526339088096,0.062362407095525117,0.21768553416552527
resnet1d,1507,0.69833178869323442,0.08281353682813597,0.28754700287547003,0.062405246981438643,0.21777929105241503
resnet1d,1508,0.69879518072289171,0.082935455349249051,0.28779840848806365,0.062463288558454462,0.21791563623803004
resnet1d,1509,0.69925857275254855,0.082880494808924829,0.28760768721007285,0.062443539794377244,0.21788166940493703
resnet1d,1510,0.69972196478220583,0.082913907284768815,0.28763796909492273,0.062476845165833517,0.21797442532064681
resnet1d,1511,0.70018535681186289,0.082859033752482394,0.28744760644165007,0.062469259864072181,0.21796533300906476
resnet1d,1512,0.70064874884151995,0.082892416225750151,0.28769841269841268,0.062491564667592203,0.21801509397081018
resnet1d,1513,0.70111214087117701,0.08288169200264435,0.28772857457589779,0.062477945559016257,0.21799269498349225
resnet1d,1514,0.70157553290083408,0.082959048877147223,0.28797886393659183,0.062509784288565323,0.21806732396718709
resnet1d,1515,0.70203892493049125,0.082992299229923586,0.28822882288228818,0.062523361614666664,0.21810263857208942
resnet1d,1516,0.70250231696014831,0.082937554969217842,0.2880386983289358,0.062521422225295123,0.21810339932634659
resnet1d,1517,0.70296570898980537,0.083014722039112879,0.28828828828828829,0.062553272052511308,0.21818047086828421
resnet1d,1518,0.70342910101946243,0.083047870004392343,0.2883179622310057,0.062580542731083946,0.21825098598749662
resnet1d,1519,0.70389249304911961,0.083124862848365746,0.28856703971911346,0.062636470973175276,0.21838463209398098
resnet1d,1520,0.70435588507877667,0.083245614035088317,0.28881578947368425,0.062682964270362448,0.21848778971790284
resnet1d,1521,0.70481927710843373,0.083278544817006958,0.28906421214113526,0.06268400986829932,0.21849798667223844
resnet1d,1522,0.70528266913809079,0.083486640385458333,0.28953131844064828,0.06274370857668092,0.21863614678750579
resnet1d,1523,0.70574606116774807,0.083431823156052243,0.28934121251915079,0.06272609267118319,0.2186070496157663
resnet1d,1524,0.70620945319740491,0.083552055993001473,0.28937007874015747,0.062821787153296546,0.21886848474094744
resnet1d,1525,0.7066728452270622,0.083672131147541587,0.28983606557377045,0.062855555436638816,0.21894509663100126
resnet1d,1526,0.70713623725671904,0.083704674530363191,0.28986456968108348,0.062892615765662241,0.21910687915342489
resnet1d,1527,0.70759962928637632,0.083693516699411205,0.28989303645492254,0.062884895702049665,0.21909729956922352
resnet1d,1528,0.70806302131603338,0.083856893542758007,0.29035776614310649,0.063000767789763948,0.21942097284764409
resnet1d,1529,0.70852641334569044,0.083845650752126175,0.29038587311968606,0.063002515592454553,0.21943465859538294
resnet1d,1530,0.7089898053753475,0.083965141612201033,0.29063180827886709,0.06305998848089045,0.21958541559020794
resnet1d,1531,0.70945319740500468,0.083997387328544046,0.29087742216416285,0.063100921420693748,0.21969575107699527
resnet1d,1532,0.70991658943466174,0.084116623150566325,0.29134029590948646,0.063160969467588216,0.21983513834108184
resnet1d,1533,0.7103799814643188,0.084192215699065612,0.29158512720156554,0.063173992869770934,0.21986719328367674
resnet1d,1534,0.71084337349397586,0.08422425032594584,0.29182963928726641,0.06320896931189772,0.21995493615489201
resnet1d,1535,0.71130676552363303,0.084386536373507667,0.29229098805646037,0.063297373143152688,0.22016529944605737
resnet1d,1536,0.71177015755329009,0.084331597222222832,0.29210069444444442,0.063283103910641472,0.22014146463347839
resnet1d,1537,0.71223354958294716,0.084363478638040071,0.29234439384081545,0.063288553665047917,0.22015734949278262
resnet1d,1538,0.71269694161260422,0.084351972258344773,0.29237104464672736,0.063283018667323887,0.22015135265624919
resnet1d,1539,0.71316033364226128,0.084340480831709488,0.29239766081871343,0.063277838502571446,0.22014651789760378
resnet1d,1540,0.71362372567191856,0.084372294372294973,0.29264069264069265,0.063327986976224257,0.22028929136679229
resnet1d,1541,0.7140871177015754,0.084533852476747287,0.29309971879731778,0.063411781249949326,0.22050472982490366
resnet1d,1542,0.71455050973123269,0.084651967142240103,0.29334198011240814,0.063464557639142619,0.22062707704463888
resnet1d,1543,0.71501390176088975,0.084726722834306059,0.29358392741412837,0.063521384535678557,0.2207654241901289
resnet1d,1544,0.71547729379054681,0.084887737478411648,0.29404145077720206,0.063574611553214463,0.22088669955975226
resnet1d,1545,0.71594068582020387,0.084919093851133276,0.2942826321467098,0.063560949169450376,0.22086503939924462
resnet1d,1546,0.71640407784986093,0.084950409659336493,0.29430789133247087,0.06357634813054068,0.22090336915494332
resnet1d,1547,0.7168674698795181,0.084938590820944349,0.29433311786252964,0.063595203636795161,0.22095325247386544
resnet1d,1548,0.71733086190917517,0.08496985357450533,0.29435831180017225,0.06361278773081265,0.22100073854217664
resnet1d,1549,0.71779425393883223,0.085001075962987449,0.29459866580589628,0.063676806822651311,0.22128373937341347
resnet1d,1550,0.71825764596848929,0.085032258064516711,0.29483870967741937,0.063692869873615263,0.22132325646244588
resnet1d,1551,0.71872103799814646,0.085020416935311108,0.29486352890608208,0.063682779753676574,0.22130822590665791
resnet1d,1552,0.71918443002780352,0.085137457044674111,0.29510309278350516,0.063705401801292541,0.22136376684715756
resnet1d,1553,0.71964782205746058,0.085211418759390992,0.2953423481433784,0.063731323341025367,0.22142377018910731
resnet1d,1554,0.72011121408711765,0.08524238524238581,0.29536679536679539,0.063774274561364364,0.22152541407454826
resnet1d,1555,0.72057460611677493,0.085359056806002698,0.29581993569131831,0.063850556654446181,0.22171262811513914
resnet1d,1556,0.72103799814643177,0.08543273350471349,0.29605826906598115,0.063893360501698152,0.22181341649182204
resnet1d,1557,0.72150139017608905,0.085591950331835295,0.29651038321558554,0.063951533894764281,0.2219571287929599
resnet1d,1558,0.72196478220574611,0.08566538296961973,0.2967479674796748,0.06399282298570709,0.22207923971916346
resnet1d,1559,0.72242817423540318,0.085695958948044174,0.29698524695317507,0.064040696027750324,0.22220583937374419
resnet1d,1560,0.72289156626506024,0.085811965811966373,0.29743589743589749,0.064117589681988565,0.22240908999804473
resnet1d,1561,0.7233549582947173,0.085927824044416526,0.29767243220158018,0.064159237082982934,0.2225104902527513
resnet1d,1562,0.72381835032437447,0.085958173282117481,0.29790866410584721,0.064173427688849913,0.22254784349942955
resnet1d,1563,0.72428174235403153,0.086031136702922284,0.2981445937300064,0.064221148095320438,0.2226645788368633
resnet1d,1564,0.72474513438368859,0.086018755328218788,0.29816709292412619,0.064241094572097091,0.22277096626413853
resnet1d,1565,0.72520852641334566,0.086219382321619298,0.29861554845580401,0.064370933392691218,0.22315295856870329
resnet1d,1566,0.72567191844300283,0.086206896551724685,0.29863771817794804,0.064373629138294211,0.22316435800053727
resnet1d,1567,0.72613531047265989,0.08623697085726495,0.29887258030206337,0.064383647849758432,0.22318967665060852
resnet1d,1568,0.72659870250231695,0.086181972789116171,0.29868197278911568,0.064364292275840757,0.22315798833851822
resnet1d,1569,0.72706209453197401,0.086254514552794259,0.29891650732950925,0.064371960338499457,0.22318294188814147
resnet1d,1570,0.7275254865616313,0.086242038216561026,0.2989384288747346,0.064366147848638366,0.22317729106886164
resnet1d,1571,0.72798887859128814,0.086229577763633034,0.29896032251220028,0.064379432320331095,0.22320902676483634
resnet1d,1572,0.72845227062094542,0.08621713316369857,0.29898218829516537,0.064397576921115959,0.22331606180911745
resnet1d,1573,0.72891566265060226,0.086247086247086768,0.29921593557957199,0.064434487229895018,0.22345070824273652
resnet1d,1574,0.72937905468025954,0.086361711139348249,0.29944938585345193,0.064471060986754744,0.22354187397976613
resnet1d,1575,0.7298424467099166,0.086518518518519036,0.29968253968253972,0.064530696869874546,0.22368548295179827
resnet1d,1576,0.73030583873957367,0.086590524534687477,0.29991539763113367,0.064562371176059674,0.22379534450085992
resnet1d,1577,0.73076923076923073,0.086704713591207461,0.30014796026210105,0.064609509887777861,0.22390351975517173
resnet1d,1578,0.7312326227988879,0.086692015209125992,0.30016899028305871,0.06462169693207416,0.22393642972551453
resnet1d,1579,0.73169601482854496,0.086805995355710874,0.3004010977411864,0.064678823372069053,0.22407427233292013
resnet1d,1580,0.73215940685820202,0.086835443037975191,0.30042194092827007,0.064684590364639152,0.22409311852603761
resnet1d,1581,0.73262279888785908,0.086864853468269554,0.30044275774826062,0.064705809588705573,0.22414779861137793
resnet1d,1582,0.73308619091751626,0.086936367467341444,0.30067425200168563,0.064754070645928155,0.22429167609363496
resnet1d,1583,0.73354958294717332,0.087092019372499982,0.30090545377974309,0.064852963796220894,0.22465478530688474
resnet1d,1584,0.73401297497683038,0.087247474747475254,0.30134680134680131,0.064907150862133986,0.22484363205013955
resnet1d,1585,0.73447636700648744,0.087276550998948987,0.30136698212407992,0.064947263541510744,0.22495651607059916
resnet1d,1586,0.7349397590361445,0.087431693989071538,0.30180748213535097,0.065009770432361336,0.22509769201270327
resnet1d,1587,0.73540315106580179,0.087544633480361775,0.30224742701113211,0.065050539062557103,0.22519115430760453
resnet1d,1588,0.73586654309545863,0.087657430730479102,0.30268681780016787,0.065070903984190007,0.22523758204997776
resnet1d,1589,0.73632993512511591,0.087686175791903173,0.30291588000839104,0.065070213282794179,0.22524352115985391
resnet1d,1590,0.73679332715477297,0.087714884696017278,0.3031446540880503,0.065111342978608835,0.22536654534764877
resnet1d,1591,0.73725671918443003,0.087785459878483629,0.30337314058244291,0.065129663861722101,0.22542258162417295
resnet1d,1592,0.73772011121408709,0.087814070351759296,0.30360134003350087,0.065127723011288066,0.22542496438069093
resnet1d,1593,0.73818350324374415,0.087800795145428392,0.30362000418497592,0.065122657218874239,0.22542309093465351
resnet1d,1594,0.73864689527340133,0.087787536595567192,0.30363864491844422,0.065131911424209807,0.22546316871085678
resnet1d,1595,0.73911028730305839,0.087857889237200074,0.30386624869383488,0.065174416059491327,0.22556357425225215
resnet1d,1596,0.73957367933271545,0.087928153717627897,0.30409356725146197,0.065207071616860277,0.22564044386232421
resnet1d,1597,0.74003707136237262,0.087956585264037213,0.30411187643498228,0.065217864832220293,0.22567020149754854
resnet1d,1598,0.74050046339202968,0.087984981226533643,0.30413016270337923,0.06523912029469929,0.22573109383847534
resnet1d,1599,0.74096385542168675,0.087971648947259173,0.3041484260996456,0.065245209034518345,0.22575003682890535
resnet1d,1600,0.74142724745134381,0.088125000000000495,0.30458333333333337,0.065335468823341222,0.22597169633364864
resnet1d,1601,0.74189063948100087,0.088278159483656526,0.30501769727253802,0.06540957652640729,0.22615852971477968
resnet1d,1602,0.74235403151065815,0.088264669163546042,0.30503537245110279,0.065401374083519606,0.22614809202857425
resnet1d,1603,0.74281742354031499,0.088292784362653823,0.30526096901642746,0.065445612195385819,0.22627054281316517
resnet1d,1604,0.74328081556997228,0.088279301745636377,0.30527847049044055,0.065483828055531754,0.22638019606818785
resnet1d,1605,0.74374420759962934,0.088348909657321339,0.30529595015576322,0.065560301670695584,0.22667335125226859
resnet1d,1606,0.7442075996292864,0.088293897882939454,0.30510585305105853,0.065544985289876442,0.22665034416452676
resnet1d,1607,0.74467099165894346,0.088404895249948615,0.30553827006845052,0.065553679347451613,0.22667437897792175
resnet1d,1608,0.74513438368860052,0.088391376451078418,0.30555555555555552,0.065558819357392245,0.22669960193559632
resnet1d,1609,0.74559777571825769,0.088502175264139685,0.3057799875699192,0.065620818564128422,0.2268496291760721
resnet1d,1610,0.74606116774791476,0.088654244306418675,0.30600414078674948,0.06568712196008851,0.22700805214267258
resnet1d,1611,0.74652455977757182,0.088723360231740586,0.30602110490378648,0.065719440587901065,0.2271067727172934
resnet1d,1612,0.74698795180722888,0.088833746898263496,0.30624483043837886,0.065754271412921048,0.227188329474279
resnet1d,1613,0.74745134383688605,0.088902665840050035,0.30667493283736308,0.065789930366045149,0.22727023214762929
resnet1d,1614,0.74791473586654311,0.08888888888888935,0.30669144981412644,0.065783890566645339,0.22726484795771121
resnet1d,1615,0.74837812789620017,0.088957688338493754,0.30691434468524253,0.065810829150523095,0.22732877713723634
resnet1d,1616,0.74884151992585724,0.088985148514851911,0.30713696369636961,0.065799644915047972,0.22731373385670736
resnet1d,1617,0.74930491195551452,0.08909503195217526,0.30735930735930733,0.065860754926656925,0.22748332425121462
resnet1d,1618,0.74976830398517136,0.089081170168933285,0.30737536052740011,0.065876533114554311,0.22753393935081001
resnet1d,1619,0.75023169601482864,0.089108503191270769,0.30759728227300803,0.065891990921952234,0.22757276878369445
resnet1d,1620,0.75069508804448548,0.089094650205761752,0.30761316872427985,0.065889745704703101,0.22757461750324293
resnet1d,1621,0.75115848007414276,0.089121941188567158,0.3078346699568168,0.065901411106732602,0.22760687467967444
resnet1d,1622,0.75162187210379983,0.089190300041101955,0.30805589806822858,0.065965383973129066,0.22776432855012341
resnet1d,1623,0.75208526413345689,0.089176422263298846,0.30807147258163897,0.065958556322588249,0.22775796475989774
resnet1d,1624,0.75254865616311395,0.08916256157635509,0.30808702791461412,0.065938918202646982,0.22772640198410785
resnet1d,1625,0.75301204819277112,0.08914871794871837,0.30810256410256415,0.06594386913622359,0.22774448451011411
resnet1d,1626,0.75347544022242818,0.089216892168922105,0.3083230832308323,0.06597390099589058,0.22781720157500565
resnet1d,1627,0.75393883225208524,0.089325957795534136,0.30854333128457284,0.066029902957408945,0.22797113684914239
resnet1d,1628,0.75440222428174231,0.089393939393939803,0.30896805896805896,0.066053125709111218,0.22803430452001208
resnet1d,1629,0.75486561631139948,0.089502762430939631,0.30939226519337015,0.066104683823585322,0.22815715263304504
resnet1d,1630,0.75532900834105654,0.089652351738241709,0.30981595092024539,0.066178666248341483,0.22834459556733802
resnet1d,1631,0.7557924003707136,0.089679133455957891,0.31003474351113836,0.066190384707765379,0.22837683262580954
resnet1d,1632,0.75625579240037066,0.089787581699346794,0.31045751633986934,0.066246396690889178,0.22850923464935399
resnet1d,1633,0.75671918443002772,0.089895897121862009,0.31067564809144721,0.066317548456705122,0.22871998378927128
resnet1d,1634,0.75718257645968501,0.090004079967360665,0.31109751121991019,0.06638658319651615,0.22888340720715608
resnet1d,1635,0.75764596848934185,0.090071355759429553,0.3113149847094801,0.066394460190386459,0.22890723575850522
resnet1d,1636,0.75810936051899913,0.09009779951100283,0.31153219233903834,0.066411321385621266,0.22894946330120067
resnet1d,1637,0.75857275254865619,0.090164935858277728,0.31174913459580539,0.066422280889379126,0.22898989085894775
resnet1d,1638,0.75903614457831325,0.090313390313390696,0.31196581196581197,0.066477708615124684,0.22911962835793345
resnet1d,1639,0.75949953660797032,0.090380313199105541,0.3121822249339028,0.066579894672723003,0.22939334592828672
resnet1d,1640,0.75996292863762738,0.090487804878049152,0.31260162601626013,0.066620801737044599,0.22949780413759768
resnet1d,1641,0.76042632066728455,0.090554539914686538,0.31302051594556163,0.066624338965642391,0.22951159507522786
resnet1d,1642,0.76088971269694161,0.090580592773041382,0.31303288672350793,0.066637527952303072,0.22955234766093799
resnet1d,1643,0.76135310472659867,0.09072834246297462,0.31345100426049904,0.066669003443394298,0.22963620094743142
resnet1d,1644,0.76181649675625585,0.09071370640713744,0.31346309813463097,0.06665575526787737,0.22961807858043246
resnet1d,1645,0.76227988878591291,0.090739614994934506,0.31367781155015201,0.066660573213261617,0.22963827656978494
resnet1d,1646,0.76274328081556997,0.090846496557311029,0.31409477521263668,0.066710756534726273,0.22975971293486616
resnet1d,1647,0.76320667284522703,0.090953248330297873,0.31430884436348921,0.066763386503230424,0.22991175781849113
resnet1d,1648,0.76367006487488409,0.091019417475728517,0.31432038834951453,0.066802661727116339,0.23000252013635344
resnet1d,1649,0.76413345690454137,0.091045077824944767,0.31433191833434404,0.066835363304655934,0.23008050190813992
resnet1d,1650,0.76459684893419821,0.091070707070707413,0.31454545454545452,0.06685305733537851,0.23013382273860791
resnet1d,1651,0.7650602409638555,0.091055925701595333,0.31455683424187364,0.066856084232358656,0.23014797143931218
resnet1d,1652,0.76552363299351256,0.091000807102502371,0.31436642453591607,0.066840080562728943,0.23012333388516962
resnet1d,1653,0.76598702502316962,0.091187739463601883,0.31478120588828395,0.066925407257983127,0.23032595323907254
resnet1d,1654,0.76645041705282668,0.091213220475615031,0.31499395405078595,0.066926535925833752,0.23033801207209573
resnet1d,1655,0.76691380908248374,0.091198388721047685,0.31500503524672713,0.066922299392813134,0.2303369095492647
resnet1d,1656,0.76737720111214092,0.091223832528180712,0.31521739130434784,0.06695875857308832,0.2304505564711872
resnet1d,1657,0.76784059314179798,0.091249245624623151,0.31542949104807882,0.067006914465543854,0.23056908486723537
resnet1d,1658,0.76830398517145504,0.091314837153196979,0.31544028950542824,0.067044784074251684,0.23066161317937861
resnet1d,1659,0.7687673772011121,0.091380349608198061,0.31565199919630299,0.067108520183322529,0.23084353529603488
resnet1d,1660,0.76923076923076927,0.091405622489960162,0.31586345381526099,0.067138713900983568,0.23092003785741891
resnet1d,1661,0.76969416126042633,0.091511137868754089,0.31607465382299815,0.06716559645334938,0.23100294701190061
resnet1d,1662,0.7701575532900834,0.091536301644605231,0.31608503810669869,0.067186959057635554,0.23106211352654296
resnet1d,1663,0.77062094531974046,0.091641611545400223,0.31649629184205252,0.067221829589705476,0.23114673868820454
resnet1d,1664,0.77108433734939774,0.091706730769231096,0.31670673076923078,0.067253275477625399,0.23121944907149392
resnet1d,1665,0.77154772937905458,0.09189189189189223,0.31711711711711715,0.067334486511024028,0.23143466987774244
resnet1d,1666,0.77201112140871186,0.091876750700280452,0.31712685074029617,0.067327477114552614,0.23142844566079332
resnet1d,1667,0.7724745134383687,0.091981603679264487,0.31753649270145973,0.067351419165841572,0.2314852580382738
resnet1d,1668,0.77293790546802599,0.092086330935252134,0.31774580335731417,0.067422939054237935,0.23168245629667242
resnet1d,1669,0.77340129749768305,0.092150988615938012,0.31795486319153188,0.067444994961700769,0.23173743339512809
resnet1d,1670,0.77386468952734011,0.092255489021956419,0.31816367265469064,0.067489476533699369,0.23184496174922317
resnet1d,1671,0.77432808155699717,0.092359864352683341,0.31857171354478359,0.067530069941479698,0.23196842400070095
resnet1d,1672,0.77479147358665434,0.092464114832536207,0.31877990430622011,0.067561945941828072,0.2320425632883317
resnet1d,1673,0.77525486561631141,0.092528392109982385,0.31898784618449888,0.067589159161549603,0.23211256331898097
resnet1d,1674,0.77571825764596847,0.092592592592592907,0.31939466348068496,0.067655373906599411,0.23231050422770419
resnet1d,1675,0.77618164967562553,0.092577114427860999,0.31940298507462689,0.06766317717246273,0.23233693554735191
resnet1d,1676,0.7766450417052827,0.092720763723150676,0.31980906921241048,0.067742741180376334,0.23252557162165269
resnet1d,1677,0.77710843373493976,0.092744981117074451,0.32001590141125025,0.067781247669067665,0.23265911195042024
resnet1d,1678,0.77757182576459682,0.092808899483512439,0.32002383790226463,0.067827539036547188,0.23278051101756639
resnet1d,1679,0.77803521779425389,0.092872741711336415,0.3202302958109986,0.067869002692411404,0.23289354196035358
resnet1d,1680,0.77849860982391095,0.092936507936508247,0.32043650793650791,0.067891617844644578,0.23294924799711234
resnet1d,1681,0.77896200185356823,0.09296053936149147,0.32064247471743007,0.067909103224012224,0.23299415102439627
resnet1d,1682,0.77942539388322507,0.093063812921125935,0.32104637336504166,0.067996215596600212,0.23322759417766367
resnet1d,1683,0.77988878591288235,0.093127351950881662,0.32125173301643889,0.06801485721742688,0.23327776061483751
resnet1d,1684,0.78035217794253942,0.093230403800475356,0.32165479018210608,0.06806638975377019,0.23343394003313903
resnet1d,1685,0.78081556997219648,0.093175074183976567,0.32146389713155293,0.068074315372680438,0.23345898595559753
resnet1d,1686,0.78127896200185354,0.093198892843021242,0.32166864373270065,0.068127434140026075,0.23361529976167586
resnet1d,1687,0.78174235403151071,0.0931831653823358,0.32167555819008098,0.068132200350993974,0.23363825358838794
resnet1d,1688,0.78220574606116777,0.093206951026856513,0.3218799368088468,0.068157638704752332,0.23370823145072625
resnet1d,1689,0.78266913809082483,0.093191237418591144,0.32188671797908031,0.068180514494510791,0.23378963871508027
resnet1d,1690,0.7831325301204819,0.093214990138067333,0.32209072978303749,0.068177015512114733,0.23379267782358393
resnet1d,1691,0.78359592215013907,0.093356987975557137,0.32249162231421252,0.068235238546319063,0.23393148725241533
resnet1d,1692,0.78405931417979613,0.093420015760441566,0.32269503546099293,0.068283403872181458,0.23405539454849514
resnet1d,1693,0.78452270620945319,0.093482969088403492,0.32309509746012993,0.06834179012276638,0.23419809067330566
resnet1d,1694,0.78498609823911025,0.09350649350649376,0.32329791420700515,0.068364684560999311,0.23425720548251086
resnet1d,1695,0.78544949026876731,0.093490658800393575,0.32330383480825958,0.068366597027205767,0.23426958055456018
resnet1d,1696,0.7859128822984246,0.093553459119497098,0.3235062893081761,0.068388028094040612,0.23433150091268753
resnet1d,1697,0.78637627432808144,0.093616185425260512,0.32370850520526417,0.068429553575121593,0.23445599577015663
resnet1d,1698,0.78683966635773872,0.093639575971731712,0.32391048292108365,0.068460142503172741,0.23453820163515723
resnet1d,1699,0.78730305838739578,0.093623700215813468,0.3239160290366882,0.068467065772039301,0.23456014942781134
resnet1d,1700,0.78776645041705284,0.093803921568627699,0.32431372549019605,0.06857040203978905,0.23482530596705756
resnet1d,1701,0.78822984244670991,0.093787967862042174,0.32431902802273171,0.06856271046271871,0.23481860245030164
resnet1d,1702,0.78869323447636697,0.093811202506854929,0.32432432432432434,0.068573942835731039,0.23485148646048915
resnet1d,1703,0.78915662650602414,0.093834409864944457,0.32452534742611078,0.068608961422834749,0.23494266235041406
resnet1d,1704,0.7896200185356812,0.093935837245696638,0.32472613458528948,0.068637578013280909,0.23501186937610721
resnet1d,1705,0.79008341056533826,0.094037145650049114,0.32512218963831868,0.068691065105927582,0.23514160034025075
resnet1d,1706,0.79054680259499532,0.094138335287221819,0.32532239155920278,0.068761100992925608,0.23534090580397291
resnet1d,1707,0.7910101946246525,0.094239406365944398,0.32552235891427456,0.068795279588997824,0.23543752308171503
resnet1d,1708,0.79147358665430956,0.09430132708821258,0.32572209211553477,0.068824960400225885,0.23550981020088038
resnet1d,1709,0.79193697868396662,0.094324166179052316,0.3257265457382485,0.068831781008308487,0.23553248266865587
resnet1d,1710,0.79240037071362368,0.094307992202729285,0.32573099415204676,0.068828579278365762,0.23553622769950122
resnet1d,1711,0.79286376274328096,0.094447691408533263,0.32593025521137736,0.0689094121628821,0.23576234163085644
resnet1d,1712,0.7933271547729378,0.094587227414330441,0.32632398753894082,0.068983040056194489,0.23597464880526783
resnet1d,1713,0.79379054680259509,0.094570928196147333,0.326328079392878,0.068967712877342005,0.23595253256782719
resnet1d,1714,0.79425393883225193,0.094632438739790173,0.32672112018669774,0.069011638268846556,0.23607050340389524
resnet1d,1715,0.79471733086190921,0.094616132167152797,0.32672497570456754,0.069015652601528976,0.23609071478226437
resnet1d,1716,0.79518072289156627,0.094599844599844815,0.32672882672882669,0.06902697551180971,0.23612356060494141
resnet1d,1717,0.79564411492122333,0.094622403416812495,0.32673267326732675,0.069050193782506111,0.23618282537668814
resnet1d,1718,0.79610750695088039,0.094683740783857426,0.32693053938688399,0.069098608475729364,0.23629601577920012
resnet1d,1719,0.79657089898053757,0.094745006786891808,0.32712817529571458,0.069139001905739531,0.23639399964164565
resnet1d,1720,0.79703429101019463,0.094806201550387811,0.32732558139534879,0.069153549506607279,0.23643109604615517
resnet1d,1721,0.79749768303985169,0.094906062366841182,0.32752275808638392,0.069211934664225996,0.23659333233088106
resnet1d,1722,0.79796107506950875,0.094967092528068342,0.32771970576848625,0.069258157170081561,0.23670743657847246
resnet1d,1723,0.79842446709916592,0.095066744051073918,0.32791642484039468,0.069314251598995971,0.23683847341158951
resnet1d,1724,0.79888785912882299,0.095088940448569428,0.32811291569992268,0.069331136432398632,0.23688063338395873
resnet1d,1725,0.79935125115848005,0.095111111111111313,0.32830917874396132,0.069356047006698243,0.23693814210215183
resnet1d,1726,0.79981464318813711,0.095133256083430096,0.32831208960988795,0.069368385768211929,0.23697387502651371
resnet1d,1727,0.80027803521779417,0.095271183169272536,0.32870102296853893,0.069450980574145199,0.23717449033344737
resnet1d,1728,0.80074142724745145,0.095370370370370564,0.3290895061728395,0.069513969210142357,0.23733631763875007
resnet1d,1729,0.80120481927710829,0.095392326971274533,0.32928475033738192,0.069548185721939271,0.2374234468641232
resnet1d,1730,0.80166821130676558,0.095375722543352803,0.32928709055876687,0.069557162546877604,0.23745065263027043
resnet1d,1731,0.80213160333642264,0.095397650683612736,0.32948199499326014,0.069576492899051434,0.2374992288555314
resnet1d,1732,0.8025949953660797,0.095458044649730733,0.32967667436489606,0.069627133876465519,0.23765021586381882
resnet1d,1733,0.80305838739573676,0.095479899980765712,0.32967878438161186,0.06965001457492874,0.23771092400954816
resnet1d,1734,0.80352177942539393,0.095540176855055933,0.32987312572087657,0.069695325898251129,0.23782423045388465
resnet1d,1735,0.803985171455051,0.095523535062440157,0.32987512007684922,0.069707514175191179,0.23786084260825868
resnet1d,1736,0.80444856348470806,0.095506912442396508,0.32987711213517668,0.069709740433784154,0.23787668542546214
resnet1d,1737,0.80491195551436512,0.095567069660334084,0.33007100364613318,0.069745945299745593,0.23796189185371244
resnet1d,1738,0.80537534754402229,0.095665515918680666,0.33045646336785578,0.069837069827779555,0.23821962604701785
resnet1d,1739,0.80583873957367935,0.095725512746789518,0.33064979873490513,0.069870490589624315,0.23831436719386687
resnet1d,1740,0.80630213160333641,0.095785440613027004,0.33084291187739467,0.069896882032499719,0.23838034535870545
resnet1d,1741,0.80676552363299348,0.095807007466973182,0.33084434233199311,0.06991153495425316,0.23842164878666772
resnet1d,1742,0.80722891566265054,0.0957902793723691,0.33084577114427854,0.069896572427487327,0.23840056115181532
resnet1d,1743,0.80769230769230782,0.095811818703385135,0.33103843947217443,0.069924432260144401,0.23848242626157604
resnet1d,1744,0.80815569972196466,0.095833333333333492,0.33123088685015289,0.069938024605867205,0.23851950494083893
resnet1d,1745,0.80861909175162194,0.095854823304680203,0.3314231136580707,0.069952729136711272,0.23856581314889966
resnet1d,1746,0.809082483781279,0.096029018709431244,0.3318060328369607,0.070066440306124564,0.23889057612301498
resnet1d,1747,0.80954587581093607,0.096012211410036408,0.33180690707880173,0.070075842130496932,0.23893096464915764
resnet1d,1748,0.81000926784059313,0.096147978642257978,0.33199847444698705,0.070134418617502928,0.23908347893921481
resnet1d,1749,0.81047265987025019,0.096131122546217043,0.33199923765961503,0.070165076702572937,0.23915936999644852
resnet1d,1750,0.81093605189990736,0.0961523809523811,0.33200000000000002,0.070192997780518476,0.23924030749493186
resnet1d,1751,0.81139944392956442,0.09617361507709897,0.33200076146963636,0.070210546386650474,0.23928588492249858
resnet1d,1752,0.81186283595922148,0.096156773211567889,0.33200152207001521,0.070219237427644451,0.23931287959704803
resnet1d,1753,0.81232622798887855,0.096292070735881488,0.33219243202129684,0.070298751487935462,0.23952744816922275
resnet1d,1754,0.81278962001853572,0.096313188901558489,0.33238312428734318,0.070319689793628737,0.239582825943047
resnet1d,1755,0.81325301204819278,0.096410256410256565,0.33276353276353277,0.070366970004217946,0.23970331097045317
resnet1d,1756,0.81371640407784984,0.096431283219438266,0.33276385725132879,0.070383068010090435,0.23974679691589662
resnet1d,1757,0.8141797961075069,0.09641434262948223,0.33276418136975905,0.070392387189018912,0.23977562468845429
resnet1d,1758,0.81464318813716419,0.096549108835798411,0.33295411452408041,0.070483126915361211,0.24001540512194533
resnet1d,1759,0.81510658016682103,0.096645821489482808,0.33333333333333331,0.070546056693446491,0.24016565380503505
resnet1d,1760,0.81556997219647831,0.096742424242424394,0.33371212121212124,0.070594692334788822,0.24028181085143838
resnet1d,1761,0.81603336422613515,0.096725345447662439,0.33371190611395041,0.070586101615206912,0.24027396800858605
resnet1d,1762,0.81649675625579243,0.09682179341657221,0.33390087022323117,0.070668607831811572,0.2404801833005247
resnet1d,1763,0.81696014828544949,0.096880317640385835,0.33427869162412555,0.070678082987513047,0.24050752265884903
resnet1d,1764,0.81742354031510656,0.096976568405139948,0.33465608465608465,0.070724038250266796,0.24063301597161579
resnet1d,1765,0.81788693234476362,0.097034938621341008,0.33484419263456089,0.070766401829887887,0.24073936964582351
resnet1d,1766,0.81835032437442079,0.097130992827482207,0.33503208758021891,0.070787042624842034,0.24079312698511421
resnet1d,1767,0.81881371640407785,0.097113752122241201,0.33503112620260334,0.070802521983084024,0.24083410959941187
resnet1d,1768,0.81927710843373491,0.097096530920060445,0.33503016591251883,0.070819064646795549,0.2408760657584543
resnet1d,1769,0.81974050046339197,0.097117015262860484,0.33521763708309776,0.070832998457027604,0.2409144493785651
resnet1d,1770,0.82020389249304915,0.097099811676082962,0.33521657250470804,0.07083713750334715,0.24093480070466125
resnet1d,1771,0.82066728452270621,0.097157914549219002,0.33559194428759648,0.070866395898882939,0.24101030146227509
resnet1d,1772,0.82113067655236327,0.097253574115876706,0.33577878103837472,0.070902027428226808,0.2410975440486158
resnet1d,1773,0.82159406858202055,0.097349125775521808,0.33596540703139688,0.070955283377594727,0.24124025168420671
resnet1d,1774,0.82205746061167739,0.097406989853438666,0.33615182262307403,0.070961330165487127,0.24126150832179483
resnet1d,1775,0.82252085264133468,0.097464788732394461,0.33633802816901409,0.071010376770665282,0.24138342142774524
resnet1d,1776,0.82298424467099152,0.097409909909910011,0.33614864864864868,0.070995001591477938,0.24136204214856138
resnet1d,1777,0.8234476367006488,0.097580191333708599,0.33652222847495777,0.071064714345354343,0.24152497714017965
resnet1d,1778,0.82391102873030586,0.097637795275590647,0.33670791151106111,0.071080130953974419,0.2415694704089201
resnet1d,1779,0.82437442075996292,0.097620385984635669,0.33670601461495225,0.071093221942250595,0.24161794037402728
resnet1d,1780,0.82483781278961998,0.097602996254681731,0.33670411985018728,0.07108514536170249,0.24161147197420116
resnet1d,1781,0.82530120481927716,0.097623058206999902,0.33688938798427848,0.071108094314737566,0.24167999243588686
resnet1d,1782,0.82576459684893422,0.097643097643097712,0.33707444818555937,0.071138807761451248,0.24175133780688665
resnet1d,1783,0.82622798887859128,0.097737894933632538,0.33744625163581982,0.071170493697493176,0.24183169572940266
resnet1d,1784,0.82669138090824834,0.097720478325859575,0.33744394618834078,0.071157260090596183,0.24181550657521647
resnet1d,1785,0.82715477293790551,0.097852474323062641,0.33781512605042013,0.071235900633212348,0.24200907822885878
resnet1d,1786,0.82761816496756258,0.097946995147443164,0.33799925345278092,0.071281325983264268,0.24211662852134494
resnet1d,1787,0.82808155699721964,0.097966797239321099,0.33818317478082455,0.071290130733985491,0.24214365083319767
resnet1d,1788,0.8285449490268767,0.098023862788963537,0.33818046234153615,0.071304097862219348,0.24218736909130165
resnet1d,1789,0.82900834105653376,0.0979690702440843,0.33799142910378238,0.071289566761232701,0.24216851648210413
resnet1d,1790,0.82947173308619104,0.098063314711359484,0.33817504655493485,0.071328962563452045,0.24226132805833642
resnet1d,1791,0.82993512511584788,0.098194677089149529,0.3383584589614741,0.071392168883533905,0.2424349859970977
resnet1d,1792,0.83039851714550517,0.098325892857142938,0.33854166666666669,0.071420424548345116,0.24250781215049341
resnet1d,1793,0.83086190917516223,0.09841978062836966,0.33891057817438192,0.071447558294042549,0.24257317987960825
resnet1d,1794,0.83132530120481929,0.098402081010776743,0.33890746934225197,0.071462421048691868,0.24262716769677306
resnet1d,1795,0.83178869323447635,0.098458681522748448,0.33909006499535749,0.071493700522602496,0.24270513501572288
resnet1d,1796,0.83225208526413341,0.098552338530066882,0.33945805493689685,0.071552128269104925,0.24284930362202928
resnet1d,1797,0.83271547729379058,0.098682990168799931,0.33964014097570022,0.071607368035290386,0.24298540011607461
resnet1d,1798,0.83317886932344765,0.098702261772339706,0.3396366332962551,0.071649617389811973,0.24313102046399634
resnet1d,1799,0.83364226135310471,0.098758569575690278,0.33963312951639796,0.071667583619460171,0.24319193270457062
resnet1d,1800,0.83410565338276177,0.098814814814814869,0.33981481481481479,0.071680824321688263,0.24323126700234177
resnet1d,1801,0.83456904541241894,0.098945030538589732,0.34018138071441789,0.071737863207871067,0.24337573560981815
resnet1d,1802,0.835032437442076,0.098927118017018201,0.34017758046614871,0.071749418287185451,0.24341025490395021
resnet1d,1803,0.83549582947173306,0.099094102421889499,0.34035866149010907,0.071837878032497304,0.24366178821923087
resnet1d,1804,0.83595922150139013,0.099150036954915075,0.34053954175905399,0.071864777403379876,0.24373297974087835
resnet1d,1805,0.83642261353104741,0.099168975069252152,0.34053554939981528,0.071905095746525566,0.24383159269812904
resnet1d,1806,0.83688600556070425,0.099224806201550442,0.34090070136581768,0.071906102477483899,0.24384413231701027
resnet1d,1807,0.83734939759036153,0.099354362663715237,0.34126544917911827,0.07194864442063803,0.24394627817285738
resnet1d,1808,0.83781278962001837,0.099483775811209499,0.34162979351032446,0.07197145633779789,0.2440054535370394
resnet1d,1809,0.83827618164967566,0.099576193108531455,0.3419937350285609,0.072024435725167812,0.24414222746973602
resnet1d,1810,0.83873957367933272,0.099705340699815889,0.34217311233885822,0.072092139801152436,0.24431746446686473
resnet1d,1811,0.83920296570898978,0.099760721516657533,0.342352291551629,0.072104957922780807,0.24435268986808392
resnet1d,1812,0.83966635773864684,0.099889624724061862,0.3427152317880795,0.07214887480881739,0.2444957792986584
resnet1d,1813,0.84012974976830401,0.09994484280198572,0.34289391432248578,0.072179923633793233,0.24457491463422454
resnet1d,1814,0.84059314179796107,0.10003675119441387,0.3430723998529952,0.072256666244184101,0.24476593687182679
resnet1d,1815,0.84105653382761814,0.10001836547291099,0.34306703397612487,0.072257407539988036,0.24477772160804598
resnet1d,1816,0.84151992585727531,0.10003671071953017,0.3430616740088106,0.072255203597549111,0.24478368360473191
resnet1d,1817,0.84198331788693237,0.10012841680425615,0.34342322509631257,0.07232067961521732,0.2449810776609298
resnet1d,1818,0.84244670991658943,0.10011001100110016,0.34341767510084348,0.072313923952356293,0.24497864584735604
resnet1d,1819,0.84291010194624649,0.10012827560930919,0.34359538207806489,0.07233786542746902,0.24504907952418273
resnet1d,1820,0.84337349397590378,0.10010989010989015,0.34358974358974353,0.072352838933350774,0.24512959908817392
resnet1d,1821,0.84383688600556062,0.10016474464579905,0.34376716090060405,0.072383735703039631,0.24520607158725541
resnet1d,1822,0.8443002780352179,0.10021953896816689,0.34394438346139777,0.072395025627471035,0.24523977902394825
resnet1d,1823,0.84476367006487474,0.10038398244651676,0.34430426037666856,0.072489461296817312,0.24548642922310729
resnet1d,1824,0.84522706209453202,0.10032894736842109,0.3441154970760234,0.072478030263816259,0.24547440265475537
resnet1d,1825,0.84569045412418908,0.10045662100456625,0.34447488584474883,0.072514873101033314,0.24556399691478925
resnet1d,1826,0.84615384615384615,0.10043811610076675,0.3444687842278204,0.072521260641990923,0.24558651908762172
resnet1d,1827,0.84661723818350321,0.10052910052910058,0.34464513774858602,0.072562305416024139,0.24568930781167789
resnet1d,1828,0.84708063021316038,0.100583515681984,0.34482129832239239,0.072573379596590701,0.24572575398014948
resnet1d,1829,0.84754402224281744,0.10063787133223988,0.34499726626571903,0.072616905502381993,0.24583444811604074
resnet1d,1830,0.8480074142724745,0.10058287795992717,0.34480874316939891,0.072627554754234866,0.24586723215696024
resnet1d,1831,0.84847080630213156,0.10067358456217007,0.34516657564172587,0.072704414294055067,0.24606861914618769
resnet1d,1832,0.84893419833178874,0.10076419213973803,0.34552401746724892,0.072764748783887875,0.24621673706685698
resnet1d,1833,0.8493975903614458,0.10081833060556467,0.3456992180396436,0.072808949267889805,0.24632332942259752
resnet1d,1834,0.84986098239110286,0.10087241003271541,0.34569247546346782,0.072871935319223632,0.24650455837150109
resnet1d,1835,0.85032437442075992,0.1009627611262489,0.34586739327883748,0.072926605773158584,0.24663056536010761
resnet1d,1836,0.85078776645041698,0.10098039215686276,0.34604212055192446,0.072970961931090858,0.24674462089294005
resnet1d,1837,0.85125115848007427,0.10099800399201599,0.34621665759390313,0.072999835226353005,0.24682279261547221
resnet1d,1838,0.85171455050973111,0.10112441059122236,0.34657236126224156,0.073074770931886371,0.2470553202703937
resnet1d,1839,0.85217794253938839,0.10125067971723765,0.34674642015588181,0.073157134264367332,0.24727924548620486
resnet1d,1840,0.85264133456904545,0.10130434782608698,0.34692028985507245,0.073190724431364346,0.24737211382049193
resnet1d,1841,0.85310472659870251,0.10128553322469674,0.34691290965055227,0.073217369219796366,0.2474539422477027
resnet1d,1842,0.85356811862835957,0.10137531668476295,0.34708650018096271,0.073256493366717329,0.24754586889762331
resnet1d,1843,0.85403151065801663,0.10150117561946104,0.34744076686561765,0.073319361342261205,0.247688490609728
resnet1d,1844,0.85449490268767381,0.1015184381778742,0.34761388286334055,0.073335439160229221,0.24773371703168587
resnet1d,1845,0.85495829471733087,0.10160794941282747,0.34796747967479674,0.073382880869803754,0.24787591069779177
resnet1d,1846,0.85542168674698793,0.10162513542795233,0.34795955218490432,0.07338911710765765,0.24789958601487347
resnet1d,1847,0.85588507877664499,0.10171449196895867,0.34831257895686701,0.073434870662472354,0.24801903104708045
resnet1d,1848,0.85634847080630216,0.1018037518037518,0.34848484848484845,0.073475229386475577,0.24812263982950841
resnet1d,1849,0.85681186283595923,0.10192897061474671,0.34883720930232553,0.07350892761165384,0.24820659761947983
resnet1d,1850,0.85727525486561629,0.10201801801801802,0.349009009009009,0.073533681718289487,0.24826933540582488
resnet1d,1851,0.85773864689527335,0.1021429857734558,0.3493607059247254,0.073568818891595611,0.24835421687470971
resnet1d,1852,0.85820203892493063,0.10219582433405328,0.34953203743700506,0.073583083591661366,0.24839572549581523
resnet1d,1853,0.85866543095458747,0.10224860586436409,0.34970318402590395,0.073597974397509702,0.2484380192084521
resnet1d,1854,0.85912882298424476,0.1022653721682848,0.34987414599065086,0.073593726368972781,0.24844047426302895
resnet1d,1855,0.85959221501390159,0.1023539982030548,0.35022461814914646,0.073613359783684204,0.24849163654398598
resnet1d,1856,0.86005560704355888,0.10237068965517239,0.35039511494252867,0.073621048308866954,0.24851883409437814
resnet1d,1857,0.86051899907321594,0.10242326332794828,0.35056542810985464,0.0736337015318307,0.24855593386384153
resnet1d,1858,0.860982391102873,0.10247578040904197,0.35091496232508068,0.073626205615130544,0.24855192129733286
resnet1d,1859,0.86144578313253017,0.1024565178411332,0.35090550475165855,0.073644461260106542,0.24859862131439989
resnet1d,1860,0.86190917516218724,0.10243727598566305,0.35089605734767026,0.073646742189275957,0.24861442155933003
resnet1d,1861,0.8623725671918443,0.10245387784345332,0.35088662009672217,0.073643750107635811,0.24861930993637413
resnet1d,1862,0.86283595922150136,0.10247046186895808,0.35087719298245618,0.073664591724343878,0.24867217609259987
resnet1d,1863,0.86329935125115853,0.10241545893719804,0.35068885310431203,0.0736678865216044,0.2486898425911741
resnet1d,1864,0.86376274328081559,0.10239628040057223,0.3506795422031474,0.073669954267562301,0.24870519062903143
resnet1d,1865,0.86422613531047265,0.10244861483467378,0.35084897229669348,0.073697819088606828,0.24877570293459852
resnet1d,1866,0.86468952734012972,0.10257234726688101,0.35119685602000716,0.073726079839331202,0.24884447724038275
resnet1d,1867,0.865152919369787,0.10262453133369039,0.35136582753079809,0.073750710572535363,0.24892992410238246
resnet1d,1868,0.86561631139944384,0.10267665952890788,0.35153461812990722,0.073785507372971459,0.24901279711521407
resnet1d,1869,0.86607970342910112,0.10272873194221506,0.35170322810772242,0.07381431947094437,0.24908223555781842
resnet1d,1870,0.86654309545875796,0.10288770053475933,0.35204991087344029,0.073881324980786575,0.24924955936652474
resnet1d,1871,0.86700648748841525,0.10293960448957773,0.35221806520577231,0.073922482081940397,0.24937072651806846
resnet1d,1872,0.86746987951807231,0.10299145299145296,0.35238603988603989,0.073934157328063368,0.24940506500932383
resnet1d,1873,0.86793327154772937,0.10311443317316245,0.35273180281188826,0.073995371209071945,0.24955418562421725
resnet1d,1874,0.86839666357738643,0.10316613304873706,0.35289932408395591,0.07403184817194769,0.24966002282274938
resnet1d,1875,0.8688600556070436,0.10321777777777774,0.35306666666666664,0.074064497288720998,0.24974403897098429
resnet1d,1876,0.86932344763670066,0.10326936744847189,0.3532338308457712,0.074086772147233193,0.24980344295301435
resnet1d,1877,0.86978683966635773,0.10342745515894153,0.35357840525661516,0.074181456869394188,0.250048217636331
resnet1d,1878,0.87025023169601479,0.10340788072417462,0.35356762513312034,0.074179647390717529,0.25005650422689002
resnet1d,1879,0.87071362372567196,0.10356572645023944,0.35391165513571049,0.074260160234802378,0.25027242841165681
resnet1d,1880,0.87117701575532902,0.10361702127659571,0.35407801418439711,0.074265762015687797,0.25029458039301039
resnet1d,1881,0.87164040778498608,0.10373914584440896,0.35442140705298603,0.074334853655738747,0.25046063803118085
resnet1d,1882,0.87210379981464314,0.10386114063053485,0.35476443499822885,0.074353748117840332,0.25051062581379596
resnet1d,1883,0.87256719184430021,0.10391219684899977,0.3549300761196672,0.07440441958422582,0.25065696911726099
resnet1d,1884,0.87303058387395749,0.10403397027600843,0.35527246992215145,0.074465526942610966,0.25080515021982497
resnet1d,1885,0.87349397590361433,0.10415561450044203,0.3556145004420867,0.074492653759835395,0.25087092681057138
resnet1d,1886,0.87395736793327161,0.10424178154825021,0.35595616825733473,0.074506012193922902,0.25090890834719398
resnet1d,1887,0.87442075996292867,0.10432785726903367,0.35612082670906203,0.074534495438990545,0.25098334589046112
resnet1d,1888,0.87488415199258573,0.10437853107344626,0.35646186440677968,0.074590783647475511,0.25113340090415232
resnet1d,1889,0.8753475440222428,0.10446444326804299,0.35680254102699838,0.074625772617327987,0.25122295564812364
resnet1d,1890,0.87581093605189986,0.10447971781305108,0.35696649029982358,0.074644169062251284,0.25127537805776057
resnet1d,1891,0.87627432808155703,0.10456548563370344,0.35713026617310062,0.074657869474566693,0.25131626893503439
resnet1d,1892,0.87673772011121409,0.10461592670894991,0.35729386892177589,0.074690644676537368,0.25139764562285244
resnet1d,1893,0.87720111214087115,0.10463109702412392,0.35745729882021487,0.074729481464813827,0.25150912544456289
resnet1d,1894,0.87766450417052821,0.10468145019359372,0.35762055614220345,0.074773379409790633,0.25161591663446387
resnet1d,1895,0.87812789620018539,0.10483729111697443,0.35795954265611263,0.074844119054590999,0.25178634434720709
resnet1d,1896,0.87859128822984245,0.10495780590717292,0.35812236286919835,0.074935200555344458,0.2520464652024294
resnet1d,1897,0.87905468025949951,0.10490247759620447,0.35793357933579334,0.074925631727457601,0.25203950129790953
resnet1d,1898,0.87951807228915657,0.10488233227959248,0.35792061819459081,0.074941718669527257,0.25208491727496796
resnet1d,1899,0.87998146431881386,0.1048973143759873,0.35790767070387924,0.074981637127505232,0.25218847035344788
resnet1d,1900,0.88044485634847069,0.10487719298245607,0.35789473684210527,0.074989683671286167,0.25221617702386007
resnet1d,1901,0.88090824837812798,0.10482202349640531,0.35770647027880065,0.074991186365283943,0.25223063814804753
resnet1d,1902,0.88137164040778504,0.10480196284612682,0.35769365580091134,0.075006487103474004,0.25227995017677141
resnet1d,1903,0.8818350324374421,0.10485198808898223,0.3578560168155544,0.075019987182961323,0.25232098505183959
resnet1d,1904,0.88229842446709916,0.10479691876750692,0.35766806722689076,0.07502533942931694,0.25234403161845792
resnet1d,1905,0.88276181649675622,0.10495188101487307,0.35800524934383199,0.075079466974921349,0.25247647468033568
resnet1d,1906,0.8832252085264134,0.10503672612801672,0.3583420776495278,0.07513150200720449,0.25261423878283468
resnet1d,1907,0.88368860055607046,0.10515644118161153,0.35867855270057686,0.075165930914396814,0.25270305204701599
resnet1d,1908,0.88415199258572752,0.10524109014675044,0.35883997204751922,0.075203546033540514,0.25281925881078754
resnet1d,1909,0.88461538461538458,0.10532565042779807,0.35917583376986206,0.07525851792925288,0.2529573496707414
resnet1d,1910,0.88507877664504175,0.10544502617801038,0.35951134380453748,0.075293906873998326,0.25304189348436701
resnet1d,1911,0.88554216867469882,0.10556427699284833,0.35984650270364554,0.075364926017948683,0.25321440621663927
resnet1d,1912,0.88600556070435588,0.10550906555090646,0.35965829846582986,0.075356096666525429,0.2532091457852404
resnet1d,1913,0.88646895273401294,0.10566300749259444,0.35999303014462453,0.075434720278755141,0.25342842223231737
resnet1d,1914,0.88693234476367022,0.10564263322884004,0.35997910135841171,0.075429941688858401,0.25343180533818382
resnet1d,1915,0.88739573679332706,0.10569190600522184,0.36031331592689297,0.075467114971412882,0.25353458118349703
resnet1d,1916,0.88785912882298434,0.10577592205984682,0.36064718162839249,0.075515791932716986,0.25366322830104227
resnet1d,1917,0.88832252085264118,0.10585985046078933,0.36098069900886803,0.075556780738755006,0.2537605814095974
resnet1d,1918,0.88878591288229847,0.10587417448731307,0.36114007646854368,0.07556673949439896,0.25379261413610932
resnet1d,1919,0.88924930491195553,0.10588848358520053,0.36112558624283481,0.075563848695694394,0.25379971269771423
resnet1d,1920,0.88971269694161259,0.10590277777777768,0.36128472222222224,0.075597058166618061,0.25390922816132838
resnet1d,1921,0.89017608897126965,0.10598646538261312,0.3616172132569842,0.075643545799846987,0.2540209824808552
resnet1d,1922,0.89063948100092682,0.10610475199445013,0.36194935830731878,0.075675367798387558,0.25410305216204482
resnet1d,1923,0.89110287303058389,0.10615357947651229,0.36210781764603922,0.075708924740284386,0.25418377297752742
resnet1d,1924,0.89156626506024095,0.10627165627165618,0.36243936243936242,0.075798601997149162,0.25442122889847107
resnet1d,1925,0.89202965708989801,0.10628571428571416,0.36259740259740258,0.075834692705698425,0.25451483067360525
resnet1d,1926,0.89249304911955518,0.10633437175493238,0.36292834890965731,0.075851472341633905,0.25456475580335258
resnet1d,1927,0.89295644114921224,0.10645217090468766,0.36325895173845363,0.075917128953025034,0.25473142138779731
resnet1d,1928,0.8934198331788693,0.10650069156293211,0.36341632088520059,0.075943723407395358,0.25480906231312533
resnet1d,1929,0.89388322520852637,0.10651460169345071,0.36357352687057198,0.075972393984463885,0.25488264909900343
resnet1d,1930,0.89434661723818343,0.10652849740932629,0.36373056994818653,0.075964501894768097,0.25487989049607679
resnet1d,1931,0.89481000926784071,0.106507854306922,0.3637148282409805,0.075978559688600247,0.2549206347113076
resnet1d,1932,0.89527340129749755,0.10655624568668033,0.36387163561076602,0.075996227591220419,0.25496904175560925
resnet1d,1933,0.89573679332715483,0.10653560958785983,0.36385583721331266,0.075999333118410783,0.25498765290974051
resnet1d,1934,0.8962001853568119,0.1065494657014821,0.36401240951396069,0.076023335717776017,0.25505154137433994
resnet1d,1935,0.89666357738646896,0.10656330749353991,0.36416881998277351,0.076058125321308692,0.25514016663892403
resnet1d,1936,0.89712696941612602,0.10664600550964172,0.36449724517906334,0.076112529389541675,0.25527589814889856
resnet1d,1937,0.89759036144578308,0.10669420065393205,0.36465324384787468,0.076130303206066216,0.25532390797614074
resnet1d,1938,0.89805375347544025,0.10670794633642916,0.36480908152734776,0.076167055488628302,0.25542073799732518
resnet1d,1939,0.89851714550509731,0.10672167784081125,0.36496475846656357,0.076200065741135137,0.25551689833981012
resnet1d,1940,0.89898053753475438,0.10676975945017166,0.36512027491408938,0.07621553383946697,0.2555607567261497
resnet1d,1941,0.89944392956441144,0.10688648462991569,0.36544736390176885,0.076266930408111167,0.2557003251555402
resnet1d,1942,0.89990732159406861,0.10700308959835204,0.36577411603158255,0.07635175265448664,0.25591653086802157
resnet1d,1943,0.90037071362372567,0.10705095213587219,0.36610053182364038,0.076393271119292797,0.25602747860382258
resnet1d,1944,0.90083410565338273,0.10713305898491067,0.36642661179698216,0.076456702953233882,0.25619792529085372
resnet1d,1945,0.90129749768303979,0.10728363324764338,0.3667523564695801,0.076527337834766659,0.25636925019108242
resnet1d,1946,0.90176088971269708,0.10729701952723519,0.36690647482014382,0.076553416198706911,0.25643523969196397
resnet1d,1947,0.90222428174235392,0.10737887348056822,0.3672316384180791,0.076601743855632828,0.25655237737233005
resnet1d,1948,0.9026876737720112,0.10749486652977397,0.36755646817248461,0.076654677119224371,0.25668234622013519
resnet1d,1949,0.90315106580166826,0.10743971267316556,0.36736788096459727,0.076647042985860142,0.25668053790902923
resnet1d,1950,0.90361445783132532,0.10741880341880324,0.36735042735042733,0.076665437425621485,0.25674074113408979
resnet1d,1951,0.90407784986098239,0.10750042713138545,0.36750384418247051,0.07672244533111193,0.25688699365649104
resnet1d,1952,0.90454124189063945,0.10758196721311458,0.36765710382513661,0.076766546729964275,0.25698985474645575
resnet1d,1953,0.90500463392029662,0.10759515275644289,0.367810206519884,0.076785278479400865,0.25706204783330761
resnet1d,1954,0.90546802594995368,0.10760832480382104,0.36796315250767653,0.076809592639775395,0.25712431020782872
resnet1d,1955,0.90593141797961074,0.10762148337595889,0.36811594202898551,0.076814711991936915,0.25714757042338648
resnet1d,1956,0.9063948100092678,0.10777096114519409,0.36843899113837769,0.076865482802255289,0.25726980533469918
resnet1d,1957,0.90685820203892498,0.1078862204053822,0.36859138136603642,0.07692576281909104,0.25743752505327011
resnet1d,1958,0.90732159406858204,0.10796731358529094,0.36874361593462712,0.076958816832073715,0.25752174124647231
resnet1d,1959,0.9077849860982391,0.10798026203845483,0.36889569508252507,0.07697830738739625,0.25757738913351796
resnet1d,1960,0.90824837812789616,0.10799319727891139,0.36887755102040815,0.077017415676465237,0.25767936673249298
resnet1d,1961,0.90871177015755344,0.10807411184769657,0.36919938806731256,0.077061070428149428,0.25781846436986161
resnet1d,1962,0.90917516218721028,0.10815494393476026,0.36952089704383284,0.077089329967680156,0.25789101692247085
resnet1d,1963,0.90963855421686757,0.10823569366615705,0.36984207845135003,0.07714014388263421,0.25802619430517998
resnet1d,1964,0.91010194624652441,0.10835030549898149,0.36999321113374067,0.077189269823895179,0.2581542334213407
resnet1d,1965,0.91056533827618169,0.10843087362171312,0.37031382527565732,0.077232150086587112,0.25827894848621974
resnet1d,1966,0.91102873030583875,0.10847744998304491,0.37046456425907087,0.077257298750958756,0.25834887340289242
resnet1d,1967,0.91149212233549581,0.10849008642602929,0.37044568717166576,0.07728329276603306,0.25841699368929744
resnet1d,1968,0.91195551436515288,0.10863821138211364,0.37076558265582654,0.077333334411733623,0.25854365048782407
resnet1d,1969,0.91241890639481005,0.10871846961232416,0.37108515320805829,0.077355276822438215,0.25860224494024625
resnet1d,1970,0.91288229842446711,0.10873096446700488,0.37106598984771572,0.077377455408582818,0.25867486932036571
resnet1d,1971,0.91334569045412417,0.10881109419922186,0.37138508371385082,0.077408555599600179,0.25875259199669964
resnet1d,1972,0.91380908248378123,0.10889114266396194,0.37170385395537525,0.077458197956504951,0.25888935887728792
resnet1d,1973,0.9142724745134384,0.10900489947626268,0.37185335360702826,0.077496076506145997,0.25898269682970154
resnet1d,1974,0.91473586654309547,0.10911854103343445,0.37217156366092535,0.077528369338586284,0.25906646547858442
resnet1d,1975,0.91519925857275253,0.10913080168776351,0.37215189873417726,0.077576995924611147,0.25921474068112454
resnet1d,1976,0.91566265060240959,0.10921052631578927,0.3723009446693657,0.077628591180951653,0.25934548055422696
resnet1d,1977,0.91612604263206665,0.10929017029168753,0.3726184454560782,0.077662286531980831,0.25942797362354814
resnet1d,1978,0.91658943466172393,0.10930232558139515,0.37259858442871585,0.077685784533586932,0.25949490906071521
resnet1d,1979,0.91705282669138077,0.10931446858682818,0.37257874347313463,0.077729951133234609,0.25960768189660288
resnet1d,1980,0.91751621872103806,0.10942760942760922,0.37289562289562289,0.077772632526250551,0.25971127068731392
resnet1d,1981,0.91797961075069512,0.10957428907958923,0.37321218239946158,0.077822866584697822,0.25984112739363124
resnet1d,1982,0.91844300278035218,0.10961991254624937,0.37352842246888662,0.077856552017107103,0.25992627629693449
resnet1d,1983,0.91890639481000924,0.10969910909396514,0.37367624810892591,0.077878399582204341,0.25998405124518548
resnet1d,1984,0.9193697868396663,0.10974462365591375,0.373991935483871,0.077912576401723818,0.26006887343770413
resnet1d,1985,0.91983317886932348,0.10975650713685957,0.3741393786733837,0.077930972301829146,0.26012009136172459
resnet1d,1986,0.92029657089898054,0.10986908358509545,0.37445451493789861,0.077979258086330841,0.26025766711353654
resnet1d,1987,0.9207599629286376,0.10998154672034871,0.37476933400436163,0.07801527173499391,0.26034931398541289
resnet1d,1988,0.92122335495829477,0.11002682763246123,0.37491616364855801,0.078056109867778736,0.26048327106389224
resnet1d,1989,0.92168674698795183,0.11010558069381576,0.37506284565108094,0.078095168473877222,0.26058914418943452
resnet1d,1990,0.92215013901760889,0.11011725293132306,0.37520938023450584,0.078118466726454075,0.26065431917865212
resnet1d,1991,0.92261353104726596,0.11012891344383036,0.37535576762096096,0.078157397189376643,0.26076025244040074
resnet1d,1992,0.92307692307692302,0.11014056224899575,0.37550200803212852,0.078170113794005333,0.26079952772238707
resnet1d,1993,0.9235403151065803,0.11021910018397703,0.37581535373808328,0.078220343976366555,0.26094003372279739
resnet1d,1994,0.92400370713623714,0.11029755934470054,0.37596121698428625,0.078276756942508616,0.26108173994464873
resnet1d,1995,0.92446709916589442,0.11037593984962384,0.37610693400167089,0.078323056503957947,0.26120358019839707
resnet1d,1996,0.92493049119555149,0.11055444221776863,0.37641950567802268,0.078418163409466876,0.26143777695104609
resnet1d,1997,0.92539388322520855,0.11069938240694351,0.37673176431313643,0.078480755792687693,0.26159951036874474
resnet1d,1998,0.92585727525486561,0.11081081081081057,0.37687687687687693,0.078514520430011878,0.26168856481512681
resnet1d,1999,0.92632066728452267,0.11088877772219419,0.37718859429714852,0.078556385682428717,0.26179106947494807
resnet1d,2000,0.92678405931417984,0.11099999999999977,0.3775,0.078577972759045989,0.26185035390801242
resnet1d,2001,0.9272474513438369,0.11104447776111921,0.3776445110777944,0.078617621701429358,0.26195190950239861
resnet1d,2002,0.92771084337349397,0.11118881118881095,0.37778887778887782,0.078697407451062698,0.26219340440618227
resnet1d,2003,0.92817423540315103,0.11119986686636689,0.37793310034947575,0.078737364101265944,0.2623034409170239
resnet1d,2004,0.9286376274328082,0.11121091151031247,0.37807717897538257,0.078733942467541174,0.26231079398307627
resnet1d,2005,0.92910101946246526,0.11128844555278446,0.37838736492103076,0.078781602057772224,0.26243974518181462
resnet1d,2006,0.92956441149212232,0.11136590229312038,0.37869724160850787,0.078826525894699365,0.26256253002680763
resnet1d,2007,0.93002780352177938,0.11150971599402067,0.37900680950008309,0.078867611622506495,0.26266042549326557
resnet1d,2008,0.93049119555143667,0.11148738379814051,0.37898406374501992,0.07887477488103975,0.26268902300431346
resnet1d,2009,0.93095458758109351,0.111498257839721,0.37912726066036173,0.078913355692858081,0.26279552121494326
resnet1d,2010,0.93141797961075079,0.11170812603648399,0.37943615257048097,0.079014928665356851,0.26307875186497881
resnet1d,2011,0.93188137164040763,0.11185148350737584,0.37974473727830266,0.07907535760116903,0.2632334178198204
resnet1d,2012,0.93234476367006491,0.11192842942345899,0.37988734261100071,0.079118343905429947,0.26334942575099179
resnet1d,2013,0.93280815569972197,0.11197218082463957,0.38019539658883916,0.079162793731351391,0.26353327096683699
resnet1d,2014,0.93327154772937904,0.11204899040052936,0.38033763654419062,0.079206426805645019,0.26364145987723359
resnet1d,2015,0.9337349397590361,0.11202646815550014,0.38031430934656746,0.079213913873184286,0.26367198138441822
resnet1d,2016,0.93419833178869327,0.11210317460317433,0.38045634920634913,0.079223282131777442,0.26370616279279996
resnet1d,2017,0.93466172381835033,0.11217980499091033,0.38059824822343419,0.079279140916480292,0.26384378438112971
resnet1d,2018,0.93512511584800739,0.11225635943178038,0.38074000660720192,0.07934948024408392,0.26404649927405854
resnet1d,2019,0.93558850787766445,0.11223377909856337,0.38071652633316821,0.079362143011788705,0.26408636883305453
resnet1d,2020,0.93605189990732163,0.11221122112211195,0.38069306930693064,0.079380647530681553,0.26414201723570219
resnet1d,2021,0.93651529193697869,0.11232063334982656,0.38099950519544779,0.079432529054193901,0.2642670486058496
resnet1d,2022,0.93697868396663575,0.11242993735575312,0.3813056379821958,0.079503701302517049,0.26444504427222132
resnet1d,2023,0.93744207599629281,0.11253913330037872,0.38161146811665841,0.079546201088343246,0.26455160556315227
resnet1d,2024,0.93790546802594987,0.11251646903820789,0.3815876152832674,0.079570809142509927,0.26462073532004615
resnet1d,2025,0.93836886005560716,0.11255967078189273,0.38172839506172834,0.079581116155641604,0.26465778042814309
resnet1d,2026,0.938832252085264,0.11270154656136859,0.38203356367226055,0.07963954839419736,0.2647956328136154
resnet1d,2027,0.93929564411492128,0.11274461437263579,0.38217398454201618,0.079643313411086381,0.26481828801547369
resnet1d,2028,0.93975903614457834,0.11285338593030873,0.38231426692965154,0.079701620952028429,0.2649663666659442
resnet1d,2029,0.9402224281742354,0.11289633645473934,0.38245441103992112,0.079736137269678417,0.26505418980300582
resnet1d,2030,0.94068582020389246,0.11303776683087001,0.38275862068965516,0.07978293722814328,0.26516694392477297
resnet1d,2031,0.94114921223354964,0.11301493517150803,0.38273428524536351,0.079787916427339609,0.26519227662967199
resnet1d,2032,0.9416126042632067,0.11302493438320182,0.38287401574803148,0.079804355880300049,0.26524081435360419
resnet1d,2033,0.94207599629286376,0.11316609280209844,0.38317757009345793,0.079878774313407994,0.26542381836647794
resnet1d,2034,0.94253938832252082,0.11327433628318556,0.38348082595870209,0.079938931752563794,0.26556829317847036
resnet1d,2035,0.94300278035217799,0.11334971334971307,0.38361998361998362,0.079997589459975718,0.26577739753625351
resnet1d,2036,0.94346617238183506,0.11349050425671224,0.38392272429600527,0.080054447931525843,0.26592741368303408
resnet1d,2037,0.94392956441149212,0.11353297332678748,0.38406152839142527,0.08008024142049612,0.26599727616583474
resnet1d,2038,0.94439295644114918,0.11354268891069648,0.38403663722603865,0.080093021148331944,0.26603767102611042
resnet1d,2039,0.94485634847080624,0.11355239496485177,0.38417524930521502,0.080102771522832752,0.26607508595074086
resnet1d,2040,0.94531974050046352,0.11366013071895398,0.3844771241830065,0.080133026612693711,0.26615259357566268
resnet1d,2041,0.94578313253012036,0.11373509717458734,0.38461538461538458,0.080167004915464662,0.26625425543194686
resnet1d,2042,0.94624652455977765,0.11371204701273234,0.38459027097616721,0.08016780272117395,0.26627242186082906
resnet1d,2043,0.94670991658943471,0.11378691466797165,0.38472834067547729,0.080190102168132632,0.266332624632313
resnet1d,2044,0.94717330861909177,0.11382909328114781,0.38486627527723422,0.080222666010734703,0.26641804142893782
resnet1d,2045,0.94763670064874883,0.11387123064384651,0.38500407497962508,0.080272423332261297,0.26655378736697211
resnet1d,2046,0.94810009267840589,0.11394591072010397,0.38530465949820786,0.08029808188307748,0.26662449462445603
resnet1d,2047,0.94856348470806306,0.1139228138739616,0.38527927047712102,0.080309316860261756,0.26666354521489505
resnet1d,2048,0.94902687673772013,0.11393229166666637,0.38541666666666669,0.080357628809563694,0.26678884835609751
resnet1d,2049,0.94949026876737719,0.11394176020823138,0.38539124776313649,0.080372216958324055,0.26683481357471811
resnet1d,2050,0.94995366079703425,0.11401626016260134,0.38552845528455287,0.080425344763933551,0.26698171409562116
resnet1d,2051,0.95041705282669142,0.11412319193889131,0.38582805135706161,0.080497299714694479,0.26715630311937844
resnet1d,2052,0.95088044485634848,0.11423001949317708,0.386127355425601,0.080544994042886509,0.26728182214767243
resnet1d,2053,0.95134383688600554,0.11433674297775583,0.38642636791686963,0.080609610889914987,0.26743903966886173
resnet1d,2054,0.95180722891566261,0.11437844855566344,0.38656280428432327,0.080647744956900788,0.26753529032942114
resnet1d,2055,0.95227062094531989,0.11445255474452525,0.38686131386861317,0.08071430837155745,0.26769458107150124
resnet1d,2056,0.95273401297497673,0.1145265888456547,0.38699740596627752,0.080769278244083351,0.2678315401003325
resnet1d,2057,0.95319740500463401,0.11456814130610893,0.3871333657429914,0.080786561276358471,0.26788457389938986
resnet1d,2058,0.95366079703429085,0.11464204729510823,0.38743116294136698,0.080815275945988987,0.2679587368118348
resnet1d,2059,0.95412418906394814,0.11468350331876286,0.38772867087582968,0.080846998438635395,0.26804263990823618
resnet1d,2060,0.9545875810936052,0.11472491909385084,0.38786407766990294,0.080867424403140667,0.2681012160291511
resnet1d,2061,0.95505097312326226,0.1148633349506709,0.38799935306485528,0.080941167990709287,0.26827717389823502
resnet1d,2062,0.95551436515291932,0.11490462334303235,0.38829615260265116,0.080986771696554868,0.26838705368959209
resnet1d,2063,0.95597775718257649,0.11501050250444306,0.38859266440458878,0.081025007602362392,0.2684839044660397
resnet1d,2064,0.95644114921223355,0.11511627906976712,0.38888888888888884,0.081054377298896432,0.26856228264365933
resnet1d,2065,0.95690454124189062,0.11518966908797386,0.38918482647296204,0.081075750000180982,0.26862186000705474
resnet1d,2066,0.95736793327154768,0.11526298806066441,0.3893191352049048,0.081105682967552051,0.26871600966456488
resnet1d,2067,0.95783132530120485,0.11543299467827739,0.38961457829382357,0.081143918864272344,0.26881548888209267
resnet1d,2068,0.95829471733086191,0.11553836234687266,0.3899097356544165,0.081195491087006785,0.26894972318009319
resnet1d,2069,0.95875810936051897,0.11567584984694668,0.39020460770098281,0.081231832862631553,0.26904331630031164
resnet1d,2070,0.95922150139017603,0.11574879227053107,0.39049919484702089,0.081270214573819125,0.26915333096980182
resnet1d,2071,0.9596848934198331,0.11588604538870079,0.39079349750523096,0.081311813110937561,0.26925685070528566
resnet1d,2072,0.96014828544949038,0.11589446589446557,0.39092664092664098,0.081338100907891189,0.26932857679871985
resnet1d,2073,0.96061167747914722,0.11599935680977617,0.39105965589323044,0.081390796145179842,0.26945932292496821
resnet1d,2074,0.9610750695088045,0.11603985856637705,0.39119254259080677,0.081433948133240175,0.26956737028756628
resnet1d,2075,0.96153846153846156,0.11617670682730891,0.39148594377510043,0.081526774938927848,0.26981755682335029
resnet1d,2076,0.96200185356811863,0.11631342324983911,0.39177906229929355,0.081590051574500194,0.26996962728288426
resnet1d,2077,0.96246524559777569,0.11648210560102679,0.39207189857165786,0.081666485931073188,0.27015921294873618
resnet1d,2078,0.96292863762743286,0.11655437921077927,0.3923644529996792,0.081669396199442426,0.27018205320492911
resnet1d,2079,0.96339202965708992,0.11662658329324964,0.3926567259900593,0.081700796801111183,0.27027235256531296
resnet1d,2080,0.96385542168674698,0.11669871794871761,0.39278846153846153,0.081756189351588973,0.27041975086112119
resnet1d,2081,0.96431881371640404,0.1167387473970844,0.3929200704789364,0.081814780109083954,0.27056636080151791
resnet1d,2082,0.96478220574606122,0.1167787383925709,0.39321165545949405,0.081865116400211921,0.27069092177054677
resnet1d,2083,0.96524559777571828,0.11672267562810017,0.39302288366138588,0.081870640240170253,0.2707191501104777
resnet1d,2084,0.96570898980537534,0.11682661548304508,0.39331413947536786,0.081895370974041426,0.27078668667420108
resnet1d,2085,0.9661723818350324,0.11677058353317311,0.39312549960031973,0.081910142097832747,0.270833802542707
resnet1d,2086,0.96663577386468946,0.11681048258229432,0.39309683604985618,0.08193754317106898,0.27091180075723686
resnet1d,2087,0.96709916589434675,0.1168822871745724,0.3933876377575467,0.081977638315277337,0.2710106046679413
resnet1d,2088,0.96756255792400359,0.11695402298850539,0.39367816091954017,0.082006080252089802,0.27108903892960473
resnet1d,2089,0.96802594995366087,0.11699377692675887,0.39396840593585453,0.082016734631564739,0.2711275593435612
resnet1d,2090,0.96848934198331793,0.1170972886762357,0.39409888357256778,0.082048478720373394,0.27121437636760964
resnet1d,2091,0.96895273401297499,0.11710505340347487,0.39422923641001112,0.082074798078623709,0.2712847556608049
resnet1d,2092,0.96941612604263205,0.11714467813894165,0.3943594646271511,0.082101891675933542,0.27136087386949487
resnet1d,2093,0.96987951807228912,0.11721611721611686,0.3944895684026119,0.082156705973884511,0.27149639939731379
resnet1d,2094,0.97034291010194629,0.11719197707736355,0.39446036294173831,0.082172100278307333,0.27154511915317786
resnet1d,2095,0.97080630213160335,0.11726332537788349,0.39459029435163084,0.082208519759828069,0.27164223029628437
resnet1d,2096,0.97126969416126041,0.11727099236641186,0.3947201017811704,0.082226568795910962,0.27169852367765107
resnet1d,2097,0.97173308619091747,0.11727865204260018,0.39484978540772531,0.082238246200443413,0.27173992522649265
resnet1d,2098,0.97219647822057464,0.11734985700667266,0.39497934540832541,0.082257693807262819,0.27179774890698166
resnet1d,2099,0.97265987025023171,0.11742099412418576,0.39526758774019372,0.082299464017336579,0.27190545397097715
resnet1d,2100,0.97312326227988877,0.11742857142857106,0.39539682539682541,0.082336207741866577,0.27200193231835751
resnet1d,2101,0.97358665430954583,0.11753133428526064,0.39568459463747424,0.082378206831164633,0.27210675514828447
resnet1d,2102,0.97405004633920311,0.11763399936568313,0.39597209007294643,0.082450705257372109,0.27230273580862818
resnet1d,2103,0.97451343836885995,0.11779996829925467,0.39625931209383419,0.082515825441773327,0.27246947208884414
resnet1d,2104,0.97497683039851724,0.11787072243345971,0.39638783269961975,0.082576810980896073,0.27262756587651382
resnet1d,2105,0.97544022242817408,0.11787806809184447,0.39651623119556612,0.082603820250018514,0.27270618735755686
resnet1d,2106,0.97590361445783136,0.11794871794871759,0.39664450775561888,0.082661745172780313,0.27285094743696131
resnet1d,2107,0.97636700648748842,0.11805094130675491,0.39693086536940364,0.082689003947693782,0.27292441495098391
resnet1d,2108,0.97683039851714548,0.11824794433902557,0.39721695129664769,0.082784745329548035,0.27316816744661493
resnet1d,2109,0.97729379054680254,0.11831831831831795,0.39750276592381856,0.082825647589810356,0.27327540152043728
resnet1d,2110,0.97775718257645972,0.11832543443917815,0.39747235387045809,0.082861752376730116,0.27337125280102592
resnet1d,2111,0.97822057460611678,0.1184272856466126,0.39775777672509083,0.0829233635733828,0.27356363084374125
resnet1d,2112,0.97868396663577384,0.11862373737373699,0.39804292929292928,0.083017124918195975,0.27381557318676952
resnet1d,2113,0.9791473586654309,0.11872535100173491,0.39832781195772204,0.083041623085790842,0.27388891603165627
resnet1d,2114,0.97961075069508807,0.1188584042888675,0.39861242510249134,0.083062296540865957,0.27394948238688022
resnet1d,2115,0.98007414272474513,0.11895981087470413,0.39889676910953509,0.083110014971359586,0.27407696664552145
resnet1d,2116,0.9805375347544022,0.11912413358538083,0.3991808443604285,0.083175934630876872,0.27426299663098036
resnet1d,2117,0.98100092678405948,0.11922531884742522,0.39946465123602581,0.083225838454475329,0.27438808573603746
resnet1d,2118,0.98146431881371632,0.11932640856153566,0.39974819011646207,0.083260873719311748,0.27448520031572232
resnet1d,2119,0.9819277108433736,0.11939594148183068,0.39987415447538149,0.083325650188884534,0.27465536232982651
resnet1d,2120,0.98239110287303044,0.11949685534591158,0.40015723270440251,0.083394471950561141,0.27482865635071313
resnet1d,2121,0.98285449490268773,0.11953481062391914,0.40044004400440047,0.083431068675170791,0.2749279191977585
resnet1d,2122,0.98331788693234479,0.11954131322651547,0.40056550424128184,0.083452593657089749,0.27499308559569052
resnet1d,2123,0.98378127896200185,0.11951640759930876,0.40053383576699636,0.083482718901979405,0.2750758539999843
resnet1d,2124,0.98424467099165891,0.11961707470182008,0.40081607030759575,0.083512391750461726,0.27516412448930166
resnet1d,2125,0.98470806302131608,0.11962352941176431,0.40094117647058819,0.083550659139200345,0.27526838705921147
resnet1d,2126,0.98517145505097314,0.11969269363436774,0.40122295390404511,0.083567548968993752,0.27532317755234159
resnet1d,2127,0.98563484708063021,0.11969910672308376,0.40134775113618554,0.083605927975073865,0.27542263187860283
resnet1d,2128,0.98609823911028727,0.11973684210526275,0.40147243107769426,0.083663625949599765,0.27556935517893993
resnet1d,2129,0.98656163113994444,0.11983716925003873,0.40175356192265538,0.08369460642260633,0.2756530814128661
resnet1d,2130,0.9870250231696015,0.11993740219092291,0.40187793427230045,0.083739632138000217,0.27578937626751193
resnet1d,2131,0.98748841519925856,0.12006882527764702,0.40215861098076022,0.083776133607220069,0.27588740526545386
resnet1d,2132,0.98795180722891562,0.12007504690431479,0.40228267667292061,0.083804528224299804,0.27596957098484731
resnet1d,2133,0.98841519925857269,0.12014377246444714,0.40256290045319582,0.083842785007098478,0.27606829646019815
resnet1d,2134,0.98887859128822997,0.12021243361449506,0.40284286160574823,0.083889325027341574,0.27618542276870073
resnet1d,2135,0.98934198331788681,0.12024980483996835,0.40312256049960965,0.083921221035743662,0.27627308916349785
resnet1d,2136,0.98980537534754409,0.12041198501872617,0.40340199750312111,0.084007337059152143,0.27647833546480155
resnet1d,2137,0.99026876737720115,0.1204492278895644,0.40352519107783497,0.084044218546146923,0.27657586914169369
resnet1d,2138,0.99073215940685821,0.12061116308076041,0.40380417835983784,0.084149609829178421,0.27684761585433276
resnet1d,2139,0.99119555143651528,0.12064827801153144,0.40408290478416703,0.084159707539327014,0.27688958662267443
resnet1d,2140,0.99165894346617234,0.12080996884735158,0.40436137071651085,0.084257995681677064,0.27713994824101046
resnet1d,2141,0.99212233549582951,0.12078468005604814,0.40432819554725202,0.084293317307062077,0.27723696949197502
resnet1d,2142,0.99258572752548657,0.12072829131652618,0.40413943355119825,0.084306801576883347,0.27728704488575234
resnet1d,2143,0.99304911955514363,0.12079639135168724,0.40441748327889249,0.084328763090310691,0.27735525000979461
resnet1d,2144,0.99351251158480069,0.12086442786069607,0.4045398009950249,0.084378294489846503,0.27748111220269073
resnet1d,2145,0.99397590361445787,0.12093240093240049,0.40481740481740486,0.084408757969587522,0.27756652845806323
resnet1d,2146,0.99443929564411493,0.12100031065548263,0.40478409443926688,0.08446908071194198,0.27772496023327736
resnet1d,2147,0.99490268767377199,0.12103710603943442,0.40490607048594934,0.084512059413364704,0.27783571059680612
resnet1d,2148,0.99536607970342905,0.12119801365611377,0.40518311607697083,0.084569230637549245,0.27798720209534578
resnet1d,2149,0.99582947173308634,0.1212967271599189,0.40530479292694271,0.084609308108602607,0.27809301925500263
resnet1d,2150,0.99629286376274317,0.12145736434108483,0.40558139534883719,0.084691934653632131,0.27831046148661365
resnet1d,2151,0.99675625579240046,0.12161785216178478,0.40585774058577412,0.084740073232018723,0.27843866888165403
resnet1d,2152,0.9972196478220573,0.12162329615861169,0.4059789343246592,0.084757817334790667,0.27849944153506717
resnet1d,2153,0.99768303985171458,0.121628735098312,0.40610001548227276,0.084799889688023711,0.27861522869050798
resnet1d,2154,0.99814643188137164,0.12169606932838085,0.4063757350665429,0.08483673979436808,0.27872038059214499
resnet1d,2155,0.9986098239110287,0.12176334106728492,0.40649651972157769,0.084873444930367595,0.27882405311563041
resnet1d,2156,0.99907321594068577,0.1218923933209643,0.40677179962894244,0.084924589105905238,0.27895973558935522
resnet1d,2157,0.99953660797034294,0.121990418791531,0.40689228867253902,0.084979220690669308,0.27910347877708558
resnet1d,2158,1,0.12215013901760845,0.40716713005869631,0.08504022062659293,0.27925655915822128
